id,rank,seconds,timestamp,heard,confidence,sources,in_window
0,1,8749,2:25:52,kavita raat supervisor Dr,97,youtube,True
0,2,10704,2:58:27,Adita Raat,93,whisper+youtube,True
0,3,19111,5:18:34,Isha Prasanth Kashikar,82,whisper+youtube,False
1,1,9563,2:39:26,Pranjal Khare,88,whisper+youtube,True
1,2,19211,5:20:14,Shams Shadan Khan,84,whisper+youtube,False
1,3,14789,4:06:32,Alina Khan,83,whisper+youtube,False
2,1,8824,2:27:07,Rosan Sures Raanu say,94,youtube,True
2,2,24884,6:54:47,Krishna Girdhari Bhawan,85,whisper+youtube,False
2,3,13026,3:37:09,Hushan Bhanna,81,whisper,False
3,1,19171,5:19:34,Anike Ranjan,76,whisper,False
3,2,11295,3:08:18,National Anthem,75,whisper,True
3,3,11175,3:06:18,national anthem,75,youtube,True
4,1,8857,2:27:40,Atul Barve,100,whisper+youtube,True
4,2,18682,5:11:25,block students who are standing at the,81,youtube,False
4,3,19831,5:30:34,Anshul Banke,78,whisper,False
5,1,8857,2:27:40,Amit Kumar Purohit,100,whisper+youtube,True
5,2,10162,2:49:25,Rohit Kumar,100,whisper+youtube,True
5,3,15750,4:22:33,Amit Kumar,100,youtube,False
6,1,8857,2:27:40,Kamiya Pithor De,100,whisper+youtube,True
6,2,18055,5:00:58,Arviyan Abhay Kumar Pachore,74,whisper,False
7,1,8920,2:28:43,Vikas paler,97,youtube,True
7,2,18948,5:15:51,Vikas Patak,88,youtube,False
7,3,19359,5:22:42,Prakhar Mishra,86,whisper+youtube,False
8,1,8945,2:29:08,Lakmi or Sures,95,youtube,True
8,2,26213,7:16:56,Kushi Ramesh Pandey,83,whisper+youtube,False
8,3,9064,2:31:07,Suresh,80,whisper,True
9,1,8956,2:29:19,Kisser Purusam Jada Supervisor Dr,92,youtube,True
9,2,23830,6:37:13,Jaya Mishra,84,whisper+youtube,False
9,3,19415,5:23:38,Jaya Dipti Mishra,84,whisper+youtube,False
10,1,8977,2:29:40,Pranita Desmok Supervisor Dr,94,youtube,True
10,2,22602,6:16:45,Pratam Prasad,92,whisper+youtube,False
10,3,10687,2:58:10,Pran Shu Chachan,90,whisper+youtube,True
11,1,16865,4:41:08,Anirut Shrivastava,98,whisper+youtube,False
11,2,17771,4:56:14,Ani Shrivastava,95,whisper,False
11,3,19803,5:30:06,Aditya Raj Shivasta,88,whisper+youtube,False
12,1,10973,3:02:56,Administration who have been duly,76,youtube,True
12,2,10817,3:00:20,technology who have been duly certified,76,youtube,True
12,3,10586,2:56:29,have been duly certified by VIT Bopal,76,youtube,True
13,1,9058,2:31:01,and mutaduan,73,whisper+youtube,True
13,2,26140,7:15:43,Anul Madan,68,whisper+youtube,False
13,3,27101,7:31:44,Marini Madan Moan Naidu,63,youtube,False
14,1,9064,2:31:07,Panchana Sivakumar,100,whisper+youtube,True
14,2,27438,7:37:21,Ananya Sharma,83,whisper+youtube,False
14,3,22758,6:19:21,Shivam Chandanda,80,youtube,False
15,1,9064,2:31:07,Supervisor Siddharth Maithi Mohan Lal,100,whisper+youtube,True
15,2,10527,2:55:30,Mohun Lal,95,whisper,True
15,3,14949,4:09:12,Mayank Khan Pal,83,whisper+youtube,False
16,1,9089,2:31:32,Suman Arvindrao,100,whisper+youtube,True
16,2,21735,6:02:18,Susant Sharma,91,whisper+youtube,False
16,3,27151,7:32:34,Man Sharma,82,youtube,False
17,1,9089,2:31:32,Parimala,85,whisper+youtube,True
17,2,14878,4:08:01,Raj Parma,73,whisper,False
17,3,29659,8:14:22,as it's a partial,73,youtube,False
18,1,9123,2:32:06,Neeraj Sharma,100,whisper+youtube,True
18,2,10345,2:52:28,Manjari Sarma,81,whisper,True
18,3,12468,3:27:51,Netya Dharmesh Kumar Shah,79,whisper,False
19,1,9123,2:32:06,Sangram Sanjay Rao,100,whisper+youtube,True
19,2,27438,7:37:21,Ananya Sharma,85,whisper+youtube,False
19,3,31841,8:50:44,Dan Shagraal,84,youtube,False
20,1,9158,2:32:41,Pawan Maheta,94,whisper+youtube,True
20,2,12266,3:24:29,Mahar Panami,83,whisper+youtube,False
20,3,19153,5:19:16,Patan Chetan Prakash,82,whisper,False
21,1,9158,2:32:41,Aniru Suprakas,94,whisper+youtube,True
21,2,31494,8:44:57,Shri Prakash Mandhani,91,whisper+youtube,False
21,3,31432,8:43:55,Anjila Prashad Nayar,83,whisper,False
22,1,9187,2:33:10,Amruta Mayur Prasadkar,100,whisper+youtube,True
22,2,28692,7:58:15,Asmita Sarkar,83,whisper,False
22,3,28840,8:00:43,Ar chakraarti,76,youtube,False
23,1,9187,2:33:10,Guravalli Jyoti,88,whisper+youtube,True
23,2,28341,7:52:24,Johi,72,youtube,False
23,3,27939,7:45:42,Joti,72,youtube,False
24,1,22428,6:13:51,Karthik Krishna Devi,96,whisper,False
24,2,9218,2:33:41,Dev Esavar Keevi,91,whisper,True
24,3,20674,5:44:37,Krishna Sharma,88,youtube,False
25,1,9218,2:33:41,Maya Mansari,98,whisper+youtube,True
25,2,14949,4:09:12,Modit Mayank Mishra,84,whisper,False
25,3,20372,5:39:35,Mayang Mishra,84,youtube,False
26,1,29376,8:09:39,Palavi Mohan,82,whisper+youtube,False
26,2,9266,2:34:29,Pallavi,80,whisper,True
26,3,22850,6:20:53,Anima Vishwanath Pal,74,whisper+youtube,False
27,1,9266,2:34:29,Dharmendra Kumar,100,whisper,True
27,2,12468,3:27:51,Netya Dharmesh Kumar Shah,94,whisper,False
27,3,26381,7:19:44,Adash Kumar Bharma,89,youtube,False
28,1,9297,2:35:00,Priyank Neema,100,whisper+youtube,True
28,2,10405,2:53:28,Priya Varma,79,whisper,True
28,3,25077,6:58:00,Priyanka,78,whisper,False
29,1,24479,6:48:02,Ashutosh Koshwaha,92,whisper+youtube,False
29,2,9297,2:35:00,Asu Tos Kanna,89,whisper,True
29,3,10684,2:58:07,Pran Shush Chachan,82,whisper+youtube,True
30,1,10308,2:51:51,Tulsi Sipure,72,whisper+youtube,True
30,2,9327,2:35:30,Tau Singh,71,whisper,True
30,3,20653,5:44:16,Tas,69,youtube,False
31,1,9353,2:35:56,Abra Yakub supervisor Dr,86,youtube,True
31,2,12486,3:28:09,Amrath Aloo,74,whisper,False
31,3,13125,3:38:48,aba,71,youtube,False
32,1,9369,2:36:12,science civumar Singh,97,whisper+youtube,True
32,2,12976,3:36:19,Kuldeep Singh Shekhaworth,100,whisper+youtube,False
32,3,24804,6:53:27,Riya Shkumar Singh,97,whisper,False
33,1,9385,2:36:28,Prahar Ajith Pai,100,whisper+youtube,True
33,2,8859,2:27:42,Puspender Singh Pa V Ait Kumar Puroit,92,youtube,True
33,3,19152,5:19:15,Patil Chaitan Prakash,88,youtube,False
34,1,9385,2:36:28,Sambhavi Awasi,94,whisper,True
34,2,22055,6:07:38,Akash Sharma,88,whisper+youtube,False
34,3,15068,4:11:11,Kashi Sharma,87,whisper+youtube,False
35,1,9422,2:37:05,Bangika Sharma,94,whisper+youtube,True
35,2,24379,6:46:22,Anamika Sharma,94,whisper+youtube,False
35,3,13858,3:51:01,Anikesh Sharma,93,whisper+youtube,False
36,1,21177,5:53:00,Mohak Nithin Gopali,77,whisper+youtube,False
36,2,9420,2:37:03,Mokh Sati,74,whisper,True
36,3,23311,6:28:34,Raveen Mohan,69,whisper,False
37,1,9451,2:37:34,Rahul,85,whisper+youtube,True
37,2,20696,5:44:59,Raul Nidhi,88,youtube,False
37,3,12667,3:31:10,Prahu naman,88,whisper+youtube,False
38,1,13402,3:43:25,Suman Kumar Mishra,89,whisper,False
38,2,31439,8:44:02,Nitan Kumar Mishra,89,youtube,False
38,3,30964,8:36:07,Alo Kumar Mishra,89,youtube,False
39,1,28182,7:49:45,Abhinasa Dash,90,whisper+youtube,False
39,2,22163,6:09:26,Apex Aryan Das,88,whisper,False
39,3,10883,3:01:26,Patel Guru Das Rajendra,86,whisper+youtube,True
40,1,9477,2:38:00,Ramanuj Sardha,100,whisper+youtube,True
40,2,12719,3:32:02,Aman Sharma,95,whisper+youtube,False
40,3,31759,8:49:22,Shashan Raman,93,whisper+youtube,False
41,1,31997,8:53:20,Sharanya Basar,96,whisper,False
41,2,9499,2:38:22,Sarah Basak,88,youtube,True
41,3,14077,3:54:40,Boyr Chaitanya Baal Krishna,82,whisper,False
42,1,13456,3:44:19,Malan Seat,86,whisper,False
42,2,9513,2:38:36,Mayang Sait,80,whisper,True
42,3,9611,2:40:14,Saganika Sen,80,whisper+youtube,True
43,1,9534,2:38:57,Aditya Dinesh,100,whisper+youtube,True
43,2,13544,3:45:47,Aditya Joshi,100,whisper+youtube,False
43,3,21653,6:00:56,Aditya Radeesh,85,whisper,False
44,1,9548,2:39:11,Radha Gaurwal,93,whisper,True
44,2,25161,6:59:24,Franchial Agrawal,86,whisper,False
44,3,14139,3:55:42,Amar Roha,83,whisper+youtube,False
45,1,9563,2:39:26,Pranjal Khare,100,whisper+youtube,True
45,2,12625,3:30:28,Prana Kumar,90,whisper+youtube,False
45,3,12344,3:25:47,Pranchal Bharga,86,whisper+youtube,True
46,1,9575,2:39:38,e-commerce technology proful firstal,90,whisper+youtube,True
46,2,24710,6:51:53,Paraf Faras Prahib,81,youtube,False
46,3,25161,6:59:24,Pranchul Agraal,80,youtube,False
47,1,23780,6:36:23,Aayush Sharma,100,whisper+youtube,False
47,2,24063,6:41:06,Arush Sharma,97,whisper+youtube,False
47,3,15068,4:11:11,Kashi Sharma,96,whisper+youtube,False
48,1,9600,2:40:03,Samridi Sharma,99,whisper+youtube,True
48,2,24043,6:40:46,Sambi Sharma,92,whisper,False
48,3,18387,5:06:30,Shandhi Sharma,90,whisper,False
49,1,9611,2:40:14,Sagnik Sen,100,whisper+youtube,True
49,2,9898,2:45:01,Asena Sakina second rank,90,whisper+youtube,True
49,3,10073,2:47:56,Second Rank,85,whisper+youtube,True
50,1,9611,2:40:14,Ruchi Vora,97,whisper,True
50,2,16726,4:38:49,Rucha,74,youtube,False
50,3,22617,6:17:00,Sachi Bhan Bhara,73,youtube,False
51,1,9627,2:40:30,Deepanksu Srivastava,100,whisper+youtube,True
51,2,31931,8:52:14,Uttar deep shivasa,90,youtube,False
51,3,17541,4:52:24,Dean Shuas,81,youtube,False
52,1,23154,6:25:57,Miss Shah Krishi,95,whisper+youtube,False
52,2,9656,2:40:59,Saho Priyangsi,90,whisper+youtube,True
52,3,10684,2:58:07,Pran Shush Chachan,89,whisper+youtube,True
53,1,9674,2:41:17,Rohar Nidhi Santosh,100,whisper+youtube,True
53,2,29924,8:18:47,Nithya Santosh,88,whisper,False
53,3,31288,8:41:31,Rdra Kanesh Singh,83,whisper+youtube,False
54,1,10697,2:58:20,Daniel,85,whisper+youtube,True
54,2,9689,2:41:32,Daniel,85,whisper+youtube,True
54,3,14376,3:59:39,Danish Ansari,85,whisper+youtube,False
55,1,9694,2:41:37,Gaurav Panigrayi,93,whisper,True
55,2,13560,3:46:03,Anish Kumar Gupta,79,whisper+youtube,False
55,3,25015,6:56:58,Pranau Gutta,78,whisper+youtube,False
56,1,8859,2:27:42,Puspender Singh Pa V Ait Kumar Puroit,94,whisper+youtube,True
56,2,9706,2:41:49,Puni Singh,91,whisper,True
56,3,15356,4:15:59,Patender Singh,89,youtube,False
58,1,23192,6:26:35,Miss Datri Matipal Subhash,78,whisper+youtube,False
58,2,13085,3:38:08,Shikhar Shuvastava,72,whisper+youtube,False
58,3,14095,3:54:58,Subham Kumar,69,whisper,False
59,1,9763,2:42:46,and arpit string second rank,97,whisper+youtube,True
59,2,12900,3:35:03,Arshit Singh,98,whisper+youtube,False
59,3,23465,6:31:08,Adit Singh,95,whisper+youtube,False
60,1,21689,6:01:32,Tatish Aknurwar Koshantiv,82,whisper,False
60,2,20761,5:46:04,Anish Kukaka,82,whisper,False
60,3,12180,3:23:03,tanish,78,youtube,True
61,1,27663,7:41:06,Nari Sarah Chandra Narayana Rao,89,whisper+youtube,False
61,2,16676,4:37:59,Ashwari Anand Naidu,88,youtube,False
61,3,9837,2:44:00,Agni Hutri Ahira Anan,85,whisper+youtube,True
62,1,9802,2:43:25,Abhay Kumar Devedi,100,whisper+youtube,True
62,2,14376,3:59:39,Abhay Kumar,100,whisper,False
62,3,18055,5:00:58,Arviyan Abhay Kumar Pachore,100,whisper,False
63,1,9814,2:43:37,Devangana Sujay,100,whisper+youtube,True
63,2,13793,3:49:56,Khandre Devans Vijay,86,whisper+youtube,False
63,3,9154,2:32:37,Sanra Sanjay Dang Supervisor Dr,85,whisper+youtube,True
64,1,9837,2:44:00,Agni Hutri Ahira Anan,100,whisper+youtube,True
64,2,21246,5:54:09,Adhira Singh Raat,84,youtube,False
64,3,10918,3:02:01,Lavanya Bashira in absentia for the awards of,84,whisper+youtube,True
65,1,9847,2:44:10,Saskatriti sena,86,whisper+youtube,True
65,2,26385,7:19:48,Jasper Singh Sandhu,90,whisper+youtube,False
65,3,31574,8:46:17,Shruti Singh,86,whisper,False
66,1,9857,2:44:20,Syed Merin Babu,93,whisper+youtube,True
66,2,13456,3:44:19,Manan said,84,youtube,False
66,3,23283,6:28:06,Sheh Saniya Meh,83,whisper,False
67,1,9869,2:44:32,Lakshmi Saloni,100,whisper+youtube,True
67,2,10746,2:59:09,Ashi Solani,89,whisper+youtube,True
67,3,29482,8:11:25,Sana Yasmin,82,whisper+youtube,False
68,1,9896,2:44:59,Asena Saksena,90,whisper+youtube,True
68,2,29482,8:11:25,Sana Yasmin,88,whisper+youtube,False
68,3,12069,3:21:12,Aran Sakena,83,youtube,True
69,1,9908,2:45:11,Timran Nair,99,whisper+youtube,True
69,2,27663,7:41:06,Nari Sarah Chandra Narayana Rao,83,youtube,False
69,3,9788,2:43:11,Nair,80,whisper,True
70,1,9927,2:45:30,Prabhat Raj,100,whisper+youtube,True
70,2,13634,3:47:17,Mati Raj Prashan,93,whisper,False
70,3,10833,3:00:36,Rahul Raj,89,whisper+youtube,True
71,1,29424,8:10:27,Amit Gunjan Jha,88,whisper,False
71,2,16438,4:34:01,Rishi Jha,87,youtube,False
71,3,13877,3:51:20,or Sri Krishna Kashab,86,whisper+youtube,False
72,1,28080,7:48:03,Shashank Anand Ashin Ny,100,whisper+youtube,False
72,2,23717,6:35:20,Aryan Ashish,93,whisper+youtube,False
72,3,24761,6:52:44,Miss Ashish as Pasad,92,whisper+youtube,False
73,1,9955,2:45:58,Dhruv Gahoy,96,whisper,True
73,2,20246,5:37:29,Ah,64,youtube,False
73,3,30147,8:22:30,Adhiruchi,60,youtube,False
74,1,19111,5:18:34,Isha Prasanth Kashikar,93,whisper+youtube,False
74,2,18728,5:12:11,Diksha Kushwa,88,whisper+youtube,False
74,3,22428,6:13:51,Karthik Krishna Devi,85,whisper+youtube,False
75,1,9985,2:46:28,Subhum Agarwal,100,whisper+youtube,True
75,2,26177,7:16:20,Sneha Agarwal,92,whisper+youtube,False
75,3,31468,8:44:31,Suman Sagar,83,whisper+youtube,False
76,1,23559,6:32:42,Harsh Ranjan,98,whisper+youtube,False
76,2,15120,4:12:03,Patel Harsh Rajendra,98,whisper+youtube,False
76,3,10011,2:46:54,Hurse Raj,88,youtube,True
77,1,10029,2:47:12,Sriya Sahu,92,youtube,True
77,2,18829,5:13:52,Shrey Anshu Balerji,88,whisper,False
77,3,17623,4:53:46,Devia Anzel Rahul Sharma,85,whisper+youtube,False
78,1,10041,2:47:24,Adita Rajkumar,100,whisper+youtube,True
78,2,28927,8:02:10,Aditya Raj Singh,98,whisper+youtube,False
78,3,19803,5:30:06,Aditya Raj Shivasta,98,whisper+youtube,False
79,1,10061,2:47:44,Karthikya Abhissegarma,82,whisper,True
79,2,27516,7:38:39,Yash Vishal Rajkotiya,80,whisper,False
79,3,24307,6:45:10,Karthik M,74,youtube,False
80,1,10073,2:47:56,Nisan Kumar,100,whisper+youtube,True
80,2,19275,5:21:18,Nishant Kumar,100,whisper+youtube,False
80,3,20330,5:38:53,Nishant Kumar,100,whisper+youtube,False
81,1,10084,2:48:07,Amardip Kumar,96,whisper,True
81,2,31665,8:47:48,Aman Kumar Anil Verma,95,whisper+youtube,False
81,3,27970,7:46:13,Aman Kumar Singh,95,whisper+youtube,False
82,1,10904,3:01:47,Vani Shagarwal,95,whisper+youtube,True
82,2,10104,2:48:27,Abhni Agarwal,93,whisper+youtube,True
82,3,13508,3:45:11,Anish Agarwal,93,whisper+youtube,False
83,1,10116,2:48:39,Manoj,85,whisper+youtube,True
83,2,21712,6:01:55,Manoj Kumar Pradhan,85,whisper+youtube,False
83,3,19462,5:24:25,Kotari Sujul Manoj,85,whisper+youtube,False
84,1,10139,2:49:02,Somia nigum,96,whisper+youtube,False
84,2,16261,4:31:04,Somia,73,youtube,False
84,3,12216,3:23:39,Samyam G,67,youtube,False
85,1,12226,3:23:49,Disha Gupta Shivani Patel,100,whisper,False
85,2,10154,2:49:17,Sivwani Gupta,100,whisper+youtube,False
85,3,27591,7:39:54,Siman Gupta Now,96,whisper+youtube,False
86,1,24941,6:55:44,Rohit Kumar,100,whisper+youtube,False
86,2,28815,8:00:18,Aditya Kumar Sahu,100,whisper+youtube,False
86,3,10162,2:49:25,Rohit Kumar,100,whisper+youtube,False
87,1,16907,4:41:50,Shri Pati Vaibhav Maitre,98,whisper,False
87,2,15001,4:10:04,Vishwam Samir Kumar Patel,87,whisper+youtube,False
87,3,21005,5:50:08,Atharva Patel,81,whisper,True
88,1,21931,6:05:34,Mohit Sharma,85,whisper+youtube,True
88,2,21084,5:51:27,Mohit Manu,80,youtube,True
88,3,10189,2:49:52,Mohit,80,whisper,False
89,1,26292,7:18:15,Aman Agarwal,93,whisper+youtube,False
89,2,31538,8:45:41,Aman,80,youtube,False
89,3,20271,5:37:54,Mahamodhya Amartya Singh,79,whisper+youtube,True
90,1,10214,2:50:17,Neha Saho,94,whisper,False
90,2,28161,7:49:24,Rohan Sahu,87,whisper+youtube,True
90,3,12634,3:30:37,Saurav Jha,81,whisper+youtube,False
91,1,9837,2:44:00,Agni Hutri Ahira Anan,91,whisper+youtube,False
91,2,30122,8:22:05,Anand R,85,whisper+youtube,True
91,3,27439,7:37:22,Ana Sharma,82,whisper+youtube,True
92,1,16865,4:41:08,Anirut Shrivastava,94,whisper+youtube,False
92,2,31979,8:53:02,Yasheshweta Shri Vashthal,85,whisper,False
92,3,15088,4:11:31,Anushka Shir Saga,84,youtube,False
93,1,10252,2:50:55,E-commerce Technology Prahep Oja,91,youtube,False
93,2,26828,7:27:11,Prasend Oja,87,youtube,True
93,3,23311,6:28:34,Raveen Mohan,76,whisper,False
94,1,10263,2:51:06,E-commerce Technology Ronok Nag Today,91,youtube,False
94,2,19219,5:20:22,Ronit Kumar Mandal,83,whisper+youtube,False
94,3,22803,6:20:06,Arnav Narendra,82,whisper+youtube,False
95,1,19324,5:22:07,Shashi Kumar Yadav,86,youtube,False
95,2,28927,8:02:10,Aditya Raj Singh,78,whisper+youtube,True
95,3,17653,4:54:16,Yavrat Singh Pushwal,78,whisper,False
96,1,10293,2:51:36,Mukesh Lothi,100,whisper+youtube,False
96,2,27202,7:33:25,MKkesh,72,youtube,True
96,3,24343,6:45:46,Shaksham Opadhai,71,youtube,True
97,1,12226,3:23:49,Disha Gupta Shivani Patel,92,whisper+youtube,False
97,2,22850,6:20:53,Miss Sahima Vishuvat Pal,89,youtube,False
97,3,18543,5:09:06,Shivam Patel,88,whisper+youtube,False
98,1,30430,8:27:13,Ashish Kumar,100,whisper+youtube,False
98,2,21924,6:05:27,Vrishti Nainesh Kumar Patel,100,whisper+youtube,False
98,3,15001,4:10:04,Vishwam Samir Kumar Patel,100,whisper+youtube,False
99,1,10308,2:51:51,Tulsi Sipure,100,whisper+youtube,False
99,2,30166,8:22:49,Kushi Shivare,88,whisper+youtube,False
99,3,18318,5:05:21,Kushi,59,youtube,False
100,1,10308,2:51:51,Manis Rana,100,whisper+youtube,False
100,2,28270,7:51:13,Ana Mishra,86,youtube,False
100,3,23506,6:31:49,Miss Ana,85,youtube,False
101,1,22479,6:14:42,Anubhab Kushwaha,91,whisper+youtube,True
101,2,12468,3:27:51,Netya Dharmesh Kumar Shah,83,whisper,False
101,3,18975,5:16:18,Webha Shwasta,78,whisper,False
102,1,10345,2:52:28,Ajay Bissagarma,89,whisper,False
102,2,23830,6:37:13,Jaya Mishra,81,whisper+youtube,True
102,3,31385,8:43:08,Aayush Vishu Karma,80,youtube,False
103,1,10345,2:52:28,Manjari Sarma,100,whisper+youtube,False
103,2,27151,7:32:34,Man Sharma,93,youtube,True
103,3,24379,6:46:22,Anamika Sharma,91,whisper+youtube,True
104,1,10382,2:53:05,Lalit Sahu,100,whisper+youtube,False
104,2,16705,4:38:28,Sahu,80,youtube,False
104,3,10216,2:50:19,Sahu,80,youtube,False
105,1,10393,2:53:16,AUS Bilore,97,whisper+youtube,False
105,2,15142,4:12:25,if you will push from there,80,whisper+youtube,False
105,3,26004,7:13:27,Ich wollte ja nicht gleich mal aussehen,72,whisper,True
106,1,10407,2:53:30,Tanu Tonmar,100,whisper+youtube,False
106,2,11005,3:03:28,I call upon the graduates to stand up,86,whisper+youtube,False
106,3,12643,3:30:46,Kumar Tanmay,83,whisper+youtube,False
107,1,10405,2:53:28,Priya Varma,94,whisper,False
107,2,16282,4:31:25,Ria Verhma,86,youtube,False
107,3,9297,2:35:00,Priyank Neema,84,whisper,False
108,1,10428,2:53:51,Punam Takur,100,whisper+youtube,False
108,2,24857,6:54:20,Ali Akbar Punala,85,whisper+youtube,True
108,3,14421,4:00:24,Shar pandem,76,youtube,False
109,1,10437,2:54:00,Sur of Sastava,82,youtube,False
109,2,12569,3:29:32,Saurav Shuvasto,79,whisper,False
109,3,13877,3:51:20,or Sri Krishna Kashab,77,youtube,False
110,1,10449,2:54:12,Sarans Gupta Huh?,99,whisper+youtube,False
110,2,22569,6:16:12,Aman Gupta,90,whisper+youtube,True
110,3,13974,3:52:57,Arn Gupta,90,youtube,False
111,1,14376,3:59:39,Harsh Pratap Singh,100,whisper+youtube,True
111,2,20351,5:39:14,Akand Pratap Singh,100,whisper,False
111,3,22502,6:15:05,Aditya Pratap Singh,100,whisper+youtube,False
112,1,14053,3:54:16,Garas Sanjana,94,whisper+youtube,True
112,2,9123,2:32:06,Sangram Sanjay Rao,92,whisper+youtube,False
112,3,13165,3:39:28,Sharan Sanas,84,whisper,True
113,1,15097,4:11:40,Preca Vas,89,whisper+youtube,True
113,2,12088,3:21:31,Priyam,80,youtube,True
113,3,10405,2:53:28,Priya Varma,80,whisper,True
114,1,19833,5:30:36,adita shasta,96,whisper+youtube,False
114,2,12106,3:21:49,Aditi Sharma,95,youtube,True
114,3,21625,6:00:28,Aryan Sharma,92,whisper+youtube,False
116,1,13560,3:46:03,Anish Kumar Gupta,100,whisper+youtube,True
116,2,17947,4:59:10,Anish Kumar Jaisman,100,whisper+youtube,False
116,3,28773,7:59:36,Manish Kumar Bhivan,97,whisper+youtube,False
117,1,12079,3:21:22,Satwig Gupta,92,youtube,True
117,2,23746,6:35:49,Sarthak Das Gupta,90,whisper,False
117,3,12756,3:32:39,Shruti Gupta,88,whisper+youtube,True
118,1,14594,4:03:17,Arab Saxena,96,whisper+youtube,True
118,2,12069,3:21:12,Aran Sakena,93,youtube,True
118,3,13165,3:39:28,Sharan Sanas,84,whisper,True
119,1,14347,3:59:10,Gupta,80,youtube,True
120,1,12279,3:24:42,Chattakshi Tubeh,75,whisper,True
121,1,21836,6:03:59,Patan Adher Hussain Khan,87,whisper+youtube,False
121,2,9898,2:45:01,Asena Sakina second rank,85,whisper+youtube,False
121,3,10867,3:01:10,MD Aidali,82,youtube,True
122,1,12294,3:24:57,Aayesh Kant Ray,88,youtube,True
122,2,14332,3:58:55,Ayush Raj,87,whisper,True
122,3,10847,3:00:50,Anushuman Raj,86,whisper,True
123,1,31665,8:47:48,Aman Kumar Anil Verma,89,whisper,False
123,2,10904,3:01:47,Aryan Vinay Vaja,74,whisper,True
123,3,14422,4:00:25,Aditya Vikram Singh,72,whisper,True
124,1,12158,3:22:41,Pratika Desher,92,youtube,True
124,2,13429,3:43:52,Pratik Raj Mishra,83,whisper+youtube,True
124,3,13324,3:42:07,Yuktika Mishra,81,whisper+youtube,True
125,1,24053,6:40:56,Tanisha Yadav,92,whisper+youtube,False
125,2,12554,3:29:17,Abhay Yadav,92,whisper+youtube,True
125,3,26134,7:15:37,Ashkat Aadia,84,youtube,False
126,1,12166,3:22:49,Rachi ta,89,youtube,True
126,2,14673,4:04:36,take their place,78,youtube,True
126,3,26011,7:13:34,Das sind wir nach Hause,74,whisper,False
127,1,12226,3:23:49,Disha Gupta Shivani Patel,100,whisper+youtube,True
127,2,18543,5:09:06,Shivam Patel,100,whisper+youtube,False
127,3,15052,4:10:55,Vishwan Samir Kumar Patel,92,whisper+youtube,True
128,1,12333,3:25:36,Sha Singh,99,whisper+youtube,True
128,2,24462,6:47:45,Shuk Pradab Singh,95,whisper+youtube,False
128,3,31574,8:46:17,Shuty Singh,93,youtube,False
129,1,12226,3:23:49,Disha Gupta Shivani Patel,100,whisper+youtube,True
129,2,13093,3:38:16,Risha Gupta,98,whisper+youtube,True
129,3,29084,8:04:47,Amisha Gupta,96,whisper+youtube,False
130,1,17607,4:53:30,Lakshi Shvastav,94,whisper+youtube,False
130,2,16943,4:42:26,Kalash Shrivastava,91,whisper,False
130,3,13877,3:51:20,or Sri Krishna Kashab,86,whisper+youtube,True
131,1,14053,3:54:16,Garas Sanjana,89,whisper+youtube,True
131,2,23214,6:26:57,Gauri Shankar,80,whisper,False
131,3,15449,4:17:32,Are you succ Santa,80,youtube,True
132,1,17623,4:53:46,Devia Anzel Rahul Sharma,82,whisper,False
132,2,14103,3:55:06,Ria Sat Deva,82,whisper,True
132,3,25345,7:02:28,Ich bin der Herr Franchumann,77,whisper,False
133,1,15107,4:11:50,a Singh Raat,100,whisper+youtube,True
133,2,28195,7:49:58,Aryan Singh Omrakash,100,whisper+youtube,False
133,3,20379,5:39:42,Aryan Singh Rathur,100,whisper+youtube,False
134,1,24966,6:56:09,Chidej Kumar Shivas,100,whisper+youtube,False
134,2,14128,3:55:31,Shivangi Kumar,100,whisper+youtube,True
134,3,12205,3:23:28,sham kumar kashab,96,youtube,True
135,1,12250,3:24:13,Radhika Bhasin,100,whisper+youtube,True
135,2,22417,6:13:40,Miss Harika Sun Bha,83,youtube,False
135,3,12354,3:25:57,Redhima Bhame,81,whisper,True
136,1,13056,3:37:39,Adit Paul,100,whisper+youtube,True
136,2,28095,7:48:18,Aditya Rajiv Patil,96,whisper+youtube,False
136,3,14878,4:08:01,Aslita Pal,92,whisper+youtube,True
137,1,12370,3:26:13,Chirak Sharma,100,whisper+youtube,True
137,2,23677,6:34:40,Chira Sharma,98,youtube,False
137,3,9139,2:32:22,Nira Sharma Dr,88,youtube,False
138,1,12408,3:26:51,Rishita Aurora,100,whisper+youtube,True
138,2,22236,6:10:39,Rishab Kabra,87,whisper+youtube,False
138,3,28211,7:50:14,Risha Barua,84,youtube,False
139,1,12687,3:31:30,Meet Bhuva,100,whisper+youtube,True
139,2,15199,4:13:22,expected to behave,74,youtube,True
139,3,10581,2:56:24,Beha,64,youtube,True
140,1,12420,3:27:03,Krishna Gar,100,whisper+youtube,True
140,2,13877,3:51:20,Ar Sri Krishna Kasiad,97,whisper+youtube,True
140,3,13625,3:47:08,Part Krishna,83,youtube,True
141,1,12412,3:26:55,Asmi Wats,97,whisper+youtube,True
141,2,11104,3:05:07,as chancellor of VIT BAL University,81,youtube,True
141,3,13926,3:52:09,Pishan Amritsri Vastam,79,whisper,True
142,1,12427,3:27:10,Satya Sovan Rao,100,whisper,True
142,2,21995,6:06:38,Satyam Shivam,90,whisper+youtube,False
142,3,12562,3:29:25,Ruthvik Sanjay,82,whisper+youtube,True
143,1,12393,3:26:36,Janmejay Mishra,98,whisper,True
143,2,19416,5:23:39,Jay Mishra,96,whisper+youtube,False
143,3,23996,6:39:59,Miss Ana Jan,83,youtube,False
144,1,12438,3:27:21,Mahindra Dhani,99,whisper+youtube,True
144,2,17731,4:55:34,Ani Shridhar,85,whisper,False
144,3,25920,7:12:03,Dhanish Mahajan,84,youtube,False
145,1,12446,3:27:29,Abhira Divedi,93,whisper+youtube,True
145,2,12847,3:34:10,Privedi Nopur Vijay,80,whisper+youtube,True
145,3,29990,8:19:53,Sara Joby David,79,whisper+youtube,False
146,1,12460,3:27:43,Manav Harish Bhai Patel,100,whisper+youtube,True
146,2,28026,7:47:09,Manav Naresh Patil,100,whisper+youtube,False
146,3,15120,4:12:03,Patel Harsh Rajendra,94,whisper,True
147,1,12719,3:32:02,Aman Sharma,100,whisper+youtube,True
147,2,21625,6:00:28,Aryan Sharma,95,whisper+youtube,False
147,3,24379,6:46:22,Anamika Sharma,95,whisper+youtube,False
148,1,12475,3:27:58,Namrata Bhutani,100,whisper+youtube,True
148,2,12605,3:30:08,Patel Bhavin Bharat,79,whisper,True
148,3,21872,6:04:35,Bidhan Mana,77,youtube,False
149,1,12495,3:28:18,Kabir Ashikali Saptyani,100,whisper+youtube,True
149,2,10746,2:59:09,Ashi Solani,88,whisper+youtube,True
149,3,25869,7:11:12,Asharia sayati,84,youtube,False
150,1,12510,3:28:33,Tiwari Parth Anand,100,whisper+youtube,True
150,2,24605,6:50:08,Sanjana Tiwari,90,whisper,False
150,3,16676,4:37:59,Ashwari Anand Naidu,87,youtube,False
151,1,31665,8:47:48,Aman Kumar Anil Verma,100,whisper+youtube,False
151,2,28917,8:02:00,Aman Deep Singh,100,whisper,False
151,3,28219,7:50:22,Aman Kumar Raai,100,whisper+youtube,False
152,1,12531,3:28:54,Webhav Jindal,92,whisper+youtube,True
152,2,12594,3:29:57,Aviral Jind,80,whisper,True
152,3,13065,3:37:48,Mani Anish Jitendra,77,whisper,True
153,1,12538,3:29:01,Nandini Sharma,100,whisper+youtube,True
153,2,12106,3:21:49,Aditi Sharma,90,youtube,True
153,3,19143,5:19:06,Soham Nande,86,whisper,False
154,1,12383,3:26:26,Viral Vagila,100,whisper+youtube,True
154,2,16844,4:40:47,Vagela,77,youtube,False
154,3,15283,4:14:46,You are a girl,72,whisper,True
155,1,12545,3:29:08,Richa Singh,100,whisper+youtube,True
155,2,14620,4:03:43,Riya Singh,96,whisper+youtube,True
155,3,32037,8:54:00,Vaishnavi Singh Parihar,95,whisper+youtube,False
156,1,12469,3:27:52,Nitya Dhumar Sha,100,whisper+youtube,True
156,2,28815,8:00:18,Aditya Kumar Sahu,89,whisper+youtube,False
156,3,25357,7:02:40,She can't miss it,86,youtube,False
157,1,12303,3:25:06,Prahar Pande,100,whisper+youtube,True
157,2,10953,3:02:36,Prabhati Pandey,97,whisper+youtube,True
157,3,14376,3:59:39,Shreskar Pandey,86,whisper,True
158,1,12294,3:24:57,Aayesh Kant Ray,91,youtube,True
158,2,21597,6:00:00,Akshat Raj,87,whisper+youtube,False
158,3,31200,8:40:03,Ash Raj,81,youtube,False
159,1,16520,4:35:23,Ashoto Patro,91,youtube,False
159,2,19667,5:27:50,Balaji Ashok Patel,88,whisper+youtube,False
159,3,10684,2:58:07,Pran Shush Chachan,80,whisper+youtube,True
160,1,19381,5:23:04,Ishwijan Saniya Jan,89,whisper+youtube,False
160,2,18759,5:12:42,Yana Jan and,86,whisper+youtube,False
160,3,12635,3:30:38,Sarat Ja H,79,youtube,True
161,1,15182,4:13:05,For God's sake,76,whisper+youtube,True
161,2,14830,4:07:13,Shankar Varani Keshaval,75,whisper,True
161,3,12634,3:30:37,Saurav Jha,71,whisper,True
162,1,12344,3:25:47,Pranchal Bharga,99,whisper+youtube,True
162,2,19105,5:18:28,Bhargavi Praash Deodsha,94,whisper+youtube,False
162,3,24512,6:48:35,Bhadri Khan Praharaj,85,whisper+youtube,False
163,1,14184,3:56:27,Sashan Kumar Singhumar,93,whisper+youtube,True
163,2,14060,3:54:23,Sasvat Vikram Singh,90,whisper+youtube,True
163,3,14277,3:58:00,Rakesh Kumar Singh,88,whisper+youtube,True
164,1,14376,3:59:39,Shreskar Pandey,100,whisper+youtube,True
164,2,28295,7:51:38,Shre Pande,92,whisper,False
164,3,12502,3:28:25,Sai Shruti Pandey,86,whisper+youtube,True
165,1,12847,3:34:10,PDI Nupur Vijay,100,whisper+youtube,True
165,2,31357,8:42:40,Vika Vive Gangil,83,whisper+youtube,False
165,3,14241,3:57:24,Vijay,80,youtube,True
166,1,12740,3:32:23,Priyanshu Singh,100,whisper+youtube,True
166,2,17458,4:51:01,Priyani Singh,100,whisper+youtube,False
166,3,24427,6:47:10,Priyanchu Kumar Singh,100,whisper+youtube,False
167,1,12643,3:30:46,Kumar Tanmay,100,whisper+youtube,True
167,2,31665,8:47:48,Aman Kumar Anil Verma,95,whisper+youtube,False
167,3,28219,7:50:22,Aman Kumar Raai,95,whisper+youtube,False
168,1,12827,3:33:50,Swayam Hastbala,94,whisper,True
168,2,13866,3:51:09,Mehata Ayush Leelesh,71,whisper,True
168,3,12577,3:29:40,Sauraj Saha,71,whisper,True
169,1,13309,3:41:52,Viradhar Amod Umesh,98,whisper+youtube,True
169,2,18766,5:12:49,Barira Kureshi,82,youtube,False
169,3,26735,7:25:38,Pushi Badani,80,whisper+youtube,False
170,1,12309,3:25:12,Harshita Jangri,98,whisper+youtube,True
170,2,22101,6:08:24,Harsh Jain,91,whisper+youtube,False
170,3,31058,8:37:41,Harsh Jan,90,youtube,False
171,1,12923,3:35:26,Bhomic Chopra,95,whisper,True
171,2,14276,3:57:59,chodri,68,youtube,True
171,3,15184,4:13:07,Chri,64,youtube,True
172,1,12756,3:32:39,Shruti Gupta,100,whisper+youtube,True
172,2,21796,6:03:19,Miss Shreasi Gupta,96,whisper+youtube,False
172,3,25826,7:10:29,Shria Raj Gupta,94,youtube,False
173,1,12930,3:35:33,Sandeep,80,whisper,True
173,2,13617,3:47:00,Abhankar Pranav Pradeep,72,whisper,True
173,3,18840,5:14:03,Ban,64,youtube,False
174,1,13371,3:42:54,Yash Porwal,85,whisper+youtube,True
174,2,12710,3:31:53,Yash Kashab,85,whisper+youtube,True
174,3,17763,4:56:06,Yash Singh Ashok Singh Chawan,80,youtube,False
175,1,14422,4:00:25,Pansika Jain,93,whisper,True
175,2,29096,8:04:59,Nishika Jain,98,whisper+youtube,False
175,3,24073,6:41:16,Anushka Jain,98,whisper+youtube,False
176,1,12502,3:28:25,Sai Shruti Pandey,100,whisper+youtube,True
176,2,28793,7:59:56,Shri Gori Pande,99,whisper+youtube,False
176,3,14772,4:06:15,Josie Sai Shardul,90,youtube,True
177,1,20357,5:39:20,Aryan Abhiji Desh Pande,93,youtube,False
177,2,31168,8:39:31,Tak Aush Deepak,83,youtube,False
177,3,19431,5:23:54,Anish Desai,82,whisper,False
178,1,13282,3:41:25,Om Prasad Bahira,91,whisper+youtube,True
178,2,9266,2:34:29,Prasad Begde,84,whisper,False
178,3,15401,4:16:44,Buena Chetin Prasad,82,youtube,True
179,1,13202,3:40:05,Himanshu,85,whisper+youtube,True
179,2,23888,6:38:11,Himanshu Vishwakarma,85,whisper+youtube,False
179,3,10691,2:58:14,Himanshu Diwari,80,whisper,True
180,1,28672,7:57:55,Sankar Verma,88,whisper,False
180,2,13124,3:38:47,Abhay Varma,84,whisper,True
180,3,23737,6:35:40,Sanjani Varma,80,whisper,False
181,1,12518,3:28:41,Rithvik Anand,100,whisper+youtube,True
181,2,15299,4:15:02,Priti Naran Singh,80,youtube,True
181,3,19219,5:20:22,Ronit Kumar Mandal,78,whisper+youtube,False
182,1,12864,3:34:27,Panisha Agarwal,100,whisper+youtube,True
182,2,13508,3:45:11,Anish Agarwal,100,whisper+youtube,True
182,3,20157,5:36:00,Tanvi agarwal,93,youtube,False
183,1,12634,3:30:37,Saurav Jha,100,whisper+youtube,True
183,2,28005,7:46:48,Arja Jain,79,whisper+youtube,False
183,3,12569,3:29:32,Saurav Shuvasto,77,whisper,True
184,1,12871,3:34:34,Rupak,85,whisper+youtube,True
184,2,24830,6:53:53,Avankar Girupak Bhagwan,77,whisper+youtube,False
184,3,26972,7:29:35,Rupal,74,youtube,False
185,1,12773,3:32:56,Jivanch Grover,95,whisper+youtube,True
185,2,26651,7:24:14,even can go smoothly,78,whisper,False
185,3,13448,3:44:11,Devansh Gur,77,whisper,True
186,1,12679,3:31:22,Devaj Zadon,92,whisper+youtube,True
186,2,29358,8:09:21,Adash Jain,86,whisper+youtube,False
186,3,13951,3:52:34,Divan's Jan,83,whisper+youtube,True
187,1,14422,4:00:25,Sreya Saniya,98,whisper,True
187,2,29342,8:09:05,Sania Shoria,94,whisper+youtube,False
187,3,23283,6:28:06,Sheh Saniya Meh,90,whisper,False
188,1,12952,3:35:55,Sachi Dougal,98,whisper+youtube,True
188,2,19233,5:20:36,Laksh Sachin Bharat Dhuaj,82,whisper,False
188,3,13839,3:50:42,Sahil Courtgar,74,youtube,True
189,1,12402,3:26:45,Rashi Baranal,100,whisper+youtube,True
189,2,25161,6:59:24,Franchial Agrawal,81,whisper,False
189,3,21741,6:02:24,Abhir Barman,80,whisper,False
190,1,12857,3:34:20,Amriita Nirbeek,100,whisper+youtube,True
190,2,14332,3:58:55,Aditya Bheeli,81,whisper+youtube,True
190,3,23986,6:39:49,Miss Niha Tamra,79,youtube,False
191,1,12976,3:36:19,Kuldeep Singh Shekhaworth,100,whisper+youtube,True
191,2,12333,3:25:36,Sha Singh,96,whisper+youtube,True
191,3,19757,5:29:20,Sagar Singh Kushwaha,94,whisper+youtube,False
192,1,12761,3:32:44,Prith Ashwain,91,whisper+youtube,True
192,2,10480,2:54:43,Let the candidates be now presented with the degrees,82,whisper+youtube,True
192,3,10991,3:03:14,I present unto you Miss Kushi Agarawal,80,youtube,True
193,1,13641,3:47:24,Sneha Kumarad,99,whisper+youtube,True
193,2,29236,8:07:19,Vikas Kumar Singh,87,whisper+youtube,False
193,3,28783,7:59:46,Ayushman Kumar Singh,87,whisper+youtube,False
194,1,13032,3:37:15,Ayush Pavar,95,whisper+youtube,True
194,2,22076,6:07:59,Aayush Pakkar,91,youtube,False
194,3,12784,3:33:07,Aayosh Pande,91,whisper+youtube,True
195,1,21720,6:02:03,Chandran Shu Sarkar,98,whisper+youtube,False
195,2,23025,6:23:48,Arit Shukla,92,whisper+youtube,False
195,3,21862,6:04:25,Sam Rajas Chandra Shakhar,90,youtube,False
196,1,12733,3:32:16,Anmal Singh,95,whisper,True
196,2,14907,4:08:30,Singh,80,youtube,True
196,3,10753,2:59:16,Singh,80,youtube,True
197,1,12993,3:36:36,Alind Singh,100,whisper+youtube,True
197,2,27970,7:46:13,Aman Kumar Singh,94,whisper+youtube,False
197,3,28917,8:02:00,Aman Deep Singh,94,whisper+youtube,False
198,1,13002,3:36:45,Patnam Partha Venkita Sai,100,whisper+youtube,True
198,2,15001,4:10:04,Vishwam Samir Kumar Patel,89,whisper+youtube,True
198,3,22655,6:17:38,Sais Patel,87,whisper,False
199,1,13011,3:36:54,Nishta Meher,99,whisper+youtube,True
199,2,29576,8:12:59,Ishita Mejra,89,whisper+youtube,False
199,3,26009,7:13:32,Ich will nichts mehr,88,whisper,False
200,1,13017,3:37:00,Mukund Rao,100,whisper+youtube,True
200,2,25222,7:00:25,Utam Raj Kuman,78,youtube,False
201,1,13113,3:38:36,Spandan Trepaki,85,whisper,True
201,2,9849,2:44:12,Sangas Kruthi Srinath,78,whisper,False
201,3,27713,7:41:56,spand,75,youtube,False
202,1,12984,3:36:27,Manvi Arora,100,whisper+youtube,True
202,2,28589,7:56:32,Aryan Mandlik,87,whisper+youtube,False
202,3,13346,3:42:29,Arihan Mandari,81,whisper,True
203,1,13085,3:38:08,Shikhar Shuvastava,99,whisper+youtube,True
203,2,23283,6:28:06,Miss Shik Sia Mahek,85,youtube,False
203,3,17833,4:57:16,Shhi Shasta,81,youtube,False
204,1,13165,3:39:28,Sharan Sanas,95,whisper,True
204,2,27439,7:37:22,Ana Sharma,89,youtube,False
204,3,24328,6:45:31,Sharan Sharma,87,youtube,False
205,1,13143,3:39:06,Kostubhi Yadav,100,whisper+youtube,True
205,2,13544,3:45:47,Adit Kajoshi,71,youtube,True
206,1,17373,4:49:36,Agarwal,82,whisper+youtube,False
206,2,27806,7:43:29,Rita Magrawal,81,whisper,False
206,3,26293,7:18:16,Agarwal,77,youtube,False
207,1,13290,3:41:33,Ashish Kumar,100,whisper+youtube,True
207,2,30430,8:27:13,Ashish Kumar,100,whisper+youtube,False
207,3,31961,8:52:44,Ashesh Kumar Nandan,96,whisper,False
208,1,13189,3:39:52,Shrinu Suttar,98,whisper+youtube,True
208,2,22297,6:11:40,Shreyan Sharma,86,whisper+youtube,False
208,3,31931,8:52:14,Uttar Shri Vashthal,84,whisper,False
209,1,12525,3:28:48,Divya Anshkaran,87,whisper+youtube,True
209,2,13226,3:40:29,Divyansh Sharma,85,whisper,True
209,3,14217,3:57:00,Dani Vish Karma,84,youtube,True
210,1,13402,3:43:25,Suman Kumar Mishra,100,whisper+youtube,True
210,2,21964,6:06:07,Suman Kumar,100,whisper+youtube,False
210,3,23045,6:24:08,Archie Sman Mishra,97,whisper,False
211,1,14277,3:58:00,Rakesh Kumar Singh,100,whisper+youtube,True
211,2,29027,8:03:50,Rakshita Krithi Singh,99,whisper+youtube,False
211,3,25024,6:57:07,Kesho Kumar Chha,96,whisper+youtube,False
212,1,12878,3:34:41,Dia Raj,100,whisper+youtube,True
212,2,28927,8:02:10,Aditya Raj Singh,99,whisper+youtube,False
212,3,28095,7:48:18,Aditya Rajiv Patil,95,whisper+youtube,False
213,1,18209,5:03:32,Eshita Sharma,86,whisper+youtube,False
213,2,12654,3:30:57,Samaj Satya,84,whisper,True
213,3,26223,7:17:06,Shria Sharma,84,whisper+youtube,False
214,1,20261,5:37:44,Abhishek Tripati,99,youtube,False
214,2,21351,5:55:54,Abhishek,80,youtube,False
214,3,26795,7:26:38,This is not a time to be impatient,79,whisper+youtube,False
215,1,13165,3:39:28,Sharan Sanas,86,whisper+youtube,True
215,2,13858,3:51:01,Anikesh Sharma,84,whisper+youtube,True
215,3,18488,5:08:11,Sahesh Preet Kaur,80,whisper,False
216,1,12725,3:32:08,Ujwal Patidar,99,whisper+youtube,True
216,2,17199,4:46:42,Patil Ja,87,whisper+youtube,False
216,3,31243,8:40:46,Prahar Jasal,78,youtube,False
217,1,13075,3:37:58,Harsh Sabarwal,99,whisper,True
217,2,22622,6:17:05,Harsh Tadrawal,92,whisper+youtube,False
217,3,13361,3:42:44,Harsh Mahajan,89,whisper+youtube,True
218,1,16570,4:36:13,Many Bharat,87,youtube,False
218,2,30394,8:26:37,Manthib Singh Chabra,85,whisper+youtube,False
218,3,12984,3:36:27,Manvi Arora,83,whisper+youtube,True
219,1,12839,3:34:02,Dev Arura,100,whisper+youtube,True
219,2,20357,5:39:20,Aryan Abhiji Desh Pande,78,youtube,False
219,3,17219,4:47:02,Anushka Varma Nam Deo,78,whisper,False
220,1,14949,4:09:12,Modit Mayank Mishra,87,whisper,True
220,2,13402,3:43:25,Mishra,80,youtube,True
220,3,27400,7:36:43,Mishra,80,youtube,False
221,1,14138,3:55:41,Amar Saroha,100,whisper+youtube,True
221,2,12719,3:32:02,Aman Sharma,89,whisper+youtube,True
221,3,16021,4:27:04,Sarak Kumar,83,youtube,False
222,1,14878,4:08:01,Dhaval Harsh Pandit,100,whisper,True
222,2,14948,4:09:11,Dhal hers pandit,96,youtube,True
222,3,21843,6:04:06,Harsh Aditya,94,whisper+youtube,False
223,1,12695,3:31:38,Rudria Bancel,96,whisper+youtube,True
223,2,14224,3:57:07,Rup Kumar Bansal,83,whisper,True
223,3,13056,3:37:39,Aditya Paal,75,whisper,True
224,1,12710,3:31:53,Yash Kashab,100,whisper+youtube,True
224,2,27955,7:45:58,Yash Arya,86,whisper,False
224,3,20990,5:49:53,Yashi Jen Okay,84,youtube,False
225,1,9187,2:33:10,Amruta Mayur Prasadkar,86,whisper,False
225,2,13589,3:46:32,sorry sorry Arush Taluja,84,whisper+youtube,True
225,3,12486,3:28:09,Amrath Aloo,84,whisper+youtube,True
226,1,12625,3:30:28,Pranav Kumar,100,whisper+youtube,True
226,2,28977,8:03:00,Praa Kumari,99,whisper+youtube,False
226,3,21712,6:01:55,Manoj Kumar Pradhan,96,whisper+youtube,False
227,1,19862,5:31:05,Shashank Sharma Huh?,88,youtube,False
227,2,18387,5:06:30,Shani Sharma,84,whisper+youtube,False
227,3,29016,8:03:39,Shri Padi Lakshmi Sharanya,84,whisper+youtube,False
228,1,13093,3:38:16,Rishabh Gupta,100,whisper+youtube,True
228,2,12226,3:23:49,Disha Gupta Shivani Patel,95,whisper+youtube,True
228,3,29084,8:04:47,Amisha Gupta,92,whisper+youtube,False
229,1,29780,8:16:23,Anand Bihani,86,whisper,False
229,2,9837,2:44:00,Agni Hutri Ahira Anan,82,youtube,False
229,3,10918,3:02:01,Lavanya Bashira in absentia for the awards of,82,whisper+youtube,True
230,1,14068,3:54:31,Gaurab Kumar,97,whisper,True
230,2,16347,4:32:30,Aditya Kumar Gautam,92,youtube,False
230,3,13560,3:46:03,Anish Kumar Gupta,92,whisper+youtube,True
231,1,13151,3:39:14,akshhat mishra,100,whisper+youtube,True
231,2,14277,3:58:00,Anshika Mishra,94,whisper+youtube,True
231,3,19298,5:21:41,Akshhat Sharma,92,whisper+youtube,False
232,1,15001,4:10:04,Vishwam Samir Kumar Patel,100,whisper+youtube,True
232,2,18018,5:00:21,Ria Ben Dhaves Kumar Patel,100,whisper,False
232,3,15651,4:20:54,Patel Shukhara Kumar,100,youtube,False
233,1,13243,3:40:46,Arj Singhi,100,whisper+youtube,True
233,2,28927,8:02:10,Aditya Raj Singh,92,whisper+youtube,False
233,3,15001,4:10:04,Anirut Singh,86,whisper,True
234,1,13234,3:40:37,Rajvardhan Thakar,99,whisper+youtube,True
234,2,21862,6:04:25,Sam Rajas Chandra Shakhar,83,youtube,False
234,3,14789,4:06:32,Harsh Vardhan Singh Radhaar,80,whisper,True
235,1,13269,3:41:12,Nava Bansel,99,whisper+youtube,True
235,2,28884,8:01:27,Shweta Anil Kumar Nayar,82,whisper,False
235,3,14277,3:58:00,Chitish Chandra Nayak,77,whisper,True
236,1,12586,3:29:49,Anshu Kumar,100,whisper,True
236,2,13530,3:45:33,Anvith Imanshu Kumar Singh,100,whisper+youtube,True
236,3,17947,4:59:10,Anish Kumar Jaisman,100,whisper+youtube,False
237,1,9367,2:36:10,Mtech artificial intelligence data,84,youtube,False
237,2,13346,3:42:29,Arihan Mandari,81,whisper+youtube,True
237,3,19434,5:23:57,there is one Aadhaar card found,80,youtube,False
238,1,18909,5:15:12,Manav Rabat,95,whisper,False
238,2,19587,5:26:30,Mayang Raat,87,youtube,False
238,3,10308,2:51:51,Manis Rana,82,whisper,True
239,1,9266,2:34:29,Dharmendra Kumar,100,whisper,False
239,2,12468,3:27:51,Netya Dharmesh Kumar Shah,94,whisper,True
239,3,26381,7:19:44,Adash Kumar Bharma,89,youtube,False
240,1,13179,3:39:42,Patil Tir,91,whisper,True
240,2,15001,4:10:04,Vishwam Samir Kumar Patel,88,whisper+youtube,True
240,3,14550,4:02:33,Vinayak Pande,81,whisper+youtube,True
241,1,14128,3:55:31,Shivangi Kumari,100,whisper+youtube,True
241,2,24966,6:56:09,Chidej Kumar Shivas,93,whisper,False
241,3,15543,4:19:06,Shitage Kumar,91,youtube,True
242,1,13046,3:37:29,Rida Gurnaani,98,whisper+youtube,True
242,2,9837,2:44:00,Agni Hutri Ahira Anan,73,youtube,False
243,1,19935,5:32:18,Tushar Agriwal,100,whisper+youtube,False
243,2,12864,3:34:27,Panisha Agarwal,87,whisper+youtube,True
243,3,12285,3:24:48,Kushi Agribal,82,whisper+youtube,True
244,1,12338,3:25:41,Anshund Devan,93,whisper+youtube,True
244,2,29256,8:07:39,Anshul Devar,93,whisper+youtube,False
244,3,27457,7:37:40,Dwan Shu,87,youtube,False
245,1,13456,3:44:19,Malan Seat,88,whisper,True
245,2,9952,2:45:55,Ossets Anand,81,whisper,False
245,3,29386,8:09:49,Astha Mastani,81,whisper,False
246,1,24462,6:47:45,Shuk Pradab Singh,93,whisper+youtube,False
246,2,10687,2:58:10,Pran Shu Chachan,90,whisper+youtube,False
246,3,29219,8:07:02,Prahard Saka,85,youtube,False
247,1,13448,3:44:11,Devansh Gur,88,whisper,True
247,2,14006,3:53:29,Devans,78,whisper,True
247,3,12039,3:20:42,dean to be there on the stage,76,youtube,True
248,1,14408,4:00:11,Atar Mittal,96,whisper+youtube,True
248,2,23192,6:26:35,Miss Datri Matipal Subhash,77,youtube,False
248,3,16356,4:32:39,Imtisal Sahil Sari,71,youtube,True
249,1,15719,4:22:02,Palak Chukla,94,youtube,True
249,2,24462,6:47:45,Shuk Pradab Singh,88,whisper+youtube,False
249,3,28478,7:54:41,Shubhadi Paldar,84,whisper,False
250,1,12619,3:30:22,Siddhart Priati,97,whisper+youtube,True
250,2,9064,2:31:07,Supervisor Siddharth Maithi Mohan Lal,93,whisper+youtube,False
250,3,14878,4:08:01,Radhaar Tripathi,84,whisper,True
251,1,14594,4:03:17,Kavya Agarwal,100,whisper+youtube,True
251,2,12864,3:34:27,Kanisha Agaral,82,youtube,True
251,3,17373,4:49:36,Agarwal,80,youtube,False
252,1,12923,3:35:26,Bhomic Chopra,77,whisper,True
252,2,12316,3:25:19,Bumi Chauk Singh,72,whisper,True
252,3,18839,5:14:02,Chaos,65,youtube,False
253,1,13418,3:43:41,Maurya,85,whisper+youtube,True
253,2,13877,3:51:20,Ar Sri Krishna Kasiad,83,whisper,True
253,3,14789,4:06:32,Rehan Ahmed Mansuri,80,whisper+youtube,True
254,1,13463,3:44:26,Charjit Gangavar,97,whisper+youtube,True
254,2,12309,3:25:12,Harshita Jangri,84,whisper+youtube,True
254,3,17073,4:44:36,Anishwad Chadri,83,whisper+youtube,True
255,1,16886,4:41:29,Abhinav Vashishta,85,whisper+youtube,True
255,2,22479,6:14:42,Anubhab Kushwaha,79,youtube,False
255,3,14376,3:59:39,Abhay Kumar,75,whisper,True
256,1,13429,3:43:52,Pratik Raj Mishra,100,whisper+youtube,True
256,2,9926,2:45:29,Praat Raj second rank,93,youtube,False
256,3,15128,4:12:11,patel hersel rajind,90,whisper+youtube,True
257,1,15805,4:23:28,Abhishek Gangar,99,youtube,True
257,2,21351,5:55:54,Abhishek,80,youtube,False
257,3,12460,3:27:43,Manav Harish Bhai Patel,76,whisper+youtube,True
258,1,13440,3:44:03,Gitaansh Malik,98,whisper+youtube,True
258,2,14149,3:55:52,Malik,80,youtube,True
258,3,28340,7:52:23,Marmi Chetan Joshi,75,whisper,False
259,1,14878,4:08:01,Garima Kalani,100,whisper+youtube,True
259,2,28050,7:47:33,Arm Azan,84,whisper+youtube,False
259,3,22781,6:19:44,Kamia Vishu karma,81,youtube,False
260,1,28918,8:02:01,Amandep Singh,100,whisper+youtube,False
260,2,27970,7:46:13,Aman Kumar Singh,100,whisper+youtube,False
260,3,20209,5:36:52,Aman Deepep Singh,95,youtube,False
261,1,19097,5:18:20,Yangshika Singh,100,whisper+youtube,False
261,2,30420,8:27:03,Anushka Singh,93,whisper,False
261,3,21317,5:55:20,Anushka Singh,93,youtube,False
262,1,13710,3:48:33,Garbhi Singh,94,whisper,True
262,2,12900,3:35:03,Arshit Singh,90,whisper+youtube,True
262,3,24658,6:51:01,Hari Ji Singh,89,whisper,False
263,1,13026,3:37:09,Kushal Bana,100,whisper+youtube,True
263,2,24884,6:54:47,Krishna Girdhari Bhawan,89,whisper+youtube,False
263,3,15959,4:26:02,Kohli Bhavna Bala sahib,85,youtube,True
264,1,15068,4:11:11,Mayank Yadav,100,whisper+youtube,True
264,2,13597,3:46:40,Madhav Dayan,82,whisper,True
264,3,26855,7:27:38,Akan Shadav,79,youtube,False
265,1,15009,4:10:12,Adam Gupta,100,whisper+youtube,True
265,2,21787,6:03:10,Miss Shamya Gupta,94,whisper+youtube,False
265,3,16340,4:32:23,Adita Gupta,88,youtube,True
266,1,9658,2:41:01,Saha Priyang Si second rank,86,whisper+youtube,False
266,2,10029,2:47:12,Sriya Sahu,85,youtube,False
266,3,31909,8:51:52,Bridal Krishna Shavla,81,whisper+youtube,False
267,1,28277,7:51:20,Ayushi Gupta,100,whisper+youtube,False
267,2,16955,4:42:38,Yashi Gupta,94,whisper+youtube,False
267,3,13560,3:46:03,Anish Kumar Gupta,93,whisper+youtube,True
268,1,14077,3:54:40,Boyr Chaitanya Baal Krishna,100,whisper+youtube,True
268,2,27420,7:37:03,Bhavira Chan,85,youtube,False
268,3,10918,3:02:01,Lavanya Bashira in absentia for the awards of,85,whisper+youtube,False
269,1,17083,4:44:46,Ishita Khalsa Bhanik,75,whisper,False
269,2,12354,3:25:57,Redhima Bhame,75,whisper,True
269,3,14917,4:08:40,Radhika,59,youtube,True
270,1,12594,3:29:57,Aviral Jind,98,whisper+youtube,True
270,2,29878,8:18:01,Virat Jan,93,whisper+youtube,False
270,3,28005,7:46:48,Arja Jain,89,whisper,False
271,1,12945,3:35:48,Malau Aloo,88,whisper+youtube,False
271,2,15882,4:24:45,Muhammad Munavar Ali Mani,81,youtube,True
271,3,23444,6:30:47,Ashwarya Gavane,81,whisper,False
272,1,13719,3:48:42,Mitali Aasti,100,whisper+youtube,True
272,2,26309,7:18:32,Mitali Raat,86,youtube,False
272,3,18286,5:04:49,Khashii Malviya,79,whisper+youtube,True
273,1,23580,6:33:03,Siam Mahajan,95,whisper+youtube,False
273,2,30438,8:27:21,Sabhan Mahajan,93,whisper+youtube,False
273,3,24086,6:41:29,Mahi Sharma,84,whisper+youtube,False
274,1,24912,6:55:15,Jatin Kushwaha,86,youtube,False
274,2,12309,3:25:12,Harsha Jangri,82,whisper+youtube,True
274,3,22210,6:10:13,Krishna Jayant Kumar Barochia,82,whisper+youtube,False
275,1,13065,3:37:48,Mani Anish Jitendra,100,whisper,True
275,2,13757,3:49:20,Ans Jindal,92,whisper+youtube,True
275,3,18278,5:04:41,Anushka Satin Mandaker,91,whisper+youtube,False
276,1,13448,3:44:11,Devansh Gur,83,whisper,True
276,2,12839,3:34:02,Dev Arura,82,whisper+youtube,True
276,3,12773,3:32:56,Jivanch Grover,79,whisper+youtube,True
277,1,29746,8:15:49,Anubha Kumar Singh,84,whisper+youtube,False
277,2,13418,3:43:41,Maurya,80,whisper,True
277,3,16430,4:33:53,Anurak Mishra,80,youtube,True
278,1,12361,3:26:04,Arpet Gupta,100,whisper+youtube,False
278,2,28311,7:51:54,Amit Gupta,95,whisper+youtube,False
278,3,20922,5:48:45,Adit Gupta,90,youtube,False
279,1,19233,5:20:36,Laksh Sachin Bharat Dhuaj,94,whisper+youtube,False
279,2,30122,8:22:05,Lambe sahi,90,whisper,False
279,3,27247,7:34:10,Abhishe Kumar Ja,86,whisper+youtube,False
280,1,13484,3:44:47,Khushi Pukareja,90,whisper,True
280,2,16936,4:42:19,Harshit Kurana,82,whisper+youtube,False
280,3,15576,4:19:39,Kushi,73,youtube,True
281,1,16144,4:29:07,Shubhham Banwal,97,youtube,True
281,2,9992,2:46:35,Subam Agaral,88,whisper+youtube,False
281,3,13491,3:44:54,Subarna Shukla,87,whisper+youtube,True
282,1,13104,3:38:27,Abraham,85,whisper+youtube,True
282,2,18180,5:03:03,Atharva Pandey,76,whisper,False
282,3,14594,4:03:17,Arab Saxena,73,whisper,True
283,1,14195,3:56:38,Bharti Kumari,100,whisper+youtube,True
283,2,25179,6:59:42,Bharat Kumar,100,whisper+youtube,False
283,3,26066,7:14:29,Hardik Mithilesh Kumar Singh,92,whisper+youtube,False
284,1,20195,5:36:38,Navneet Tiwari,100,whisper+youtube,False
284,2,16927,4:42:10,Tiru Nalvei,80,youtube,False
284,3,16512,4:35:15,Yeshua Van Tari,76,youtube,True
285,1,13226,3:40:29,Divyansh Sharma,100,whisper+youtube,True
285,2,24033,6:40:36,Miss Divyani Sharma,96,youtube,False
285,3,27563,7:39:26,Shivanch Sharma,88,youtube,False
286,1,17555,4:52:38,Aman Amarjit Moria,100,whisper+youtube,False
286,2,19199,5:20:02,Aman Kumar,92,whisper+youtube,False
286,3,31665,8:47:48,Aman Kumar Anil Verma,92,whisper+youtube,False
287,1,16512,4:35:15,Yeshua Van Tari,82,youtube,True
287,2,17480,4:51:23,Abhinav Tari,81,youtube,False
287,3,24222,6:43:45,Miss Shivani Tapur,78,youtube,False
288,1,19415,5:23:38,Jaya Dipti Mishra,99,whisper+youtube,False
288,2,23830,6:37:13,Jaya Mishra,99,whisper+youtube,False
288,3,22210,6:10:13,Krishna Jayant Kumar Barochia,86,whisper+youtube,False
289,1,29775,8:16:18,Rahul Kumar Ja,78,youtube,False
289,2,9837,2:44:00,Agni Hutri Ahira Anan,75,youtube,False
289,3,13886,3:51:29,Bharti Jai Pratash,74,whisper,True
290,1,15586,4:19:49,Gayatri,80,youtube,True
290,2,26690,7:24:53,Perika Nail Jaya Kumar,80,whisper,False
290,3,22988,6:23:11,Baar Angir Seendra,79,youtube,False
291,1,13839,3:50:42,Sahil Kodgerwar,99,whisper+youtube,True
291,2,13179,3:39:42,Patil Tir,81,whisper+youtube,True
291,3,29888,8:18:11,Shri Ki Janit,79,whisper,False
292,1,18209,5:03:32,Ishita Sharma,100,whisper+youtube,False
292,2,26223,7:17:06,Shria Sharma,91,youtube,False
292,3,29492,8:11:35,Lakshita Sharma,91,whisper,False
293,1,26043,7:14:06,Akshhat Agarwal,89,youtube,False
293,2,30751,8:32:34,Shahara Vagraal,88,youtube,False
293,3,22622,6:17:05,Harsha Agraal,86,youtube,False
294,1,13802,3:50:05,Aditya Patar,92,whisper+youtube,True
294,2,14332,3:58:55,Aditya Sarkar,83,whisper,True
294,3,16189,4:29:52,Adit Agarwal,80,youtube,True
295,1,13371,3:42:54,Yash Porwal,100,whisper+youtube,True
295,2,27429,7:37:12,Yash Porwal,100,whisper+youtube,False
295,3,18525,5:08:48,Aayish Pra,83,youtube,False
296,1,13757,3:49:20,Ans Jindal,100,whisper+youtube,True
296,2,13065,3:37:48,Mani Anish Jitendra,90,whisper,True
296,3,24073,6:41:16,Anushka Jain,83,whisper,False
297,1,14753,4:05:56,Ahmed Khan,100,whisper+youtube,True
297,2,29228,8:07:11,Faraz Ahmad Khan,100,whisper+youtube,False
297,3,30714,8:31:57,Yizhaan Ahmed Abrahan,96,whisper+youtube,False
298,1,17183,4:46:26,Shalini Thakur,100,whisper+youtube,False
298,2,24222,6:43:45,Shivani Thakur,99,whisper+youtube,False
298,3,10717,2:58:40,Takur Shujan Singsh and,87,youtube,False
299,1,13298,3:41:41,Shana Sharish Kumar,91,whisper+youtube,True
299,2,18387,5:06:30,Shani Sharma,88,whisper+youtube,False
299,3,26969,7:29:32,Pat Sha,86,youtube,False
300,1,13260,3:41:03,Ishaan Lalwani,100,whisper+youtube,True
300,2,20386,5:39:49,Lalwani,80,youtube,False
300,3,14830,4:07:13,Shankar Varani Keshaval,80,whisper,True
301,1,14958,4:09:21,kabia tang,84,youtube,True
301,2,20709,5:45:12,Tan Kasha,82,youtube,False
301,3,16963,4:42:46,Amandip Zeng Khalsa,74,whisper,False
302,1,12820,3:33:43,Muhammad Farhan,100,whisper+youtube,True
302,2,13346,3:42:29,Arihan Mandari,92,whisper+youtube,True
302,3,14808,4:06:51,Rahan Ahmed Mansuri,91,whisper+youtube,True
303,1,13577,3:46:20,Yuvraj Kumar Jaiswal,100,whisper+youtube,True
303,2,27247,7:34:10,Abhishe Kumar Ja,95,whisper+youtube,False
303,3,17947,4:59:10,Anish Kumar Jaisman,94,whisper,False
304,1,14532,4:02:15,Ayush Kumar,100,whisper,True
304,2,13679,3:48:02,Ayush Kumar Singh,100,whisper+youtube,True
304,3,13550,3:45:53,Ayush Kumar,100,whisper,True
305,1,12969,3:36:12,Priyanshu Misra,100,whisper+youtube,True
305,2,10790,2:59:53,security Miss Pinaki Priya,88,youtube,False
305,3,23292,6:28:15,Miss Priyanchi Aaskki,88,youtube,False
306,1,13135,3:38:58,Mittali Dube,100,whisper+youtube,True
306,2,15554,4:19:17,Adita Dubet,81,youtube,True
306,3,30251,8:24:14,Dubet,74,youtube,False
307,1,15598,4:20:01,Alina Ali Nazim,100,youtube,True
307,2,22817,6:20:20,Alina Azam Khan,94,whisper+youtube,False
307,3,24738,6:52:21,Alina Saji,91,whisper+youtube,False
308,1,14022,3:53:45,Ramaditya Chaudhary,100,whisper,True
308,2,18852,5:14:15,D Chadha,74,youtube,False
308,3,14285,3:58:08,chitis chundra nayat,74,youtube,True
309,1,15611,4:20:14,Muhammad Ayan,94,youtube,True
309,2,31068,8:37:51,Muhammad Ayan Khan,94,youtube,False
309,3,12820,3:33:43,Muhammad Farhan,86,whisper+youtube,True
310,1,20187,5:36:30,Mandar Mukund,100,youtube,False
310,2,15882,4:24:45,Muhammad Munavar Ali Mani,87,youtube,True
310,3,27101,7:31:44,Marini Madan Moan Naidu,85,youtube,False
311,1,13211,3:40:14,Sohil S,85,whisper+youtube,True
311,2,31951,8:52:34,Shri Rash Pillai,80,whisper,False
311,3,22913,6:21:56,Shiva Nandan Pi,78,youtube,False
312,1,14277,3:58:00,Chitish Chandra Nayak,90,whisper+youtube,True
312,2,17301,4:48:24,Ritya Chandain,87,whisper,False
312,3,17643,4:54:06,Ritya Chandain,87,whisper,False
313,1,21050,5:50:53,Ishant Gupta,100,youtube,False
313,2,21427,5:57:10,Nishant Gupta,98,youtube,False
313,3,12226,3:23:49,Disha Gupta Shivani Patel,96,whisper+youtube,True
314,1,14376,3:59:39,Navin Singh,99,whisper+youtube,True
314,2,17937,4:59:00,Narendra Singh Chan,89,youtube,False
314,3,15299,4:15:02,Priti Naran Singh,88,youtube,True
315,1,20423,5:40:26,Hash Kumar,91,whisper,False
315,2,14224,3:57:07,Rup Kumar Bansal,90,whisper+youtube,True
315,3,13298,3:41:41,Shana Sharish Kumar,87,whisper,True
316,1,19667,5:27:50,Balaji Ashok Patel,100,whisper+youtube,False
316,2,29659,8:14:22,as it's a partial,88,youtube,False
316,3,11104,3:05:07,as chancellor of VIT BAL University,86,youtube,False
317,1,12887,3:34:50,Nha Pal,96,youtube,True
317,2,12256,3:24:19,Neha Atole,89,whisper+youtube,True
317,3,14949,4:09:12,Mayank Khan Pal,83,whisper,True
318,1,15485,4:18:08,Sumit Sahu,94,youtube,True
318,2,16705,4:38:28,Sahu,80,youtube,True
318,3,10216,2:50:19,Sahu,80,youtube,False
319,1,16308,4:31:51,Kiti Porwal,97,youtube,True
319,2,10788,2:59:51,Pina Ki Priya,78,whisper,False
319,3,13877,3:51:20,or Sri Krishna Kashab,73,youtube,True
320,1,14376,3:59:39,Abhay Kumar,100,whisper,True
320,2,18055,5:00:58,Arviyan Abhay Kumar Pachore,100,whisper,False
320,3,9802,2:43:25,Abhay Kumar Devedi,100,whisper+youtube,False
321,1,19666,5:27:49,Utkash,78,youtube,False
321,2,13298,3:41:41,Shaunath Sherish Kumar,78,whisper+youtube,True
321,3,18488,5:08:11,Sahesh Preet Kaur,77,whisper,False
322,1,12702,3:31:45,Shree Vasne,96,whisper+youtube,True
322,2,24328,6:45:31,Shri Vardhan Sharma,85,whisper,False
322,3,16765,4:39:28,Shri Shukla Ah,80,youtube,True
323,1,24094,6:41:37,Ashita Verma,88,whisper,False
323,2,14532,4:02:15,Akash Visra,82,whisper+youtube,True
323,3,29450,8:10:53,Akshet Varma,82,whisper,False
324,1,12783,3:33:06,Ayush Pandey,100,whisper+youtube,True
324,2,19681,5:28:04,Aayush Pande Okay,96,youtube,False
324,3,26213,7:16:56,Kushi Ramesh Pandey,92,whisper+youtube,False
325,1,20246,5:37:29,meet Adula,92,youtube,False
326,1,14532,4:02:15,Ayush Kumar,100,whisper,True
326,2,13679,3:48:02,Ayush Kumar Singh,100,whisper+youtube,True
326,3,13550,3:45:53,Ayush Kumar,100,whisper,True
327,1,14487,4:01:30,Ashi Sugandhi,100,whisper+youtube,True
327,2,10746,2:59:09,Ashi Solani,88,youtube,False
327,3,12900,3:35:03,Arshit Singh,84,whisper+youtube,True
328,1,14878,4:08:01,Nukoor Singh,95,whisper+youtube,True
328,2,26608,7:23:31,Please sit down in your place,82,whisper+youtube,False
328,3,10788,2:59:51,Emptak in Computer Science Engineering,81,whisper+youtube,False
329,1,13927,3:52:10,Ishan Amr Shivatabhar,100,whisper+youtube,True
329,2,20855,5:47:38,Ishan Bi Si,88,youtube,False
329,3,16865,4:41:08,Anirut Shrivastava,87,whisper,True
330,1,14594,4:03:17,Kavya Agarwal,85,whisper+youtube,True
330,2,9183,2:33:06,in Kaya,76,youtube,False
330,3,17273,4:47:56,Kav,73,youtube,False
331,1,12900,3:35:03,Arshit Singh,100,whisper+youtube,True
331,2,21162,5:52:45,Akshit Singh,100,youtube,False
331,3,22930,6:22:13,Aksita Singh,100,whisper+youtube,False
332,1,14830,4:07:13,Athar Sakeh,95,whisper+youtube,True
332,2,21005,5:50:08,Atharva Patel,85,whisper,False
332,3,32115,8:55:18,come at the stage for the group photo,81,youtube,False
333,1,28195,7:49:58,Aryan Singh Omrakash,100,whisper+youtube,False
333,2,26047,7:14:10,Aryan Singh Rajthu,100,whisper+youtube,False
333,3,20379,5:39:42,Aryan Singh Rathur,100,whisper+youtube,False
334,1,16999,4:43:22,Virindra Chaudhary,100,whisper+youtube,False
334,2,22648,6:17:31,Vir Chadri,86,youtube,False
334,3,14669,4:04:32,sit on the chair in the,84,whisper+youtube,True
335,1,17320,4:48:43,Riddhi Shvastavishi,90,youtube,False
335,2,17663,4:54:26,Samar Prithi Shrivastava,89,whisper,False
335,3,17987,4:59:50,Srishti Shrivastava,87,whisper,False
336,1,18878,5:14:41,Aditya Kushwa,100,whisper+youtube,False
336,2,28579,7:56:22,Kushi Pandit,87,whisper+youtube,False
336,3,19833,5:30:36,adita shasta,84,youtube,False
337,1,13974,3:52:57,Arn Gupta,97,whisper+youtube,True
337,2,10449,2:54:12,Sarans Gupta Huh?,97,whisper+youtube,False
337,3,15349,4:15:52,Aryan Gupta,97,youtube,True
338,1,15784,4:23:07,Yash Talwani,96,youtube,True
338,2,10746,2:59:09,Ashi Solani,79,youtube,False
338,3,31951,8:52:34,Shri Rash Pillai,79,whisper,False
339,1,17013,4:43:36,Akshhat Kumar,100,whisper+youtube,False
339,2,13290,3:41:33,Ashish Kumar,95,whisper+youtube,True
339,3,26229,7:17:12,Anshit Kumar,95,whisper,False
340,1,13866,3:51:09,Mehata Ayush Leelesh,100,whisper+youtube,True
340,2,28101,7:48:24,Akshun Mehotra,90,whisper+youtube,False
340,3,18929,5:15:32,Vikesh Mehhta,87,whisper,False
341,1,15463,4:17:46,Somia Bishart,92,youtube,True
341,2,16156,4:29:19,Ashto Sony,78,youtube,True
341,3,22850,6:20:53,Miss Sahima Vishuvat Pal,75,youtube,False
342,1,14248,3:57:31,Shyamak Halder,100,whisper+youtube,True
342,2,21862,6:04:25,Sam Rajas Chandra Shakhar,80,youtube,False
342,3,27663,7:41:06,Nari Sarah Chandra Narayana Rao,74,youtube,False
343,1,16438,4:34:01,Rishi Jha,100,youtube,True
343,2,23154,6:25:57,Miss Shah Krishi,88,whisper+youtube,False
343,3,20325,5:38:48,Jain Rishan Kumar,82,whisper,False
344,1,29028,8:03:51,Rakshittita Kriti Singh,95,whisper+youtube,False
344,2,12900,3:35:03,Arshit Singh,94,whisper+youtube,True
344,3,24462,6:47:45,Shrut Prada Singh,93,whisper,False
345,1,12916,3:35:19,Devansh Kumar,100,whisper+youtube,True
345,2,18752,5:12:35,Dhanishta Gupta,94,whisper+youtube,False
345,3,21039,5:50:42,Divanch Gupta,91,youtube,False
346,1,14594,4:03:17,Sucheta Nandi,100,whisper+youtube,True
346,2,12538,3:29:01,Nandini Sharma,84,whisper+youtube,True
346,3,14175,3:56:18,Pisha Nandi,84,youtube,True
347,1,18703,5:11:46,Devya Tibari,84,whisper+youtube,False
347,2,12039,3:20:42,dean to be there on the stage,81,youtube,True
347,3,16512,4:35:15,Yeshua Van Tari,81,youtube,True
348,1,14620,4:03:43,Riya Singh,100,whisper+youtube,True
348,2,17457,4:51:00,Riyanshi Singh,100,whisper+youtube,False
348,3,24804,6:53:27,Riya Shkumar Singh,100,whisper,False
349,1,9837,2:44:00,Agni Hutri Ahira Anan,94,whisper+youtube,False
349,2,28080,7:48:03,Shashank Anand Ashin Ny,91,youtube,False
349,3,26706,7:25:09,Ananya Jaina,89,whisper+youtube,False
350,1,14465,4:01:08,Komal Tripathi,100,whisper,True
350,2,16817,4:40:20,Sumit Kumar Tiwari,82,whisper+youtube,True
350,3,28876,8:01:19,Tripati,78,youtube,False
351,1,16844,4:40:47,Dhat Sen,87,whisper+youtube,True
351,2,18676,5:11:19,Second block students kindly sit at the,83,youtube,False
351,3,17564,4:52:47,Jatan Sain,83,youtube,False
352,1,19111,5:18:34,Isha Prasanth Kashikar,90,whisper,False
352,2,13429,3:43:52,Pratik Raj Mishra,88,whisper+youtube,True
352,3,27518,7:38:41,Vishal Rajcotia,87,whisper+youtube,False
353,1,14376,3:59:39,Danish Ansari,100,whisper+youtube,True
353,2,13065,3:37:48,Mani Anish Jitendra,85,whisper,True
353,3,28184,7:49:47,Abinasha Dash,84,youtube,False
354,1,14088,3:54:51,Yoges Vishnoi,94,whisper+youtube,True
354,2,27516,7:38:39,Yash Vishal Rajkotiya,86,whisper,False
354,3,22752,6:19:15,Anjali Yash Krishnani,81,whisper,False
355,1,13768,3:49:31,Harihar Bajping,100,whisper+youtube,True
355,2,12460,3:27:43,Manav Harish Bhai Patel,84,whisper,True
355,3,32038,8:54:01,Bashnavi Singh Parihar,84,youtube,False
356,1,19339,5:22:22,Harsh Parman,94,whisper+youtube,False
356,2,18937,5:15:40,Harsh Kumar,92,whisper+youtube,False
356,3,16936,4:42:19,Harshit Kurana,91,whisper+youtube,False
357,1,16060,4:27:43,SK Sahil Slam,100,youtube,True
357,2,13774,3:49:37,Peskar Ishan Sachin,87,whisper+youtube,True
357,3,14295,3:58:18,Is Mahilkumar Amber,84,whisper+youtube,True
358,1,17603,4:53:26,Sakshi Shrivastava,100,whisper+youtube,False
358,2,17967,4:59:30,Srishti Shrivastava,89,whisper,False
358,3,17711,4:55:14,Srishti Shrivastava,89,whisper,False
359,1,13945,3:52:28,Adi Jain,100,whisper+youtube,True
359,2,8697,2:25:00,Jai Hind Nandri,90,whisper+youtube,False
359,3,23996,6:39:59,Miss Ana Jan,84,youtube,False
360,1,17093,4:44:56,Palguni Jain,100,whisper+youtube,False
360,2,31160,8:39:23,Gupta Arian Arun Kumar,75,youtube,False
360,3,14949,4:09:12,Jan B,75,whisper,True
361,1,13649,3:47:32,Shreya Daga,100,whisper+youtube,True
361,2,15068,4:11:11,Anushka Sheer Sagar,88,whisper+youtube,True
361,3,19013,5:16:56,Shreya Nayar,87,whisper,False
362,1,16021,4:27:04,Sarak Kumar,97,youtube,True
362,2,14184,3:56:27,Sashan Kumar Singhumar,95,whisper+youtube,True
362,3,28815,8:00:18,Aditya Kumar Sahu,94,whisper+youtube,False
363,1,21751,6:02:34,Aditya Patak,100,whisper+youtube,False
363,2,21898,6:05:01,Aditya Pratap Singh,95,whisper+youtube,False
363,3,22502,6:15:05,Aditya Pratap Singh,95,whisper+youtube,False
364,1,14464,4:01:07,Adita Vikram Singh,100,whisper+youtube,True
364,2,29937,8:19:00,Aditi Singh,100,whisper+youtube,False
364,3,22502,6:15:05,Adita Prattab Singh,100,whisper+youtube,False
365,1,17113,4:45:16,Tarempri Kaur,90,whisper,False
365,2,29474,8:11:17,Karan Khatri,80,whisper+youtube,False
365,3,10835,3:00:38,Karan Gandhi Karan Gandha,78,youtube,False
366,1,13560,3:46:03,Anish Kumar Gupta,100,whisper+youtube,True
366,2,17947,4:59:10,Anish Kumar Jaisman,100,whisper+youtube,False
366,3,28773,7:59:36,Manish Kumar Bhivan,100,whisper+youtube,False
367,1,13440,3:44:03,Gitaansh Malik,89,whisper+youtube,True
367,2,13634,3:47:17,Mati Raj Prashan,89,whisper+youtube,True
367,3,10308,2:51:51,Manis Rana,88,whisper,False
368,1,16395,4:33:18,Shriant Sharma,99,youtube,True
368,2,22297,6:11:40,Shrian Sharma,98,youtube,False
368,3,26223,7:17:06,Shria Sharma,96,youtube,False
369,1,16935,4:42:18,Harshit Khurana,100,whisper+youtube,False
369,2,18937,5:15:40,Harsh Kumar,84,whisper,False
369,3,15891,4:24:54,Harish Kumar Shukla,83,youtube,True
370,1,13936,3:52:19,Prakhar Malviya,100,whisper,True
370,2,24857,6:54:20,Ali Akbar Phunavala,85,whisper+youtube,False
370,3,13634,3:47:17,Mati Raj Prashan,82,whisper,True
371,1,13491,3:44:54,Subarna Shukla,100,whisper+youtube,True
371,2,28755,7:59:18,Shukla,85,whisper+youtube,False
371,3,15891,4:24:54,Harish Kumar Shukla,84,youtube,True
372,1,14095,3:54:58,Shoubhham Kumar,100,whisper+youtube,True
372,2,23708,6:35:11,Shabbham Kumar Das,93,youtube,False
372,3,15651,4:20:54,Patel Shukhara Kumar,92,youtube,True
373,1,15891,4:24:54,Harish Kumar Shukla,100,youtube,True
373,2,28753,7:59:16,Manish Kumar Shukla,100,whisper,False
373,3,10781,2:59:44,Shukla Thrashta,95,whisper+youtube,False
374,1,13784,3:49:47,Pa Kushwaha,95,whisper+youtube,True
374,2,26213,7:16:56,Kushi Ramesh Pandey,88,whisper+youtube,False
374,3,12625,3:30:28,Prana Kumar,86,whisper+youtube,True
375,1,17310,4:48:33,Ria Panch day,94,whisper+youtube,True
375,2,23096,6:24:59,Riyanshu Kumar Pandey,97,whisper+youtube,False
375,3,18018,5:00:21,Ria Ben Dhaves Kumar Patel,88,whisper,False
376,1,31286,8:41:29,Rudra Kanesh Singh,99,whisper+youtube,False
376,2,30420,8:27:03,Anushka Singh,99,whisper+youtube,False
376,3,27553,7:39:16,Manisha Singh,98,whisper+youtube,False
377,1,17420,4:50:23,Himmanu Rajesh Gupta,100,youtube,True
377,2,23067,6:24:30,Ratesh Gupta,100,whisper+youtube,False
377,3,13560,3:46:03,Anish Kumar Gupta,95,whisper+youtube,True
378,1,14846,4:07:29,Shankar Anikit Anil,86,whisper+youtube,True
378,2,10911,3:01:54,Wani Shagaral,82,whisper+youtube,False
378,3,15759,4:22:42,Ron Anak Chakraarti,79,youtube,True
379,1,14240,3:57:23,Raj Vijay,100,whisper+youtube,True
379,2,12878,3:34:41,Dia Raj,89,whisper+youtube,True
379,3,27518,7:38:41,Vishal Rajcotia,86,whisper+youtube,False
380,1,20033,5:33:56,Uts of Pal,95,youtube,False
380,2,13784,3:49:47,Pa Kushwaha,78,youtube,True
380,3,17531,4:52:14,Utkash Anil Vag,76,youtube,True
381,1,15311,4:15:14,Naya Sharat Benoy,74,youtube,True
381,2,26793,7:26:36,seat,64,youtube,False
382,1,19199,5:20:02,Aman Kumar,100,whisper+youtube,False
382,2,31665,8:47:48,Aman Kumar Anil Verma,100,whisper+youtube,False
382,3,28219,7:50:22,Aman Kumar Raai,100,whisper+youtube,False
383,1,20827,5:47:10,MD Alamus,97,youtube,False
383,2,16470,4:34:33,Alam,80,youtube,True
383,3,13597,3:46:40,Madhav Dayan,77,whisper+youtube,True
384,1,12309,3:25:12,Harshita Jangri,85,whisper+youtube,True
384,2,16935,4:42:18,Harshit Khurana,83,whisper+youtube,True
384,3,18238,5:04:01,Harshita,80,whisper,False
385,1,17013,4:43:36,Akshhat Kumar,100,whisper+youtube,True
385,2,24398,6:46:41,Miss Kumari Ashta,98,whisper+youtube,False
385,3,13298,3:41:41,Shaunath Sherish Kumar,93,whisper+youtube,True
386,1,12286,3:24:49,Kushi Agrial,91,whisper+youtube,True
386,2,18139,5:02:22,Hushi Agarwal,100,whisper+youtube,False
386,3,20139,5:35:42,Khushi Agriwal,98,whisper+youtube,False
387,1,17209,4:46:52,Asha Kesharwani,86,whisper+youtube,True
387,2,20091,5:34:54,Anshul Abhay Phan,77,whisper,False
387,3,25895,7:11:38,The Pakshi Gwani,77,youtube,False
388,1,13332,3:42:15,Rithik Tiwari,87,whisper+youtube,True
388,2,12619,3:30:22,Siddhart Priati,86,whisper+youtube,True
388,3,14878,4:08:01,Radhaar Tripathi,85,whisper,True
389,1,9064,2:31:07,Supervisor Siddharth Maithi Mohan Lal,78,whisper,False
389,2,16614,4:36:57,Kalash Prattab God,77,youtube,True
389,3,15142,4:12:25,so it takes a little while,76,whisper+youtube,True
390,1,18775,5:12:58,Vanshika Pyaagi,91,whisper,False
390,2,16512,4:35:15,Yeshua Van Tari,83,youtube,True
390,3,26697,7:25:00,Shanika Thage,81,whisper,False
391,1,24307,6:45:10,Karthik Am,85,whisper+youtube,False
391,2,22428,6:13:51,Karthik Krishna Devi,85,whisper+youtube,False
391,3,27546,7:39:09,Karthikh Singh,83,whisper+youtube,False
392,1,13617,3:47:00,Abhankar Pranav Pradeep,100,whisper+youtube,True
392,2,19330,5:22:13,Sab Pranav Praep,100,whisper+youtube,False
392,3,22602,6:16:45,Pratam Prasad,88,whisper+youtube,False
393,1,16917,4:42:00,Akanga Panda,100,whisper+youtube,True
393,2,18279,5:04:42,Anushka Sachin Mandar,88,whisper+youtube,False
393,3,12784,3:33:07,Aayosh Pande,84,youtube,True
394,1,13587,3:46:30,Arushi Taluja,82,whisper+youtube,True
394,2,18219,5:03:42,Arushi,82,whisper+youtube,False
394,3,14465,4:01:08,Arushi Puri,77,whisper,True
395,1,17926,4:58:49,Sharmishta Chakraarti,82,youtube,False
395,2,14669,4:04:32,sit on the chair in the,81,whisper+youtube,True
395,3,13252,3:40:55,Shuba Maharotra,79,whisper+youtube,True
396,1,13774,3:49:37,Peskar Ishan Sachin,100,whisper+youtube,True
396,2,15052,4:10:55,Vishwan Samir Kumar Patel,88,whisper+youtube,True
396,3,22617,6:17:00,Sachi Bhan Bhara,88,youtube,False
397,1,12279,3:24:42,Shatakshi Dup,89,whisper+youtube,True
397,2,10898,3:01:41,Satik Dubet,85,youtube,False
397,3,15554,4:19:17,Adita Dubet,78,youtube,True
398,1,18869,5:14:32,Neha Ansh Nigam,75,whisper,False
398,2,24156,6:42:39,Ansh Saho,75,whisper,False
398,3,17155,4:45:58,Vanshika Bhojani,74,whisper,True
399,1,13474,3:44:37,Gur Bhatnagar,96,whisper+youtube,True
399,2,21698,6:01:41,Bhwano Gil,78,youtube,False
399,3,14979,4:09:42,Mul Shivasta,71,youtube,True
400,1,19119,5:18:42,Divanch Singhal Well,100,whisper+youtube,False
400,2,17457,4:51:00,Riyanshi Singh,94,whisper+youtube,True
400,3,12740,3:32:23,Priyanshu Singh,92,whisper+youtube,True
401,1,14594,4:03:17,Arab Saxena,89,whisper+youtube,True
401,2,22803,6:20:06,Arnav Narendra,85,whisper+youtube,False
401,3,26177,7:16:20,Sneha Agarwal,82,whisper+youtube,False
402,1,14949,4:09:12,Mayank Khan Pal,93,whisper+youtube,True
402,2,15068,4:11:11,Mayank Yadav,89,whisper+youtube,True
402,3,30589,8:29:52,man sandal,86,youtube,False
403,1,14356,3:59:19,Adita Baheli Bahi,100,whisper+youtube,True
403,2,19009,5:16:52,Aditi Chetri,89,whisper+youtube,False
403,3,26451,7:20:54,Aditi Batrina,85,youtube,False
404,1,14060,3:54:23,Sasvat Vikram Singh,100,whisper+youtube,True
404,2,14422,4:00:25,Aditya Vikram Singh,100,whisper+youtube,True
404,3,29236,8:07:19,Vikas Kumar Singh,99,whisper+youtube,False
405,1,18706,5:11:49,Diva Tibari,98,whisper+youtube,False
405,2,28573,7:56:16,Jiya Tiwari,89,whisper,False
405,3,10918,3:02:01,Giri Aditya,84,whisper+youtube,False
406,1,24053,6:40:56,Tanisha Yadav,93,whisper+youtube,False
406,2,19324,5:22:07,Shashi Kumar Yadav,86,youtube,False
406,3,12460,3:27:43,Manav Harish Bhai Patel,81,whisper+youtube,True
407,1,13679,3:48:02,Ayush Kumar Singh,100,whisper+youtube,True
407,2,13742,3:49:05,Ayush Singh,100,whisper+youtube,True
407,3,28783,7:59:46,Ayushman Kumar Singh,100,whisper+youtube,False
408,1,20178,5:36:21,Surya Prattab Singh,95,youtube,False
408,2,13896,3:51:39,Yusra Singh,88,whisper,True
408,3,13701,3:48:24,Yusra Singh Thakur,88,whisper,True
409,1,15777,4:23:00,Vira Partidar,96,youtube,True
409,2,18947,5:15:50,Vikas Patag,87,whisper+youtube,False
409,3,19541,5:25:44,Yovraj Pratap Singh,85,whisper+youtube,False
410,1,14332,3:58:55,Aryan Soni,95,whisper,True
410,2,30741,8:32:24,Aman Sony,83,youtube,False
410,3,28906,8:01:49,Sanvi Anand,82,whisper+youtube,False
411,1,16736,4:38:59,Navni Gupta,94,youtube,True
411,2,10153,2:49:16,Sivanee Gupta,87,whisper,False
411,3,12361,3:26:04,Arpet Gupta,84,youtube,True
412,1,26411,7:20:14,Rudra Patel,95,whisper+youtube,False
412,2,18018,5:00:21,Ria Ben Dhaves Kumar Patel,89,whisper,False
412,3,16854,4:40:57,Arian Pares Patel,82,youtube,True
413,1,13324,3:42:07,Yuktika Mishra,100,whisper+youtube,True
413,2,13429,3:43:52,Pratik Raj Mishra,87,whisper+youtube,True
413,3,13093,3:38:16,Risha Gupta,80,whisper+youtube,True
414,1,28252,7:50:55,Samriti Kustagir,82,youtube,False
414,2,16817,4:40:20,Sumit Kumar Tari,72,youtube,True
414,3,13216,3:40:19,Tara Sanish,72,whisper,True
415,1,28590,7:56:33,Arian Mandlick,86,whisper+youtube,False
415,2,13346,3:42:29,Arihan Mandari,84,whisper+youtube,True
415,3,18279,5:04:42,Anushka Sachin Mandar,81,youtube,False
416,1,12963,3:36:06,Somyadeep Nayak,100,whisper+youtube,True
416,2,25110,6:58:33,Sudeesh Napan,78,whisper,False
416,3,28086,7:48:09,Nay,73,youtube,False
417,1,15750,4:22:33,Raman Naidu,98,youtube,True
417,2,24470,6:47:53,Vivek Kumar Vishukarma,100,whisper+youtube,False
417,3,26830,7:27:13,Prasanna Ram Kumar,100,whisper+youtube,False
418,1,26521,7:22:04,Rishtar Anna,86,whisper+youtube,False
418,2,16385,4:33:08,Harsh Anand,85,youtube,True
418,3,24353,6:45:56,Hush Anandan Karika,85,youtube,False
419,1,12801,3:33:24,Abhinai Singh,97,whisper,True
419,2,16875,4:41:18,Abhinav Singh,97,whisper,True
419,3,29746,8:15:49,Anubha Kumar Singh,94,whisper+youtube,False
420,1,12285,3:24:48,Kushi Agribal,82,whisper+youtube,True
420,2,17431,4:50:34,Kush,80,youtube,True
420,3,31338,8:42:21,Kush Nayak,80,youtube,False
421,1,21924,6:05:27,Vrishti Nainesh Kumar Patel,100,whisper+youtube,False
421,2,28026,7:47:09,Manav Naresh Patil,85,whisper,False
421,3,15120,4:12:03,Patel Harsh Rajendra,84,whisper,True
422,1,17265,4:47:48,Harvek Mishra,97,whisper+youtube,True
422,2,30479,8:28:02,Hardik Mishra up,100,youtube,False
422,3,17477,4:51:20,Harvek Mishra,92,whisper,True
423,1,21669,6:01:12,Anurag Roy Mukherjee,100,whisper+youtube,False
423,2,30092,8:21:35,Ananda Mukherjee,90,whisper,False
423,3,14035,3:53:58,uh Ardana,81,whisper+youtube,True
425,1,13252,3:40:55,Shubh Maharotra,100,whisper+youtube,True
425,2,23283,6:28:06,Sheh Saniya Meh,84,whisper,False
425,3,22589,6:16:32,Sh Mishra,80,youtube,False
426,1,24795,6:53:18,Dru karia,82,youtube,False
426,2,9293,2:34:56,Dhandrakumar,62,youtube,False
427,1,14878,4:08:01,Dhaval Harsh Pandit,92,whisper,True
427,2,16041,4:27:24,Harsh Dal,88,youtube,True
427,3,21843,6:04:06,Harsh Aditya,87,whisper,False
428,1,15969,4:26:12,Prii Patidar,90,youtube,True
428,2,14154,3:55:57,Pad 3 is requested to proceed for lunch,82,youtube,True
428,3,12619,3:30:22,Siddhart Priati,81,whisper+youtube,True
429,1,15940,4:25:43,Sanskriti Agraal,96,youtube,True
429,2,29950,8:19:13,Samriti Agrawal,92,whisper,False
429,3,17373,4:49:36,Agarwal,85,whisper+youtube,True
430,1,14521,4:02:04,Shifas shake,93,whisper+youtube,True
430,2,13086,3:38:09,Shikhar Shivasta,91,whisper+youtube,True
430,3,23283,6:28:06,Miss Shik Sia Mahek,88,whisper+youtube,False
431,1,14780,4:06:23,Arita Mittal,94,youtube,True
431,2,13719,3:48:42,Mitali Aasti,85,whisper+youtube,True
431,3,26066,7:14:29,Hardik Mithilesh Kumar Singh,85,whisper+youtube,False
432,1,24904,6:55:07,Devendra Singh,97,whisper+youtube,False
432,2,19907,5:31:50,Devanshi Singh,94,whisper,False
432,3,10747,2:59:10,Devendra Singh,92,whisper,False
433,1,16554,4:35:57,Prajit Dubet,86,youtube,True
433,2,9183,2:33:06,Aner Du Praas Supervisor Dr,84,youtube,False
433,3,26492,7:21:35,Dubet,74,youtube,False
434,1,24268,6:44:31,Anushka Rajput,95,whisper+youtube,False
434,2,24617,6:50:20,Anshuman Rath,88,whisper,False
434,3,27916,7:45:19,ash rastoi,86,youtube,False
435,1,21683,6:01:26,Shubra Aasti,99,whisper+youtube,False
435,2,22055,6:07:38,Akash Sharma,85,whisper+youtube,False
435,3,15068,4:11:11,Kashi Sharma,84,whisper+youtube,True
436,1,14949,4:09:12,Mithul Shivasta,97,whisper+youtube,True
436,2,14780,4:06:23,Arita Mittal,82,youtube,True
436,3,15621,4:20:24,Pratam Amit Singh,74,youtube,True
437,1,13919,3:52:02,Vijwal Vittesha,100,whisper+youtube,True
437,2,26731,7:25:34,Vinali Shahu,85,whisper+youtube,False
437,3,17522,4:52:05,Viral Sanchetti,84,youtube,True
438,1,12783,3:33:06,Ayush Pandey,100,whisper+youtube,True
438,2,19681,5:28:04,Aayush Pande Okay,96,youtube,False
438,3,26213,7:16:56,Kushi Ramesh Pandey,92,whisper+youtube,False
439,1,18513,5:08:36,Vijay Verma,100,whisper,False
439,2,16282,4:31:25,Ria Verhma,82,youtube,True
439,3,14241,3:57:24,Vijay,80,youtube,True
440,1,16554,4:35:57,Prajit Dubet,91,youtube,True
440,2,30251,8:24:14,Dubet,74,youtube,False
440,3,26492,7:21:35,Dubet,74,youtube,False
441,1,17480,4:51:23,Abhinav Tari,91,youtube,True
441,2,16872,4:41:15,Abhinav,85,whisper+youtube,True
441,3,12599,3:30:02,Ranjal Tiwari,82,whisper,True
442,1,16000,4:26:43,Naman Kundan,100,youtube,True
442,2,19199,5:20:02,Aman Kumar,90,whisper+youtube,False
442,3,27970,7:46:13,Aman Kumar Singh,90,whisper+youtube,False
443,1,13282,3:41:25,Om Prasad Bahira,94,whisper+youtube,True
443,2,15401,4:16:44,Buena Chetin Prasad,84,youtube,True
443,3,13617,3:47:00,Abhankar Pranav Pradeep,82,whisper,True
444,1,16375,4:32:58,Nishan Chow,89,youtube,True
444,2,26676,7:24:39,And our Nidhashana,86,whisper+youtube,False
444,3,23454,6:30:57,Anisha Dhore,82,whisper,False
445,1,14332,3:58:55,Abhidya Abhinandan,94,whisper+youtube,True
445,2,9837,2:44:00,Agni Hutri Ahira Anan,86,youtube,False
445,3,16676,4:37:59,Ashwari Anand Naidu,84,youtube,True
446,1,16907,4:41:50,Shri Pati Vaibhav Maitre,87,whisper+youtube,True
446,2,17480,4:51:23,Abhinav Tari,83,youtube,True
446,3,18775,5:12:58,Vanshika Pyaagi,80,whisper,False
447,1,31735,8:48:58,Avira Deet Singh,90,whisper,False
447,2,15001,4:10:04,Anirut Singh,85,whisper,True
447,3,13530,3:45:33,Anvith Imanshu Kumar Singh,85,whisper,True
448,1,14465,4:01:08,Rupesh Ajit Kumar Soni,100,whisper+youtube,True
448,2,15142,4:12:25,so it takes a little while,85,whisper+youtube,True
448,3,15212,4:13:35,seat Second push but,84,whisper+youtube,True
449,1,16164,4:29:27,Arin Krishna Sang God,75,youtube,True
449,2,15759,4:22:42,Ron Anak Chakraarti,74,youtube,True
449,3,12984,3:36:27,Manvi Arora,72,whisper,True
450,1,13484,3:44:47,Khushi Pukareja,82,whisper,True
450,2,13702,3:48:25,Takur,81,whisper+youtube,True
450,3,15990,4:26:33,pushi tapur,79,youtube,True
451,1,12316,3:25:19,Bumi Chauk Singh,99,whisper+youtube,True
451,2,18413,5:06:56,Rudy Pra Singh Chahan,98,youtube,False
451,3,29746,8:15:49,Anubha Kumar Singh,97,whisper+youtube,False
452,1,14789,4:06:32,Rehan Ahmed Mansuri,100,whisper+youtube,True
452,2,29228,8:07:11,Paras Ahmed Khan,94,whisper+youtube,False
452,3,12191,3:23:14,Aayush man rehyan,91,youtube,False
453,1,17301,4:48:24,Bracriti Chandel,92,youtube,True
453,2,18413,5:06:56,Rudy Pra Singh Chahan,89,whisper+youtube,False
453,3,10954,3:02:37,and Miss Praati Pande,81,youtube,False
454,1,13679,3:48:02,Ayush Kumar Singh,87,whisper+youtube,True
454,2,13742,3:49:05,Ayush Singh,82,whisper,True
454,3,14332,3:58:55,Ayush Raj,81,whisper,True
455,1,18703,5:11:46,Devya Tibari,93,whisper+youtube,False
455,2,16512,4:35:15,Yeshua Van Tari,82,youtube,True
455,3,14376,3:59:39,Danish Ansari,82,whisper+youtube,True
456,1,31468,8:44:31,Suman Saga,83,whisper+youtube,False
456,2,26104,7:15:07,Sakshi Sharma,80,whisper,False
456,3,24043,6:40:46,Miss Somia Sharma Kumari,79,youtube,False
457,1,14376,3:59:39,Harsh Pratap Singh,99,whisper+youtube,True
457,2,14789,4:06:32,Harsh Vardhan Singh Radhaar,94,whisper,True
457,3,28132,7:48:55,Raghavendra Singh,92,whisper+youtube,False
458,1,13282,3:41:25,Om Prasad Bahira,85,whisper+youtube,True
458,2,26438,7:20:41,Baba Omar Badrin,81,youtube,False
458,3,14422,4:00:25,Kamal Yadav,81,whisper+youtube,True
459,1,28579,7:56:22,Kushi Pandit,85,whisper+youtube,False
459,2,13429,3:43:52,Prati Raj Mishra,84,whisper+youtube,True
459,3,26795,7:26:38,This is not a time to be impatient,83,whisper+youtube,False
460,1,14594,4:03:17,Rishi Kal,100,whisper+youtube,True
460,2,31715,8:48:38,Rishita Kuala,90,whisper,False
460,3,17083,4:44:46,Ishita Khalsa Bhanik,85,whisper+youtube,True
461,1,14277,3:58:00,Anshika Mishra,100,whisper+youtube,True
461,2,13151,3:39:14,akshhat mishra,92,whisper+youtube,True
461,3,21779,6:03:02,Miss Anshikai,90,youtube,False
462,1,14332,3:58:55,Ayush Raj,100,whisper,True
462,2,31633,8:47:16,Anushka Raj,91,youtube,False
462,3,24268,6:44:31,Anushka Rajput,90,whisper+youtube,False
463,1,16050,4:27:33,Prahar Mishra,98,youtube,True
463,2,19359,5:22:42,Prakhar Mishra,100,whisper+youtube,False
463,3,13429,3:43:52,Pratik Raj Mishra,96,whisper+youtube,True
464,1,19091,5:18:14,Anushia Anushia is,99,whisper+youtube,False
464,2,15088,4:11:31,Anushka Shir Saga,95,whisper+youtube,True
464,3,28371,7:52:54,Anushka Bajpay,94,youtube,False
465,1,14332,3:58:55,Aditya Sarkar,100,whisper+youtube,True
465,2,28692,7:58:15,Asmita Sarkar,95,whisper+youtube,False
465,3,20286,5:38:09,Adita Saraswati,88,youtube,False
466,1,15001,4:10:04,Nile Singh,97,whisper+youtube,True
466,2,14594,4:03:17,Ria Singh,89,whisper+youtube,True
466,3,16877,4:41:20,Singh,80,youtube,True
467,1,13858,3:51:01,Anikesh Sharma,99,whisper+youtube,True
467,2,24379,6:46:22,Anamika Sharma,95,whisper+youtube,False
467,3,27439,7:37:22,Ana Sharma,92,youtube,False
468,1,14465,4:01:08,Arushi Puri,100,whisper,True
468,2,14532,4:02:15,Arushi Puri,100,youtube,True
468,3,12765,3:32:48,Pri Ashwin,91,whisper+youtube,True
469,1,27608,7:40:11,Rianju Gautam,86,whisper,False
469,2,13093,3:38:16,Risha Gupta,85,whisper+youtube,True
469,3,14332,3:58:55,Rona Gupta,83,whisper,True
470,1,13604,3:46:47,Hakhre Ayush Dhananjay,100,whisper+youtube,True
470,2,22076,6:07:59,Ayush Kapkar,92,whisper+youtube,False
470,3,27488,7:38:11,Ayushman Tavari,90,whisper+youtube,False
471,1,20211,5:36:54,Nayan Jain,100,whisper+youtube,False
471,2,23996,6:39:59,Ananya Jain,96,whisper+youtube,False
471,3,14233,3:57:16,Bhavyaans Jain,92,whisper+youtube,True
472,1,16754,4:39:17,Akash Gupta,95,youtube,True
472,2,13560,3:46:03,Anish Kumar Gupta,92,whisper+youtube,True
472,3,22110,6:08:33,Akshhat Gupta,90,youtube,False
473,1,19112,5:18:35,Prashant Kashikar,87,whisper+youtube,False
473,2,13625,3:47:08,Parthu Krishna,81,whisper+youtube,True
473,3,23086,6:24:49,Kansika Patel,80,whisper,False
474,1,13967,3:52:50,Abhishek Singh,100,whisper+youtube,True
474,2,21091,5:51:34,Abhishek Kumar Singh,100,youtube,False
474,3,28149,7:49:12,Abhishek sing,100,whisper+youtube,False
475,1,27907,7:45:10,Priyanshu Nilesh Chaudhry,82,whisper,False
475,2,20742,5:45:45,Vishal Panda,79,youtube,False
475,3,26636,7:23:59,niran haripasha,77,youtube,False
476,1,23025,6:23:48,Arit Shukla,71,youtube,False
476,2,12420,3:27:03,Krishna Gar,71,whisper,True
476,3,21061,5:51:04,Nitisha Gar,71,youtube,False
477,1,12654,3:30:57,Samaj Satya,87,whisper+youtube,True
477,2,9599,2:40:02,Samrithi Sarma,83,whisper,False
477,3,9154,2:32:37,Sanra Sanjay Dang Supervisor Dr,79,youtube,False
478,1,18592,5:09:55,Sadhar Ja,81,youtube,False
478,2,15522,4:18:45,Siddhad Sihad,80,youtube,True
478,3,12469,3:27:52,Nitya Dhumar Sha,79,whisper+youtube,True
479,1,19355,5:22:38,Jet Jacob Matthew,100,whisper+youtube,False
479,2,31726,8:48:49,Ratchet Singh Johan,74,youtube,False
479,3,15279,4:14:42,That's it,71,whisper,True
480,1,15891,4:24:54,Harish Kumar Shukla,98,youtube,True
480,2,10781,2:59:44,Shukla Thrashta,95,whisper+youtube,False
480,3,13298,3:41:41,Shana Sharish Kumar,83,whisper,True
481,1,19397,5:23:20,Abhishek Mishra,100,whisper+youtube,False
481,2,17821,4:57:04,Parthvi Kalpesh Bhai Mishra,88,whisper,False
481,3,23045,6:24:08,Archie Sman Mishra,88,whisper,False
482,1,19481,5:24:44,Giriraj Parsever Om Singh,100,whisper+youtube,False
482,2,13617,3:47:00,Abhankar Pranav Pradeep,87,whisper+youtube,True
482,3,15283,4:14:46,You are a girl,85,whisper+youtube,True
483,1,20766,5:46:09,Tanish kaka,100,whisper+youtube,False
483,2,13560,3:46:03,Anish Kumar Gupta,87,whisper+youtube,True
483,3,17947,4:59:10,Anish Kumar Jaisman,87,whisper+youtube,False
484,1,14594,4:03:17,Shashidhar,80,whisper,True
484,2,18488,5:08:11,Sahesh Preet Kaur,76,whisper,False
484,3,14949,4:09:12,Mithul Shivasta,72,whisper,True
485,1,20011,5:33:34,Akash Singh,100,whisper+youtube,False
485,2,22930,6:22:13,Aksita Singh,99,whisper+youtube,False
485,3,21162,5:52:45,Akshit Singh,97,youtube,False
486,1,13026,3:37:09,Kushal Bana,88,whisper+youtube,True
486,2,24884,6:54:47,Krishna Girdhari Bhawan,86,whisper+youtube,False
486,3,22617,6:17:00,Saty Bhushan Bhaira,84,whisper,False
487,1,12562,3:29:25,Ruthvik Sanjay,100,whisper+youtube,True
487,2,23163,6:26:06,Sajab Rajabana Patish Ruti,89,whisper,False
487,3,30589,8:29:52,man sandal,86,youtube,False
488,1,18018,5:00:21,Ria Ben Dhaves Kumar Patel,91,whisper,False
488,2,18367,5:06:10,Ram Patel,90,whisper,False
488,3,16854,4:40:57,Arian Pares Patel,84,youtube,True
489,1,16825,4:40:28,Jai Sandhu,100,whisper+youtube,True
489,2,18592,5:09:55,Sadhar Ja,87,youtube,False
489,3,13945,3:52:28,Adi Jain,80,whisper,True
490,1,14217,3:57:00,Devganshi Vishapkarma,97,whisper+youtube,True
490,2,23888,6:38:11,Himanshu Vishwakarma,86,whisper,False
490,3,13226,3:40:29,Divyansh Sharma,84,whisper,True
491,1,18346,5:05:49,Diva Parhar,100,whisper+youtube,False
491,2,12446,3:27:29,Abhira Divedi,84,whisper+youtube,True
491,3,12525,3:28:48,Divya Anshkaran,84,whisper,True
492,1,15687,4:21:30,Ammo tripati,92,youtube,True
492,2,14465,4:01:08,Komal Tripathi,84,whisper,True
492,3,14594,4:03:17,Rishi Kal,79,whisper+youtube,True
493,1,17531,4:52:14,Utkash Anil Vag,87,youtube,True
493,2,31931,8:52:14,Uttar Shri Vashthal,82,whisper,False
493,3,18713,5:11:56,Vikarsha Dinesh Uttkar Shah Dinesh,81,whisper,False
494,1,24904,6:55:07,Diendra Singh,87,youtube,False
494,2,12993,3:36:36,Alind Singh,83,whisper+youtube,True
494,3,14464,4:01:07,Adita Vikram Singh,83,whisper+youtube,True
495,1,29286,8:08:09,Tanvi Patkare,83,whisper,False
495,2,26964,7:29:27,Annie Paul,83,whisper+youtube,False
495,3,14846,4:07:29,Shankar Anikit Anil,82,youtube,True
496,1,9914,2:45:17,Siman Na also second rank,81,youtube,False
496,2,10790,2:59:53,security Miss Pinaki Priya,78,youtube,False
496,3,18775,5:12:58,Vanshika Pyaagi,78,whisper,False
497,1,13733,3:48:56,Vedans Kapoor,100,whisper+youtube,True
497,2,12916,3:35:19,Devansh Kumar,89,whisper+youtube,True
497,3,28810,8:00:13,Vansprith Kaur Khannuja,84,whisper+youtube,False
498,1,19163,5:19:26,Aditi Bish,100,whisper+youtube,False
498,2,31033,8:37:16,Adit Krishit,93,whisper+youtube,False
498,3,17362,4:49:25,Aditi Shvasta,84,youtube,True
499,1,24865,6:54:28,Duresh Kumar Singh,86,youtube,False
499,2,13402,3:43:25,Suman Kumar Mishra,85,whisper,True
499,3,14465,4:01:08,Rupesh Ajit Kumar Soni,85,whisper,True
500,1,16662,4:37:45,Mahi Priya Dari,95,youtube,True
500,2,23476,6:31:19,Priyanka Vishrukar Ma,86,whisper,False
500,3,21367,5:56:10,Priyanchi Mahajan,85,youtube,False
501,1,13361,3:42:44,Harsh Mahajan,100,whisper+youtube,False
501,2,25920,7:12:03,Dhanish Mahajan,90,youtube,False
501,3,19339,5:22:22,Harsh Parman,82,whisper,True
502,1,19647,5:27:30,Hemanshu Mohan Jha,83,whisper,True
502,2,15522,4:18:45,Siddhad Sihad,81,youtube,True
502,3,19211,5:20:14,Shams Shadan Khan,80,whisper+youtube,True
503,1,15709,4:21:52,Swapnil Singh,100,youtube,True
503,2,30546,8:29:09,Samip Singh Chil Mehrotra,87,whisper,False
503,3,19907,5:31:50,Dewanchi Singh,85,youtube,True
504,1,12554,3:29:17,Abhay Yadav,100,whisper+youtube,False
504,2,18190,5:03:13,yada,77,youtube,True
504,3,20396,5:39:59,Yada,77,youtube,False
505,1,14163,3:56:06,Surubhi Singh,100,whisper+youtube,False
505,2,20178,5:36:21,Surya Prattab Singh,93,youtube,True
505,3,13710,3:48:33,Garbhi Singh,89,whisper,False
506,1,13516,3:45:19,Piyush Kumar,100,whisper,False
506,2,13679,3:48:02,Ayush Kumar Singh,96,whisper+youtube,False
506,3,28168,7:49:31,Ayush Kumar,96,whisper+youtube,False
507,1,21825,6:03:48,Supreme Aroda,88,whisper,False
507,2,16854,4:40:57,Arian Pares Patel,85,whisper+youtube,True
507,3,24564,6:49:27,Pratam Varva,77,whisper,False
508,1,17239,4:47:22,Samar Prith Singh,97,whisper,True
508,2,15299,4:15:02,Priti Naran Singh,97,youtube,True
508,3,20379,5:39:42,Aryan Singh Rathur,97,whisper+youtube,False
509,1,20660,5:44:23,Vikash Gurjaz,95,whisper,False
509,2,18713,5:11:56,Vikarsha Dinesh Uttkar Shah Dinesh,80,whisper,True
509,3,16754,4:39:17,Akash Gupta,75,youtube,True
510,1,26027,7:13:50,Patak,76,youtube,False
510,2,18018,5:00:21,Ria Ben Dhaves Kumar Patel,75,whisper,True
510,3,18413,5:06:56,Rudra Pratap Singh Chohan,75,whisper,True
511,1,20847,5:47:30,Agria Jooshi,96,youtube,False
511,2,12286,3:24:49,Kushi Agrial,88,whisper+youtube,False
511,3,15040,4:10:43,Arian Koshik,88,whisper+youtube,True
512,1,18258,5:04:21,Niasha Oja,92,whisper,True
512,2,19647,5:27:30,Hemanshu Mohan Jha,77,whisper,True
512,3,17155,4:45:58,Vanshika Bhojani,76,whisper,True
513,1,13980,3:53:03,Animesh Bajpayee,95,whisper,False
513,2,28371,7:52:54,Anushka Bajpay,90,whisper+youtube,False
513,3,18614,5:10:17,Anvesha Tapa Huh?,85,whisper+youtube,True
514,1,18347,5:05:50,Prashasti Priya,100,whisper+youtube,True
514,2,17133,4:45:36,Priya Shriast,92,whisper+youtube,True
514,3,22602,6:16:45,Pratam Prasad,87,whisper+youtube,False
515,1,14210,3:56:53,Abhishek Bhar Gowad,95,whisper,False
515,2,20102,5:35:05,Abhai Bhal,82,youtube,False
515,3,19234,5:20:37,Lakshi Sachin Bharat,82,whisper+youtube,True
516,1,18139,5:02:22,Hushi Agarwal,86,whisper+youtube,True
516,2,18309,5:05:12,Khashii Goel,85,whisper,True
516,3,24732,6:52:15,Hership Gotham,75,youtube,False
517,1,15120,4:12:03,Patel Harsh Rajendra,100,whisper+youtube,True
517,2,10883,3:01:26,Patel Guru Das Rajendra,100,whisper+youtube,False
517,3,21270,5:54:33,Rajep Patil,93,youtube,False
518,1,26043,7:14:06,Akshhat Agarwal,100,whisper+youtube,False
518,2,28459,7:54:22,Akshad Agraal,100,whisper+youtube,False
518,3,12864,3:34:27,Panisha Agarwal,90,whisper+youtube,False
519,1,21155,5:52:38,Om Sharma,100,youtube,False
519,2,27285,7:34:48,Omang Sharma,92,youtube,False
519,3,24043,6:40:46,Miss Somia Sharma Kumari,90,youtube,False
520,1,19757,5:29:20,Sagar Singh Kushwaha,100,whisper+youtube,True
520,2,12332,3:25:35,Shaare Singh,97,whisper+youtube,False
520,3,22401,6:13:24,Kush Singh,95,youtube,False
521,1,16138,4:29:01,Ankit Kumar,100,youtube,True
521,2,26230,7:17:13,Anit Kumar,100,whisper+youtube,False
521,3,23265,6:27:48,Anil Kumar,96,whisper+youtube,False
522,1,19298,5:21:41,Akshhat Sharma,100,whisper+youtube,True
522,2,22055,6:07:38,Akash Sharma,100,whisper+youtube,False
522,3,29492,8:11:35,Lakshita Sharma,98,whisper+youtube,False
523,1,19569,5:26:12,Samir Kumar,99,whisper+youtube,True
523,2,15001,4:10:04,Vishwam Samir Kumar Patel,99,whisper+youtube,True
523,3,27145,7:32:28,Mohit Kumar Sa,91,youtube,False
524,1,21597,6:00:00,Akshat Raj,100,whisper+youtube,False
524,2,29150,8:05:53,Ashwati Rajiv Nayar,94,whisper+youtube,False
524,3,31200,8:40:03,Ash Raj,92,youtube,False
525,1,13589,3:46:32,sorry sorry Arush Taluja,100,whisper+youtube,False
525,2,15784,4:23:07,Yash Talwani,79,youtube,True
525,3,18219,5:03:42,Arushi,77,whisper+youtube,True
526,1,16173,4:29:36,Adla Prasad Reddi,100,youtube,True
526,2,18413,5:06:56,Rudy Pra Singh Chahan,89,whisper+youtube,True
526,3,31432,8:43:55,Anjila Prashad Nayar,87,whisper,False
527,1,19538,5:25:41,Aryan Kushwa Huh?,76,youtube,True
527,2,18062,5:01:05,Hanshika Arora,71,whisper,True
527,3,13747,3:49:10,Khushagrasisodiya,70,whisper,False
528,1,12460,3:27:43,Manav Harish Bhai Patel,79,whisper+youtube,False
528,2,22752,6:19:15,Anjali Yash Krishnani,77,whisper,False
528,3,29576,8:12:59,Ishita Mejra,74,whisper,False
529,1,12274,3:24:37,Babha Rukumar Singh,100,whisper+youtube,False
529,2,32038,8:54:01,Bashnavi Singh Parihar,96,whisper+youtube,False
529,3,27375,7:36:18,Abhinav Kumar,95,whisper+youtube,False
530,1,16546,4:35:49,Shishir Agarwal,100,youtube,True
530,2,17234,4:47:17,Shrishi Agarwal,96,youtube,True
530,3,18139,5:02:22,Ghoshi Agarwal,87,whisper,True
531,1,27570,7:39:33,Abhas Padoriya,80,whisper,False
531,2,16872,4:41:15,Abhinav,80,youtube,True
531,3,21420,5:57:03,Vashnav Prammod Ah,78,youtube,False
532,1,18055,5:00:58,Arviyan Abhay Kumar Pachore,96,whisper,True
532,2,13124,3:38:47,Abhay Varma,82,whisper,False
532,3,19437,5:24:00,Arian Gaakquad,80,youtube,True
533,1,18298,5:05:01,Disha Naven,100,whisper+youtube,True
533,2,28824,8:00:27,Naveen Krishna,95,whisper+youtube,False
533,3,29246,8:07:29,Darshan Praveen Bocher,83,whisper,False
534,1,22173,6:09:36,Mayayur Vinayak Bharambe,100,whisper+youtube,False
534,2,16570,4:36:13,Many Bharat,86,youtube,True
534,3,14195,3:56:38,Bharti Kumari,84,whisper+youtube,False
535,1,27730,7:42:13,We are the go,78,youtube,False
535,2,18318,5:05:21,Goya,77,youtube,True
535,3,15203,4:13:26,Go,72,whisper+youtube,True
536,1,21420,5:57:03,Vashnav Prammod Ah,80,youtube,False
536,2,17792,4:56:35,Madhus Sudhan,77,youtube,True
536,3,17049,4:44:12,Vaibhav Chauhan,72,whisper,True
537,1,12667,3:31:10,Prabhu Naman,100,whisper+youtube,False
537,2,31494,8:44:57,Shri Prakash Mandhani,82,whisper,False
537,3,25040,6:57:23,Pranshu Sajan,81,whisper,False
538,1,13679,3:48:02,Ayush Kumar Singh,100,whisper+youtube,False
538,2,13742,3:49:05,Ayush Singh,100,whisper+youtube,False
538,3,14532,4:02:15,Ayush Kumar,100,whisper,False
539,1,17869,4:57:52,Utskash Bans,93,youtube,True
539,2,17531,4:52:14,Utkash Anil Vag,86,youtube,True
539,3,31931,8:52:14,Uttar Shri Vashthal,78,whisper,False
540,1,27553,7:39:16,Manisha Singh,94,whisper+youtube,False
540,2,17167,4:46:10,Trishi Singh,91,whisper+youtube,True
540,3,30421,8:27:04,Anushta Singh,89,youtube,False
541,1,14789,4:06:32,Alina Khan,98,whisper+youtube,False
541,2,22817,6:20:20,Alina Azam Khan,98,whisper+youtube,False
541,3,14446,4:00:49,Khan,80,youtube,False
542,1,18587,5:09:50,Nehil Nama,100,whisper+youtube,True
542,2,14277,3:58:00,Nehil Kumar Ambar,89,whisper,False
542,3,29670,8:14:33,Nikhil Nambiya,84,whisper+youtube,False
543,1,14277,3:58:00,Chitish Chandra Nayak,100,whisper+youtube,False
543,2,31338,8:42:21,Kush Nayak,87,youtube,False
543,3,28381,7:53:04,Rudra Nayat Raindra,86,youtube,False
544,1,14772,4:06:15,Josie Sai Shardul,95,youtube,True
544,2,18426,5:07:09,Abdu Sa Safik,85,whisper+youtube,True
544,3,21931,6:05:34,Mohit Sharma,84,whisper+youtube,False
545,1,16981,4:43:04,Raj Aryan,100,whisper+youtube,True
545,2,21625,6:00:28,Aryan Sharma,100,whisper+youtube,False
545,3,28736,7:58:59,Shubham Raj Sharma,100,whisper+youtube,False
546,1,12908,3:35:11,Tejas Dev,100,whisper,False
546,2,16489,4:34:52,Devan Kalura,76,youtube,True
546,3,9434,2:37:17,tea,71,youtube,False
547,1,16897,4:41:40,Saran Prajapati,97,whisper,True
547,2,27216,7:33:39,Aman Pratap,84,whisper+youtube,False
547,3,16982,4:43:05,Raj Aryan,83,whisper+youtube,True
548,1,16597,4:36:40,Anuman Anand Nayakan,97,youtube,True
548,2,28080,7:48:03,Shashank Anand Ashin Ny,91,youtube,False
548,3,9477,2:38:00,Anand Niyada,88,whisper,False
549,1,18319,5:05:22,Akshita Sakshina,89,whisper,True
549,2,19297,5:21:40,Aksha Sharma,85,whisper+youtube,True
549,3,9898,2:45:01,Asena Sakina second rank,83,youtube,False
550,1,15631,4:20:34,Dali Anul Ajip,93,youtube,True
550,2,23203,6:26:46,Miss Rajguru Vhavi Ajit,87,youtube,False
550,3,18829,5:13:52,Shrey Anshu Balerji,82,whisper,True
551,1,14175,3:56:18,Pisha Nandi,100,whisper+youtube,False
551,2,12538,3:29:01,Nandini Sharma,90,whisper+youtube,False
551,3,19143,5:19:06,Soham Nande,85,whisper,True
552,1,19541,5:25:44,Yovraj Pratap Singh,100,whisper+youtube,True
552,2,26128,7:15:31,Yura Singh,100,whisper+youtube,False
552,3,17057,4:44:20,Yuvra Singh Naruka,98,youtube,True
553,1,14465,4:01:08,Srishti,80,whisper,False
553,2,16907,4:41:50,Shri Pati Vaibhav Maitre,75,whisper,True
553,3,15142,4:12:25,it crits your ass here,73,whisper,True
554,1,12502,3:28:25,Shi Pande,91,youtube,False
554,2,24371,6:46:14,Thimanshu Pandey,90,whisper,False
554,3,12226,3:23:49,Disha Gupta Shivani Patel,89,whisper+youtube,False
555,1,18488,5:08:11,Sah Pri call,87,youtube,True
555,2,9658,2:41:01,Saha Priyang Si second rank,81,youtube,False
555,3,19031,5:17:14,SA Moria,76,youtube,True
556,1,16489,4:34:52,Devan Kalura,97,youtube,True
556,2,12916,3:35:19,Devansh Kumar,93,whisper+youtube,False
556,3,12839,3:34:02,Dev Arura,89,whisper+youtube,False
557,1,31696,8:48:19,Rajiv Ranjan Pratab Singh,81,youtube,False
557,2,18347,5:05:50,Prashasti Priya,78,whisper+youtube,True
557,3,18413,5:06:56,Rudra Pratap Singh Chohan,76,whisper,True
558,1,14765,4:06:08,Charu Dongray,99,whisper+youtube,False
558,2,14669,4:04:32,sit on the chair in the,88,whisper+youtube,False
558,3,15259,4:14:22,You are not doing anything,76,whisper,True
559,1,19275,5:21:18,Nishant Kumar,100,whisper+youtube,True
559,2,20330,5:38:53,Nishant Kumar,100,whisper+youtube,False
559,3,10073,2:47:56,Nisan Kumar,100,whisper+youtube,False
560,1,19001,5:16:44,Sanjana Gurbani,100,whisper+youtube,True
560,2,23214,6:26:57,Gauri Shankar,78,whisper,False
560,3,12069,3:21:12,Aran Sakena,76,youtube,False
561,1,12538,3:29:01,Nandini Sharma,91,whisper+youtube,False
561,2,15311,4:15:14,Naya Sharat Benoy,91,youtube,True
561,3,9139,2:32:22,Nira Sharma Dr,89,youtube,False
562,1,20139,5:35:42,Khushi Agriwal,78,whisper,False
562,2,18693,5:11:36,Anushri Jai Sarkar,78,whisper,True
562,3,17947,4:59:10,Jaswal,77,youtube,True
563,1,18488,5:08:11,Sahesh Preet Kaur,100,whisper,True
563,2,17341,4:49:04,Amar Prith Kaur,89,whisper,True
563,3,16936,4:42:19,Harshit Kurana,85,youtube,True
564,1,16853,4:40:56,Aryan Faresh Patel,92,whisper+youtube,True
564,2,26316,7:18:39,Watsal Arora,88,whisper+youtube,False
564,3,26547,7:22:30,Anway Arshan,86,whisper+youtube,False
565,1,18080,5:01:23,Prahar Gupta,100,whisper+youtube,True
565,2,25015,6:56:58,Pranaw Gupta,96,whisper+youtube,False
565,3,19449,5:24:12,Gopta Yogan Singh Rathar,86,whisper,True
566,1,19587,5:26:30,Mayang Raat,94,youtube,True
566,2,22509,6:15:12,Harsh Manik Parate,85,whisper+youtube,False
566,3,18909,5:15:12,Manav Rabat,84,whisper,True
567,1,18465,5:07:48,Virochha Sakshina,91,whisper+youtube,True
567,2,19327,5:22:10,Sabne Vrana Pradi,84,whisper+youtube,True
567,3,17023,4:43:46,Vipran Shanan,80,whisper,True
568,1,23096,6:24:59,Riyanshu Kumar Pandey,100,whisper+youtube,False
568,2,24427,6:47:10,Priyanchu Kumar Singh,100,whisper+youtube,False
568,3,12625,3:30:28,Prana Kumar,95,whisper+youtube,False
569,1,13733,3:48:56,Vedans Kapoor,92,whisper,False
569,2,28810,8:00:13,Vansprith Kaur Khannuja,87,whisper+youtube,False
569,3,17947,4:59:10,Anish Kumar Jaisman,85,whisper+youtube,True
570,1,15001,4:10:04,Vishwam Samir Kumar Patel,100,whisper+youtube,True
570,2,18543,5:09:06,Shivam Patel,100,whisper+youtube,True
570,3,12226,3:23:49,Disha Gupta Shivani Patel,95,whisper+youtube,False
571,1,27907,7:45:10,Priyanshu Nilesh Chaudhry,85,whisper,False
571,2,24542,6:49:05,Miss Priyanchi Podar,80,youtube,False
571,3,14669,4:04:32,sit on the chair in the,76,whisper+youtube,True
572,1,12956,3:35:59,Aryan Shuvastar,94,whisper+youtube,False
572,2,17123,4:45:26,Priya Shrivastava,90,whisper+youtube,True
572,3,20315,5:38:38,Arian Shivasta,88,youtube,False
573,1,18595,5:09:58,Gurbani Bhagal,78,whisper+youtube,True
573,2,19001,5:16:44,Sanjana Gurbani,77,whisper+youtube,True
573,3,13165,3:39:28,Sun center sun,77,youtube,False
574,1,17123,4:45:26,Priya Shrivastava,92,whisper+youtube,True
574,2,17663,4:54:26,Samar Prithi Shrivastava,84,whisper,True
574,3,18334,5:05:37,Ria Prashant,83,youtube,True
575,1,19449,5:24:12,Gopta Yogan Singh Rathar,100,whisper+youtube,True
575,2,20379,5:39:42,Aryan Singh Rathur,100,whisper+youtube,False
575,3,14789,4:06:32,Harsh Vardhan Singh Radhaar,99,whisper+youtube,True
576,1,21262,5:54:25,Nishant Sanjay Shindai,100,youtube,False
576,2,13774,3:49:37,Peskar Ishan Sachin,90,whisper+youtube,False
576,3,13189,3:39:52,shino satar,88,whisper+youtube,False
577,1,13544,3:45:47,Aditya Joshi,100,whisper+youtube,False
577,2,9533,2:38:56,Adita Din Josie,94,youtube,False
577,3,21412,5:56:55,Adith Jo,87,youtube,False
578,1,16853,4:40:56,Aryan Faresh Patel,95,whisper+youtube,True
578,2,18018,5:00:21,Ria Ben Dhaves Kumar Patel,92,whisper,True
578,3,15120,4:12:03,Patel Harsh Rajendra,86,whisper,True
579,1,18083,5:01:26,Om Deepak Patel,100,whisper+youtube,True
579,2,15382,4:16:25,Somi Deepnat,87,youtube,True
579,3,10084,2:48:07,Omar Deepepkumar third rank,86,youtube,False
580,1,22110,6:08:33,Akshhat Gupta,99,youtube,False
580,2,16754,4:39:17,Akash Gupta,95,youtube,True
580,3,29084,8:04:47,Amisha Gupta,95,whisper+youtube,False
581,1,16438,4:34:01,Rishi Jha,92,youtube,True
581,2,21515,5:58:38,Rim Jim Ja,83,youtube,False
581,3,18577,5:09:40,Riddhima Shavash Tava,74,whisper,True
582,1,17123,4:45:26,Priya Shrivastava,100,whisper+youtube,True
582,2,17663,4:54:26,Samar Prithi Shrivastava,87,whisper,True
582,3,9658,2:41:01,Saha Priyang Si second rank,85,youtube,False
583,1,17499,4:51:42,Manas Dhuvedi,91,whisper,True
583,2,22548,6:15:51,Di Mamta,79,whisper,False
583,3,23036,6:23:59,Manav,74,youtube,False
584,1,18209,5:03:32,Ishita Sharma,95,whisper+youtube,True
584,2,28693,7:58:16,Ashmita Sar,86,youtube,False
584,3,26949,7:29:12,Swati suchita samra,85,youtube,False
585,1,14332,3:58:55,Abhidya Abhinandan,98,whisper+youtube,False
585,2,16597,4:36:40,Anuman Anand Nayakan,76,youtube,True
585,3,14726,4:05:29,by one in a queue,74,youtube,False
586,1,14830,4:07:13,Harsh Markandes,100,whisper+youtube,True
586,2,16385,4:33:08,Harsh Anand,87,youtube,True
586,3,24353,6:45:56,Harsh Anand Karika,87,whisper,False
587,1,17244,4:47:27,Pratam Mangadia,90,youtube,True
587,2,19105,5:18:28,Bhargavi Praash Deodsha,89,whisper+youtube,True
587,3,31312,8:41:55,Pratam Bhakna,88,whisper,False
588,1,15694,4:21:37,nimsh Hello,85,youtube,True
589,1,14878,4:08:01,Aslita Pal,100,whisper+youtube,False
589,2,22850,6:20:53,Anima Vishwanath Pal,93,whisper+youtube,False
589,3,13056,3:37:39,Aditya Paal,92,whisper+youtube,False
590,1,16356,4:32:39,Imtisal Sahil Sari,100,youtube,True
590,2,24156,6:42:39,Ansh Saho,89,whisper+youtube,False
590,3,28987,8:03:10,Andria Kash Ship,83,youtube,False
591,1,15349,4:15:52,Aryan Gupta,100,youtube,True
591,2,27271,7:34:34,Aryan Gupta,100,whisper,False
591,3,10437,2:54:00,Sarang's Gupta,96,whisper+youtube,False
592,1,26206,7:16:49,Kushi Tripathi,89,whisper+youtube,False
592,2,26631,7:23:54,Tisha Chaudhri,74,whisper,False
592,3,15827,4:23:50,Bulashia warm,74,youtube,True
593,1,20139,5:35:42,Khushi Agriwal,82,whisper,False
593,2,15949,4:25:52,Costub Agraal,81,youtube,True
593,3,28072,7:47:55,Kashinath Ar,78,whisper,False
594,1,21523,5:58:46,Aditi Shvastav,94,youtube,False
594,2,19803,5:30:06,Aditya Raj Shivasta,93,whisper+youtube,True
594,3,17362,4:49:25,Aditi Shvasta,92,youtube,True
595,1,17275,4:47:58,Ishaan Varma,99,whisper+youtube,True
595,2,24721,6:52:04,Sathant Varma,88,whisper+youtube,False
595,3,19065,5:17:48,Chandan Kumar Verma,83,whisper,True
596,1,18921,5:15:24,Kabade Om Villain,100,whisper+youtube,True
596,2,16207,4:30:10,Om Kumar Mishna,83,youtube,True
596,3,19430,5:23:53,Romel nil Sai,73,youtube,True
597,1,22539,6:15:42,Miss Santosini Sahu,88,whisper+youtube,False
597,2,19582,5:26:25,Son Sarta Kershal,88,youtube,True
597,3,28286,7:51:29,Harsh Saxena,87,whisper,False
598,1,19541,5:25:44,Yovraj Pratap Singh,100,whisper+youtube,True
598,2,18413,5:06:56,Rudra Pratap Singh Chohan,100,whisper+youtube,True
598,3,21898,6:05:01,Aditya Pratap Singh,100,whisper,False
599,1,27361,7:36:04,Arav Katlana,90,whisper+youtube,False
599,2,19211,5:20:14,Shams Shadan Khan,85,whisper+youtube,True
599,3,29549,8:12:32,Sautri Dhana,83,youtube,False
600,1,17373,4:49:36,Agarwal,77,youtube,True
600,2,16261,4:31:04,Somia,74,youtube,True
600,3,17773,4:56:16,M Sai Gora,71,youtube,True
601,1,26439,7:20:42,Kanjul Verma,86,whisper,False
601,2,23737,6:35:40,Sanjani Varma,83,whisper,False
601,3,29614,8:13:37,Anjila Varma,82,whisper,False
602,1,16973,4:42:56,Gunupuru Moria,98,whisper+youtube,True
602,2,15249,4:14:12,Hurry up,72,whisper,True
602,3,13418,3:43:41,Maurya,72,whisper,False
603,1,19111,5:18:34,Isha Prasanth Kashikar,100,whisper+youtube,True
603,2,19362,5:22:45,Prahar Mishra Huh?,93,whisper+youtube,True
603,3,16050,4:27:33,Prahar Mishra,88,youtube,True
604,1,15904,4:25:07,Satrajit Mukharji,94,youtube,True
604,2,19501,5:25:04,Mith Bhikani Shishir Samir Mukherjee,89,whisper+youtube,True
604,3,29065,8:04:28,Shri Mukhi,79,whisper,False
605,1,13530,3:45:33,Anvith Imanshu Kumar Singh,100,whisper+youtube,False
605,2,17947,4:59:10,Anish Kumar Jaisman,95,whisper+youtube,True
605,3,20423,5:40:26,Hash Kumar,92,whisper,False
606,1,13347,3:42:30,Arihan Bandari,81,whisper+youtube,False
606,2,18048,5:00:51,ana shastav,81,whisper+youtube,True
606,3,16129,4:28:52,Sith Bhaskar,79,youtube,True
607,1,20011,5:33:34,Akash Singh,100,whisper+youtube,False
607,2,22930,6:22:13,Aksita Singh,99,whisper+youtube,False
607,3,20735,5:45:38,Ash Panchan Singh,97,youtube,False
608,1,17013,4:43:36,Akshhat Kumar,91,whisper+youtube,True
608,2,29107,8:05:10,Kushi Kumari,89,youtube,False
608,3,16817,4:40:20,Sumit Kumar Tiwari,89,whisper+youtube,True
609,1,18707,5:11:50,Mehika Keish Kamat,87,whisper+youtube,True
609,2,27480,7:38:03,Rishika Ratesh Shavasti,84,whisper+youtube,False
609,3,13151,3:39:14,akshhat mishra,79,youtube,False
610,1,16138,4:29:01,Ankit Kumar,100,youtube,True
610,2,29776,8:16:19,Rahul Kumar Jha,100,whisper,False
610,3,26230,7:17:13,Anit Kumar,100,whisper+youtube,False
611,1,17239,4:47:22,Simmerit Singh,90,youtube,True
611,2,30546,8:29:09,Samip Singh Chil Mehrotra,90,whisper,False
611,3,19481,5:24:44,Giriraj Parsever Om Singh,84,whisper,True
612,1,17234,4:47:17,Shrishi Agarwal,96,youtube,True
612,2,16546,4:35:49,Shishir Agarwal,91,youtube,True
612,3,29950,8:19:13,Samriti Agrawal,90,whisper,False
613,1,18721,5:12:04,Anvesha Chatterjee,100,whisper+youtube,True
613,2,17073,4:44:36,Anishwad Chadri,82,whisper+youtube,True
613,3,25024,6:57:07,Kesha Kumar Cha,81,youtube,False
614,1,19071,5:17:54,Pradesh Agnihotri,94,whisper+youtube,True
614,2,17239,4:47:22,Samar Prith Singh,80,whisper,True
614,3,15299,4:15:02,Priti Naran Singh,80,youtube,True
615,1,18703,5:11:46,Devya Tibari,93,whisper+youtube,True
615,2,16512,4:35:15,Yeshua Van Tari,82,youtube,True
615,3,15815,4:23:38,Dwanch Tari,80,youtube,True
616,1,17057,4:44:20,Yuvra Singh Naruka,100,youtube,True
616,2,19541,5:25:44,Yovraj Pratap Singh,100,whisper+youtube,True
616,3,26128,7:15:31,Yura Singh,100,whisper+youtube,False
617,1,14839,4:07:22,Pratamesh Parak Chri,98,whisper+youtube,False
617,2,13003,3:36:46,Patnam para wenitasai,93,whisper+youtube,False
617,3,22603,6:16:46,Pratham Prasad,90,whisper+youtube,False
618,1,14121,3:55:24,Nitin Kumar,100,whisper+youtube,False
618,2,31439,8:44:02,Nitan Kumar Mishra,95,youtube,False
618,3,22684,6:18:07,Nikil Kumar,94,whisper+youtube,False
619,1,14422,4:00:25,Kamal Yadav,100,whisper+youtube,False
619,2,19324,5:22:07,Shashi Kumar Yadav,88,youtube,True
619,3,27361,7:36:04,Arav Katlana,77,whisper,False
620,1,16696,4:38:19,Sneha Mishra,100,youtube,True
620,2,23244,6:27:27,Feshnavi Mishra,87,whisper,False
620,3,27553,7:39:16,Manisha Singh,81,whisper,False
621,1,18713,5:11:56,Vikarsha Dinesh Uttkar Shah Dinesh,98,whisper+youtube,True
621,2,21888,6:04:51,Miss Kuhu Mitesh Champan area,84,whisper+youtube,False
621,3,15770,4:22:53,Dian Takur,80,youtube,True
622,1,24738,6:52:21,Alina Saji,84,whisper+youtube,False
622,2,14886,4:08:09,Ashita Palma,82,whisper+youtube,True
622,3,15598,4:20:01,Alina Ali Nazim,81,youtube,True
623,1,17032,4:43:55,Shomro Chakraorti,93,whisper+youtube,True
623,2,14714,4:05:17,so all the graduates please be seated on the chair,80,whisper,False
623,3,18797,5:13:20,Thank you so much,76,whisper+youtube,True
624,1,19558,5:26:01,Aichel Di,82,youtube,True
624,2,18337,5:05:40,Dilvia Parihar,74,whisper,True
624,3,22904,6:21:47,Arun Dinev Ocha,73,whisper,False
625,1,18728,5:12:11,Diksha Kushwa,96,whisper+youtube,True
625,2,19297,5:21:40,Aksha Sharma,81,whisper+youtube,True
625,3,26431,7:20:34,Kushagra,77,whisper+youtube,False
626,1,13423,3:43:46,Aloo Shukla,99,whisper+youtube,False
626,2,15719,4:22:02,Palak Chukla,84,youtube,True
626,3,16088,4:28:11,Shukla,80,youtube,True
627,1,31485,8:44:48,Tan Simbal,84,youtube,False
627,2,16807,4:40:10,Tanvir Ekbal,83,whisper+youtube,True
627,3,10309,2:51:52,Sibanal,63,youtube,False
628,1,19065,5:17:48,Chandan Kumar Verma,100,whisper+youtube,True
628,2,25024,6:57:07,Kesha Kumar Cha,98,whisper+youtube,False
628,3,22560,6:16:03,Mandana Kumari,94,whisper+youtube,False
629,1,16317,4:32:00,Hakim Muhammad Salawin,90,youtube,True
629,2,22127,6:08:50,Mohamma Takreem Khan,91,whisper,False
629,3,14668,4:04:31,call them? All the graduate who are,81,whisper+youtube,True
630,1,15554,4:19:17,Adita Dubet,94,youtube,True
630,2,10973,3:02:56,Administration who have been duly,81,youtube,False
630,3,16554,4:35:57,Prajit Dubet,79,youtube,True
631,1,19803,5:30:06,Adit Raj,80,whisper+youtube,True
631,2,16462,4:34:25,Ajit,80,youtube,True
631,3,12446,3:27:29,Air Di,80,youtube,False
632,1,20011,5:33:34,Akash Singh,100,whisper+youtube,True
632,2,24873,6:54:36,Akash Shibham Pratab Singh,100,whisper,False
632,3,14277,3:58:00,Rakesh Kumar Singh,96,whisper+youtube,False
633,1,18334,5:05:37,Ria Prashant,100,whisper+youtube,True
633,2,21712,6:01:55,Manoj Kumar Pradhan,91,whisper+youtube,False
633,3,31494,8:44:57,Shri Prakash Mandhani,85,whisper,False
634,1,13952,3:52:35,Paryag Anil Thakur,100,whisper,False
634,2,14846,4:07:29,Shankar Anikit Anil,87,youtube,False
634,3,31402,8:43:25,Anjila Prashad Nayar,87,whisper,False
635,1,19541,5:25:44,Yovraj Pratap Singh,100,whisper+youtube,True
635,2,18413,5:06:56,Rudra Pratap Singh Chohan,100,whisper+youtube,True
635,3,15621,4:20:24,Pratam Amit Singh,100,youtube,False
636,1,14233,3:57:16,Bhavyaans Jain,100,whisper+youtube,False
636,2,23932,6:38:55,Bharat Jain,95,whisper+youtube,False
636,3,20211,5:36:54,Nayan Jain,87,whisper,True
637,1,22163,6:09:26,Apex Aryan Das,100,whisper,False
637,2,20357,5:39:20,Aryan Abhiji Desh Pande,88,youtube,True
637,3,27955,7:45:58,Yash Arya,84,whisper,False
638,1,17073,4:44:36,Anishwad Chadri,84,whisper+youtube,True
638,2,16375,4:32:58,Nishan Chow,77,youtube,True
638,3,18614,5:10:17,Anvesha Tapa Huh?,74,youtube,True
639,1,19851,5:30:54,Rishikesh Raoud,91,whisper+youtube,True
639,2,14707,4:05:10,Uh graduates,83,whisper+youtube,False
639,3,10011,2:46:54,Hurse Raj,78,youtube,False
640,1,13989,3:53:12,Yaspreet,78,whisper,False
640,2,27428,7:37:11,Yash Horwal,76,whisper+youtube,False
640,3,21023,5:50:26,Yash Agarwal,71,youtube,True
641,1,31268,8:41:11,Ana Singh,90,whisper+youtube,False
641,2,13012,3:36:55,nishta mahar,89,youtube,False
641,3,14184,3:56:27,Sasaan Kumar Singh,85,whisper,False
642,1,22263,6:11:06,Anaswar El,85,whisper+youtube,False
642,2,13822,3:50:25,Anaskhan,69,whisper,False
642,3,31268,8:41:11,Ana Singh,69,youtube,False
643,1,18715,5:11:58,Utkar Desha,85,whisper+youtube,True
643,2,13858,3:51:01,Anikesh Sharma,83,whisper+youtube,False
643,3,21301,5:55:04,Rakkesh Sutar,81,youtube,False
644,1,21660,6:01:03,Koshal Gangar,92,youtube,False
644,2,20717,5:45:20,Omar Ankushwa Gayakar,84,whisper+youtube,True
644,3,13026,3:37:09,Kushal Bana,84,youtube,False
645,1,16676,4:37:59,Ashwari Anand Naidu,100,youtube,True
645,2,9477,2:38:00,Anand Niyada,88,whisper,False
645,3,27439,7:37:22,Ana Sharma,88,whisper+youtube,False
646,1,19324,5:22:07,Shashi Kumar Yadav,96,whisper+youtube,True
646,2,24053,6:40:56,Tanisha Yadav,92,whisper+youtube,False
646,3,18189,5:03:12,Nandesh Yada,87,whisper+youtube,True
647,1,21862,6:04:25,Sam Rajas Chandra Shakhar,81,youtube,False
647,2,14138,3:55:41,Amar Saroha,79,whisper,False
647,3,19135,5:18:58,Bavar Om Somnath,76,whisper,True
648,1,28470,7:54:33,Deepak Kumar,100,whisper+youtube,False
648,2,12746,3:32:29,Deepak Kumar,100,whisper+youtube,False
648,3,20396,5:39:59,Ashtoh Kumar,96,whisper+youtube,True
649,1,20636,5:43:59,Danesh Prashant,94,youtube,True
649,2,19112,5:18:35,Prashant Kashikar,86,whisper+youtube,True
649,3,11115,3:05:18,you have been presented,82,whisper+youtube,False
651,1,19862,5:31:05,Shashank Sharma Huh?,100,youtube,True
651,2,18387,5:06:30,Shani Sharma,97,whisper+youtube,True
651,3,24328,6:45:31,Sharan Sharma,94,youtube,False
652,1,21660,6:01:03,Koshal Gangar,77,youtube,False
652,2,26757,7:26:00,Akshay J,76,whisper,False
652,3,18943,5:15:46,Lakshjan,74,whisper,True
653,1,18735,5:12:18,Arunanshi Koshish,99,whisper+youtube,True
653,2,28072,7:47:55,Kashinath Ar,87,whisper+youtube,False
653,3,19091,5:18:14,Anushia Anushia is,84,whisper+youtube,True
654,1,16365,4:32:48,Arsh Kumar,100,youtube,True
654,2,28169,7:49:32,Aush Kumar,98,whisper+youtube,False
654,3,18937,5:15:40,Harsh Kumar,97,whisper,True
655,1,14276,3:57:59,Chirak Chaudhary,99,whisper+youtube,False
655,2,20535,5:42:18,Chokra Jai Chokra Varthi,87,whisper+youtube,True
655,3,26500,7:21:43,Idra Chaudhri,85,whisper+youtube,False
656,1,12577,3:29:40,Sauraj Saha,100,whisper+youtube,False
656,2,31707,8:48:30,Srita Saha,86,youtube,False
656,3,29342,8:09:05,Sania Shoria,86,whisper+youtube,False
657,1,14224,3:57:07,Rup Kumar Bansal,100,whisper+youtube,False
657,2,19219,5:20:22,Ronit Kumar Mandal,94,whisper+youtube,True
657,3,12275,3:24:38,Babhal Kumar Singh,91,youtube,False
658,1,17987,4:59:50,Srishti Shrivastava,97,whisper,True
658,2,17907,4:58:30,Srishti Shrivastava,97,whisper,True
658,3,17362,4:49:25,Aditi Shvasta,77,youtube,True
659,1,18937,5:15:40,Hersh Kumar,84,youtube,True
659,2,18018,5:00:21,Bhavesh Kumar,82,youtube,True
659,3,18488,5:08:11,Sahesh Preet Kaur,72,whisper,True
660,1,16385,4:33:08,Harsh Anand,100,youtube,True
660,2,24353,6:45:56,Harsh Anand Karika,100,whisper+youtube,False
660,3,23559,6:32:42,Harsh Ranjan,96,whisper+youtube,False
661,1,19013,5:16:56,Shreya Nayar,89,whisper,True
661,2,27663,7:41:06,Nari Sarah Chandra Narayana Rao,85,youtube,False
661,3,14708,4:05:11,please seated on the chair,81,whisper+youtube,False
662,1,15741,4:22:24,Pushag Vardan,90,youtube,True
662,2,24328,6:45:31,Shri Vardhan Sharma,91,whisper,False
662,3,21712,6:01:55,Manoj Kumar Pradhan,88,whisper+youtube,False
663,1,18745,5:12:28,Kushi Gupta,100,whisper+youtube,True
663,2,24926,6:55:29,The Hush Gupta,94,youtube,False
663,3,28277,7:51:20,Ayushi Gupta,94,whisper+youtube,False
664,1,16164,4:29:27,Arin Krishna Sang God,90,youtube,True
664,2,28824,8:00:27,Naveen Krishna,95,whisper+youtube,False
664,3,13877,3:51:20,Ar Sri Krishna Kasiad,91,whisper,False
665,1,31103,8:38:26,Priyanchu Sharma,96,youtube,False
665,2,10416,2:53:39,Priya Bharma,95,whisper+youtube,False
665,3,13226,3:40:29,Divyansh Sharma,90,whisper,False
666,1,19597,5:26:40,Arunabh De,96,whisper,True
666,2,12839,3:34:02,Dev Arura,85,whisper,False
666,3,20357,5:39:20,Aryan Abhiji Desh Pande,83,youtube,True
667,1,12577,3:29:40,Sauraj Saha,79,whisper,False
667,2,28737,7:59:00,Shoubam Raj Sharma Huh,79,youtube,False
667,3,17960,4:59:23,Sores Sharma,78,youtube,True
668,1,15671,4:21:14,Parade Aurora,90,youtube,False
668,2,16854,4:40:57,Arian Pares Patel,87,whisper+youtube,True
668,3,12840,3:34:03,Dave Aurora,84,youtube,False
669,1,12256,3:24:19,Neha Atole,100,whisper+youtube,False
669,2,15199,4:13:22,expected to behave,78,youtube,False
669,3,18781,5:13:04,Everyone needs to be seated,77,whisper+youtube,True
670,1,17083,4:44:46,Ishita Kanga,100,whisper+youtube,True
670,2,19729,5:28:52,An kana,86,youtube,True
670,3,9420,2:37:03,Banksi Kassarma,85,whisper,False
671,1,15068,4:11:11,Prisha Vashish,98,whisper+youtube,False
671,2,18488,5:08:11,Sahesh Preet Kaur,81,whisper,True
671,3,19112,5:18:35,Prashant Kashikar,80,whisper+youtube,True
672,1,27907,7:45:10,Priyanshu Nilesh Chaudhry,89,whisper,False
672,2,26330,7:18:53,Tanish Chauhan,88,whisper+youtube,False
672,3,18839,5:14:02,Chha Ayayush Bechan,79,whisper+youtube,True
673,1,17041,4:44:04,Ramesh,85,whisper+youtube,True
673,2,26213,7:16:56,Kushi Ramesh Pandey,85,whisper+youtube,False
673,3,23759,6:36:02,Parthib Rajesh,78,whisper+youtube,False
674,1,21427,5:57:10,Nishant Gupta,100,youtube,False
674,2,21050,5:50:53,Ishant Gupta,98,youtube,True
674,3,20914,5:48:37,Nishtal Gupta,95,youtube,True
675,1,15611,4:20:14,Muhammad Ayan,90,youtube,False
675,2,31068,8:37:51,Muhammad Ayan Khan,90,youtube,False
675,3,13597,3:46:40,Madhav Dayan,87,whisper,False
676,1,12338,3:25:41,Anshund Devan,84,whisper,False
676,2,19431,5:23:54,Anish Desai,83,whisper,True
676,3,29256,8:07:39,Anshul Devar,80,whisper,False
677,1,15930,4:25:33,Sanvi Sharma,98,youtube,True
677,2,18387,5:06:30,Shani Sharma,97,whisper+youtube,True
677,3,24328,6:45:31,Sharan Sharma,90,youtube,False
678,1,13877,3:51:20,Ar Sri Krishna Kasiad,92,whisper+youtube,False
678,2,31707,8:48:30,Shri Rita Shah,87,whisper+youtube,False
678,3,23485,6:31:28,Lashram Krishna Kumari,83,whisper+youtube,False
679,1,14830,4:07:13,Shankar Varani Keshaval,81,whisper,False
679,2,23737,6:35:40,Sanjani Varma,78,whisper,False
679,3,22903,6:21:46,Arin Bin Oa,77,youtube,False
680,1,17199,4:46:42,Patil Jaya Sharad,100,whisper+youtube,True
680,2,19415,5:23:38,Jaya Dipti Mishra,94,whisper+youtube,True
680,3,23830,6:37:13,Jaya Mishra,94,whisper+youtube,False
681,1,18387,5:06:30,Shani Sharma,84,whisper+youtube,True
681,2,28614,7:56:57,Roshni Sharma,82,whisper+youtube,False
681,3,18702,5:11:45,Brihanchi Sharma,79,youtube,True
682,1,19431,5:23:54,Anish Desai,96,whisper+youtube,True
682,2,18083,5:01:26,Om Deepak Patel,83,whisper+youtube,True
682,3,18713,5:11:56,Vikarsha Dinesh Uttkar Shah Dinesh,83,whisper+youtube,True
683,1,9656,2:40:59,Data Science,75,whisper+youtube,False
683,2,9464,2:37:47,Data Science,75,whisper+youtube,False
683,3,9357,2:36:00,Artificial Intelligence Data Science,75,whisper+youtube,False
684,1,21367,5:56:10,Priyanchi Mahajan,98,youtube,False
684,2,22841,6:20:44,Prane Mahajan,95,whisper+youtube,False
684,3,16662,4:37:45,Mahi Priya Dari,86,youtube,True
685,1,19525,5:25:28,Mohanish Bhavishkar Utsav Jha,100,whisper+youtube,True
685,2,12634,3:30:37,Saurav Jha,87,whisper,False
685,3,18713,5:11:56,Vikarsha Dinesh Uttkar Shah Dinesh,74,whisper,True
686,1,18402,5:06:45,Kajel Raj,100,whisper+youtube,True
686,2,23163,6:26:06,Miss Sajab Raja,84,youtube,False
686,3,14241,3:57:24,Raj,80,youtube,False
687,1,20407,5:40:10,Sashan Kumar,99,whisper+youtube,True
687,2,23154,6:25:57,Shah Krishy Chalesh Kumar,99,whisper+youtube,False
687,3,14184,3:56:27,Sashan Kumar Singhumar,99,whisper+youtube,False
688,1,15473,4:17:56,Nagpal,80,youtube,False
688,2,18037,5:00:40,Ranjal Nahar,78,whisper+youtube,True
688,3,19449,5:24:12,Gopta Yogan Singh Rathar,76,whisper,True
689,1,13456,3:44:19,Manan said,80,youtube,False
689,2,19915,5:31:58,Anam,80,youtube,True
689,3,19327,5:22:10,Sabne Vrana Pradi,78,whisper+youtube,True
690,1,15107,4:11:50,a Singh Raat,100,whisper+youtube,False
690,2,21246,5:54:09,Adhira Singh Raat,97,youtube,False
690,3,30983,8:36:26,part singh raat,97,youtube,False
691,1,23768,6:36:11,Raksita Maka,100,whisper+youtube,False
691,2,14277,3:58:00,Rakesh Kumar Singh,86,whisper+youtube,False
691,3,18319,5:05:22,Akshita Sakshina,84,whisper+youtube,True
692,1,16196,4:29:59,Swastik Nanda,100,youtube,True
692,2,19324,5:22:07,Shashi Kumar Yadav,80,whisper+youtube,True
692,3,26624,7:23:47,Upandar Satri Varus,80,whisper,False
693,1,29342,8:09:05,Sania Shoria,88,whisper,False
693,2,21076,5:51:19,Shu Rana,85,whisper+youtube,True
693,3,13491,3:44:54,Subana shukla,85,whisper+youtube,False
694,1,28653,7:57:36,Aishwarya Tripathi,80,whisper+youtube,False
694,2,15784,4:23:07,Yash Talwani,76,youtube,True
694,3,12599,3:30:02,Tibari,73,youtube,False
695,1,19461,5:24:24,Kothari Sujal Maloj,100,whisper+youtube,True
695,2,22093,6:08:16,Ujwal Khomar,84,whisper,False
695,3,14113,3:55:16,Manul Tehagi,83,whisper+youtube,False
696,1,8774,2:26:17,Santas Kumar Sahu,84,youtube,False
696,2,9898,2:45:01,Asena Sakina second rank,82,youtube,False
696,3,9611,2:40:14,Sagnik Sen,80,youtube,False
697,1,18497,5:08:20,Gurlin Kaur,80,whisper+youtube,True
697,2,27730,7:42:13,We are the go,78,youtube,False
697,3,15507,4:18:30,Gori g,76,youtube,False
698,1,20324,5:38:47,Ashi Jan,94,youtube,True
698,2,31857,8:51:00,Ashwin Jair,88,whisper,False
698,3,18693,5:11:36,Anushri Jai Sarkar,88,whisper,True
699,1,18555,5:09:18,Shinja Sar,85,youtube,True
699,2,9658,2:41:01,Saha Priyang Si second rank,84,youtube,False
699,3,22297,6:11:40,Shrian Sharma,80,youtube,False
700,1,16963,4:42:46,Amandip Zeng Khalsa,96,whisper,True
700,2,28918,8:02:01,Amandep Singh,100,whisper+youtube,False
700,3,27970,7:46:13,Aman Kumar Singh,100,whisper+youtube,False
701,1,21317,5:55:20,Anushka Singh,100,youtube,False
701,2,30420,8:27:03,Anushka Singh,100,whisper+youtube,False
701,3,29746,8:15:49,Anubha Kumar Singh,100,whisper+youtube,False
702,1,14050,3:54:13,Gharas Sanjana,100,whisper+youtube,False
702,2,9154,2:32:37,Sanra Sanjay Dang Supervisor Dr,93,whisper+youtube,False
702,3,19233,5:20:36,Laksh Sachin Bharat Dhuaj,87,whisper+youtube,True
703,1,17049,4:44:12,Vaibhav Chauhan,100,whisper+youtube,True
703,2,26184,7:16:27,Abhinav Chauhan,92,whisper,False
703,3,20688,5:44:51,Ab Chan,79,youtube,True
704,1,21625,6:00:28,Aryan Sharma,100,whisper+youtube,False
704,2,28064,7:47:47,Arja Sharma,96,whisper+youtube,False
704,3,12719,3:32:02,Aman Sharma,95,whisper+youtube,False
705,1,15068,4:11:11,Kashi Sharma,100,whisper+youtube,False
705,2,26104,7:15:07,Sakshi Sharma,92,whisper,False
705,3,12205,3:23:28,sham kumar kashab,88,youtube,False
706,1,18937,5:15:40,Harsh Kumar,100,whisper+youtube,True
706,2,15891,4:24:54,Harish Kumar Shukla,98,youtube,True
706,3,20423,5:40:26,Hash Kumar,97,whisper,True
707,1,18751,5:12:34,Dhanishtha Gupta,100,whisper+youtube,True
707,2,23746,6:35:49,Sarthak Das Gupta,94,whisper+youtube,False
707,3,27466,7:37:49,Nehloh Das Gupta,90,whisper,False
708,1,18268,5:04:31,Dhani Behl,91,whisper,True
708,2,20102,5:35:05,Abhai Bhal,88,whisper+youtube,True
708,3,14077,3:54:40,boy chatanya Bal Krishna,88,whisper+youtube,False
709,1,20227,5:37:10,Vedant Ere,100,whisper,True
709,2,10798,3:00:01,and 54 others in absence here for the,85,youtube,False
709,3,10581,2:56:24,11 others in absence here for,85,youtube,False
710,1,21359,5:56:02,Nitisha Gupta,100,youtube,False
710,2,13560,3:46:03,Anish Kumar Gupta,95,whisper+youtube,False
710,3,12226,3:23:49,Disha Gupta Shivani Patel,95,whisper+youtube,False
711,1,20717,5:45:20,Omar Ankushwa Gayakar,99,whisper+youtube,False
711,2,29746,8:15:49,Anubha Kumar Singh,84,whisper+youtube,False
711,3,18279,5:04:42,Anushka Sachin Mandar,83,whisper+youtube,True
712,1,21914,6:05:17,Shambhavi Chaube,94,whisper,False
712,2,20591,5:43:14,Dipayankar Riyabel Chobam Varma,78,whisper+youtube,True
712,3,19862,5:31:05,Shashank Sharma Huh?,75,youtube,True
713,1,20254,5:37:37,Suyash Bandi,100,youtube,True
713,2,17869,4:57:52,Utskash Bans,87,whisper+youtube,True
713,3,12294,3:24:57,Ayash Kandri,82,whisper,False
714,1,18948,5:15:51,Vikas Patak,100,whisper+youtube,True
714,2,15001,4:10:04,Vishwam Samir Kumar Patel,83,whisper+youtube,False
714,3,15777,4:23:00,Vira Partidar,80,youtube,True
715,1,17143,4:45:46,Tuti Raghuvanshi,100,whisper+youtube,True
715,2,14263,3:57:46,Nayal Sunil Turyavansi,75,whisper,False
715,3,27867,7:44:30,Vaka Suhail Abhas,73,whisper,False
716,1,19769,5:29:32,Yash Singh,100,youtube,True
716,2,17763,4:56:06,Yash Singh Ashok Singh Chawan,100,youtube,True
716,3,20735,5:45:38,Ash Panchan Singh,96,youtube,True
717,1,20039,5:34:02,Azmat Yusuf,100,whisper+youtube,True
718,1,23283,6:28:06,Sheh Saniya Meh,86,whisper,False
718,2,26592,7:23:15,Take your designated seats,83,whisper+youtube,False
718,3,28349,7:52:32,Ryan Santosh Joseph,80,whisper,False
719,1,16765,4:39:28,Shri Shukla Ah,96,youtube,True
719,2,17982,4:59:45,Ashto Shukla,85,youtube,True
719,3,15891,4:24:54,Harish Kumar Shukla,83,youtube,True
720,1,31463,8:44:26,Hardik Nagpal,93,whisper+youtube,False
720,2,19339,5:22:22,Harsh Parman,81,whisper,True
720,3,31556,8:45:59,Haranka Nayak,80,youtube,False
721,1,22210,6:10:13,Krishna Jayant Kumar Barochia,95,whisper+youtube,False
721,2,20325,5:38:48,Jain Rishan Kumar,95,whisper,True
721,3,23485,6:31:28,Lashram Krishna Kumari,94,whisper+youtube,False
722,1,13150,3:39:13,Akshad Misra,98,whisper+youtube,False
722,2,19359,5:22:42,Prakhar Mishra,97,whisper+youtube,True
722,3,23977,6:39:40,Rashmi Mishra,96,whisper+youtube,False
723,1,24063,6:41:06,Arush Sharma,97,whisper+youtube,False
723,2,9599,2:40:02,Samrithi Sarma,94,whisper+youtube,False
723,3,26104,7:15:07,Sakshi Sharma,91,whisper,False
724,1,12599,3:30:02,Ranjal Tiwari,98,whisper,False
724,2,28875,8:01:18,Ranjali Tripathi,89,whisper+youtube,False
724,3,10116,2:48:39,Third Rank,78,whisper+youtube,False
725,1,20308,5:38:31,Watsal Kashab up,90,youtube,True
725,2,28986,8:03:09,Andrika Kashyap,87,whisper,False
725,3,19091,5:18:14,Anusha As,81,whisper+youtube,True
726,1,16843,4:40:46,Dhruva Singh Pradip Singh Vagayala,96,whisper+youtube,True
726,2,19327,5:22:10,Sabne Vrana Pradi,79,whisper,True
726,3,13634,3:47:17,Mati Raj Prashan,78,whisper,False
727,1,13339,3:42:22,Abhinav Porwal,100,whisper+youtube,False
727,2,16872,4:41:15,Abhinav,80,youtube,True
727,3,19330,5:22:13,Sab Pranav Praep,79,whisper+youtube,True
728,1,16413,4:33:36,Vasu Agarwal,98,youtube,True
728,2,17449,4:50:52,Yashnur Graal,83,whisper+youtube,True
728,3,21023,5:50:26,Yash Agarwal,81,youtube,True
729,1,16189,4:29:52,Adit Agarwal,98,youtube,True
729,2,28322,7:52:05,Amita Agarwal,94,whisper+youtube,False
729,3,19930,5:32:13,Modit Agraal,84,youtube,True
730,1,15911,4:25:14,Nirmid Bansel,93,youtube,True
730,2,19219,5:20:22,Ronit Kumar Mandal,81,whisper+youtube,True
730,3,18869,5:14:32,Neha Ansh Nigam,80,whisper+youtube,True
731,1,12469,3:27:52,Nitya Dhumar Sha,79,youtube,False
731,2,17362,4:49:25,Aditi Shvasta,79,youtube,True
731,3,19245,5:20:48,Aditi Shakhan,79,youtube,True
732,1,18553,5:09:16,Shrinjai Sarkar,100,whisper+youtube,True
732,2,9154,2:32:37,Sanra Sanjay Dang Supervisor Dr,90,whisper+youtube,False
732,3,10727,2:58:50,Rinal Sankar,84,whisper,False
733,1,16865,4:41:08,Anirut Shrivastava,99,whisper+youtube,True
733,2,17771,4:56:14,Ani Shrivastava,92,whisper,True
733,3,13877,3:51:20,Ar Sri Krishna Kasiad,81,whisper,False
734,1,18567,5:09:30,Anushri Jai Sava,94,whisper+youtube,True
734,2,18653,5:10:56,Anushri Jai Sarkar,89,whisper,True
734,3,19091,5:18:14,Anushia Anushia is,81,youtube,True
735,1,21931,6:05:34,Mohit Sharma,100,whisper+youtube,False
735,2,24086,6:41:29,Mahi Sharma,95,whisper+youtube,False
735,3,18209,5:03:32,Eshita Sharma,90,whisper+youtube,True
736,1,22135,6:08:58,Ankit Ranjandas,100,whisper+youtube,False
736,2,19172,5:19:35,Anik Ranjan,99,whisper+youtube,True
736,3,17395,4:49:58,Ankit Raj Pagaj,98,whisper+youtube,True
737,1,19243,5:20:46,Aditi Shekhan,97,whisper+youtube,True
737,2,17709,4:55:12,Adhita Shha,90,youtube,True
737,3,14332,3:58:55,Aditya Sarkar,89,whisper,False
738,1,23025,6:23:48,Arit Shukla,99,whisper+youtube,False
738,2,16765,4:39:28,Shri Shukla Ah,89,youtube,True
738,3,28755,7:59:18,Shukla,85,whisper+youtube,False
739,1,19450,5:24:13,Manas Gupta,100,youtube,True
739,2,29500,8:11:43,Many Gupta,97,whisper+youtube,False
739,3,17849,4:57:32,Mania Gupta,95,youtube,True
740,1,16981,4:43:04,Raj Aryan,100,whisper+youtube,True
740,2,26047,7:14:10,Aryan Singh Rajthu,99,whisper+youtube,False
740,3,20297,5:38:20,Raj Varthan,95,whisper+youtube,True
741,1,29332,8:08:55,Aishwarya Singh,100,whisper+youtube,False
741,2,28243,7:50:46,Ashwarya Singh Baghel,100,whisper+youtube,False
741,3,19757,5:29:20,Sagar Singh Kushwaha,91,whisper+youtube,True
742,1,29265,8:07:48,Sham Das,91,whisper+youtube,False
742,2,19233,5:20:36,Laksh Sachin Bharat Dhuaj,86,whisper+youtube,True
742,3,24873,6:54:36,Akash Shiv Shankar,82,youtube,False
743,1,15930,4:25:33,Sanvi Sharma,98,youtube,True
743,2,18387,5:06:30,Shani Sharma,97,whisper+youtube,True
743,3,24328,6:45:31,Sharan Sharma,90,youtube,False
744,1,16989,4:43:12,Krati Madhwani,100,whisper+youtube,True
744,2,29150,8:05:53,Ashwati Rajiv Nayar,81,whisper+youtube,False
744,3,19587,5:26:30,Mayang Raat,78,youtube,True
745,1,16886,4:41:29,Abhinav Vashishta,100,whisper+youtube,True
745,2,21420,5:57:03,Vashnav Prammod Ah,81,youtube,False
745,3,28042,7:47:25,Ashish Bhallav Goswami,80,whisper,False
746,1,19481,5:24:44,Giriraj Parsever Om Singh,100,whisper+youtube,True
746,2,20365,5:39:28,Om Singh,100,youtube,True
746,3,28195,7:49:58,Aryan Singh Omrakash,90,whisper,False
747,1,19930,5:32:13,Modit Agraal,90,youtube,True
747,2,16189,4:29:52,Adit Agarwal,89,youtube,True
747,3,28322,7:52:05,Amita Agarwal,87,youtube,False
748,1,19233,5:20:36,Laksh Sachin Bharat Dhuaj,100,whisper+youtube,True
748,2,22617,6:17:00,Sachi Bhan Bhara,95,youtube,False
748,3,18279,5:04:42,Anushka Sachin Mandar,91,whisper+youtube,True
749,1,13927,3:52:10,Ishan Amr Shivatabhar,77,youtube,False
749,2,19825,5:30:28,gan vhan,74,youtube,True
749,3,17285,4:48:08,Ishan Warma,72,youtube,True
750,1,17007,4:43:30,Gaurav Gupta,100,whisper+youtube,True
750,2,23747,6:35:50,This is Arak Daz Gupta,88,youtube,False
750,3,16564,4:36:07,Anerudha Gupta,82,youtube,True
751,1,16403,4:33:26,Swash Agarwal,92,youtube,True
751,2,21023,5:50:26,Yash Agarwal,90,youtube,True
751,3,9992,2:46:35,Subam Agaral,87,youtube,False
752,1,19009,5:16:52,Aditi Chetri,99,whisper+youtube,True
752,2,19187,5:19:50,Aditi,79,whisper+youtube,True
752,3,30242,8:24:05,Aditi,74,youtube,False
753,1,15001,4:10:04,Nisarg Vinod Kumar Gajar,98,whisper,False
753,2,19275,5:21:18,Nishant Kumar,79,whisper+youtube,True
753,3,12469,3:27:52,Nitya Dhumar Sha,77,youtube,False
754,1,16413,4:33:36,Vasu Agarwal,81,youtube,True
754,2,19959,5:32:42,Ahan Vas,79,youtube,True
754,3,10904,3:01:47,Aryan Vinay Vaja,78,whisper,False
755,1,13822,3:50:25,Anus Khan,90,youtube,False
755,2,19729,5:28:52,An kana,88,youtube,True
755,3,20766,5:46:09,Tanish kaka,88,whisper+youtube,True
756,1,18813,5:13:36,Uday Kelodia,100,whisper+youtube,True
756,2,18250,5:04:13,day,73,youtube,True
756,3,26887,7:28:10,Kundan,60,youtube,False
757,1,13803,3:50:06,Adita,77,youtube,False
757,2,19187,5:19:50,Aditi,76,whisper+youtube,True
757,3,16843,4:40:46,Dhruva Singh Pradip Singh Vagayala,71,whisper,True
758,1,18055,5:00:58,Arviyan Abhay Kumar Pachore,100,whisper,True
758,2,14376,3:59:39,Abhay Kumar,100,whisper,False
758,3,9802,2:43:25,Abhay Kumar Devedi,100,whisper+youtube,False
759,1,17447,4:50:50,Yashnur Greval,97,whisper+youtube,True
759,2,13371,3:42:54,Yash Porwal,89,whisper+youtube,False
759,3,27428,7:37:11,Yash Horwal,89,whisper+youtube,False
760,1,17731,4:55:34,Ani Shridhar,84,whisper,True
760,2,31288,8:41:31,Rdra Kanesh Singh,81,youtube,False
760,3,11053,3:04:16,in the discharge,78,youtube,False
761,1,28753,7:59:16,Manish Kumar Shukla,92,whisper,False
761,2,17491,4:51:34,Kanesh Kashukla,88,youtube,True
761,3,15891,4:24:54,Harish Kumar Shukla,87,youtube,True
762,1,17811,4:56:54,Chahik Jain,97,whisper,True
762,2,22227,6:10:30,Chanchal Jano,92,whisper+youtube,False
762,3,24912,6:55:15,Jatin Kushwaha,83,youtube,False
763,1,18533,5:08:56,Tullika Basu,100,whisper+youtube,True
763,2,17869,4:57:52,Utskash Bans,76,youtube,True
763,3,9314,2:35:17,Basuto,75,youtube,False
764,1,28286,7:51:29,Harsh Saxena,92,whisper+youtube,False
764,2,15088,4:11:31,Anushka Shir Saga,86,whisper+youtube,True
764,3,18278,5:04:41,Anushka Satin Mandaker,84,whisper+youtube,True
765,1,20674,5:44:37,Krishna Sharma,100,youtube,False
765,2,31909,8:51:52,Bridal Krishna Shavla,97,whisper+youtube,False
765,3,23485,6:31:28,Lashram Krishna Kumari,97,whisper+youtube,False
766,1,19105,5:18:28,Bhargavi Praash Deodsha,91,whisper+youtube,True
766,2,20636,5:43:59,Danesh Prashant,89,youtube,False
766,3,28196,7:49:59,Om Prakash,89,youtube,False
767,1,12908,3:35:11,Tejas Dev,85,whisper,False
767,2,21341,5:55:44,Dave,80,youtube,False
767,3,18613,5:10:16,Anvesha Thapa,70,whisper,True
768,1,14594,4:03:17,Arab Saxena,94,whisper+youtube,False
768,2,12069,3:21:12,Aran Sakena,92,youtube,False
768,3,13165,3:39:28,Sharan Sanas,84,whisper,False
769,1,26964,7:29:27,Rupel Mischer,90,whisper,False
769,2,30479,8:28:02,Hardik Mishra up,90,youtube,False
769,3,29084,8:04:47,Amisha Gupta,86,whisper+youtube,False
770,1,15107,4:11:50,a Singh Raat,100,whisper+youtube,True
770,2,21246,5:54:09,Adhira Singh Raat,99,youtube,False
770,3,20223,5:37:06,Dhiraj Singh Jawan,98,youtube,False
771,1,17025,4:43:48,Viprunch Anand,100,whisper+youtube,True
771,2,9822,2:43:45,Anand,85,whisper+youtube,False
771,3,30122,8:22:05,Anand R,85,whisper+youtube,False
772,1,21843,6:04:06,Harsh Aditya,82,whisper,False
772,2,24353,6:45:56,Harsh Anand Karika,80,whisper,False
772,3,15120,4:12:03,Patel Harsh Rajendra,77,whisper,True
773,1,31266,8:41:09,Ananya Singh,100,whisper+youtube,False
773,2,20379,5:39:42,Aryan Singh Rathur,93,whisper+youtube,False
773,3,28195,7:49:58,Aryan Singh Omrakash,93,whisper+youtube,False
774,1,19541,5:25:44,Yovraj Pratap Singh,100,whisper+youtube,True
774,2,18413,5:06:56,Rudra Pratap Singh Chohan,100,whisper,True
774,3,20351,5:39:14,Akand Pratap Singh,100,whisper,False
775,1,19803,5:30:06,Aditya Raj Shivasta,100,whisper+youtube,True
775,2,28927,8:02:10,Aditya Raj Singh,100,whisper+youtube,False
775,3,10046,2:47:29,Aditya Raj Kumar,100,whisper+youtube,False
776,1,16182,4:29:45,Gita Shri Roti Rdrapati,87,youtube,True
776,2,12756,3:32:39,Shruti Gupta,86,whisper+youtube,False
776,3,17144,4:45:47,Suti Raguani,79,youtube,True
777,1,25015,6:56:58,Pranaw Gupta,94,whisper+youtube,False
777,2,13974,3:52:57,Arun Gupta,90,whisper,False
777,3,31160,8:39:23,Gupta Arian Arun Kumar,90,youtube,False
778,1,17103,4:45:06,Raghuvanshi Nakshatra Kundan,88,whisper,True
778,2,19105,5:18:28,Bhargavi Praash Deodsha,81,whisper+youtube,True
778,3,16885,4:41:28,Abhinav Vasishta,79,whisper+youtube,True
779,1,18037,5:00:40,Ranjal Nahar,100,whisper+youtube,True
779,2,14818,4:07:01,Parva Nachan,85,whisper+youtube,True
779,3,31402,8:43:25,Anjila Prashad Nayar,85,whisper,False
780,1,14149,3:55:52,Yes Malik,92,whisper+youtube,False
780,2,22509,6:15:12,Harsh Manik Parate,84,whisper,False
780,3,13065,3:37:48,Mani Anish Jitendra,80,whisper,False
781,1,18805,5:13:28,Somesh Rathor,100,whisper+youtube,True
781,2,14683,4:04:46,so please just sit there calmly,86,whisper+youtube,False
781,3,26986,7:29:49,Anmeisha Rathor,85,whisper,False
782,1,14464,4:01:07,Adita Vikram Singh,98,whisper+youtube,False
782,2,21898,6:05:01,Adita Prattab Singh,98,whisper+youtube,False
782,3,22502,6:15:05,Adita Prattab Singh,98,whisper+youtube,False
783,1,19135,5:18:58,Bavar Om Somnath,100,whisper,True
783,2,13282,3:41:25,Om Prasad Bahira,92,whisper+youtube,False
783,3,19481,5:24:44,Giriraj Parsever Om Singh,84,whisper,True
784,1,24094,6:41:37,Ashita Verma,86,whisper,False
784,2,15142,4:12:25,if you will push from there,80,whisper+youtube,True
784,3,17219,4:47:02,Anushka Varma Nam Deo,80,whisper,True
785,1,18093,5:01:36,Bhagesh Maheshwari,83,whisper+youtube,True
785,2,24831,6:53:54,Aankar Dirupak Bhagwan,81,youtube,False
785,3,22622,6:17:05,Harsh Tadrawal,76,whisper,False
786,1,16324,4:32:07,Chindri Chakri,97,youtube,True
786,2,14669,4:04:32,sit on the chair in the,88,whisper+youtube,False
786,3,26074,7:14:37,Sachin Chandra,82,whisper+youtube,False
787,1,18497,5:08:20,Gurlin Kaur,95,whisper,True
787,2,22781,6:19:44,Kamia Vishu karma,83,youtube,False
787,3,17017,4:43:40,Akshad Kumar,83,whisper+youtube,True
788,1,13748,3:49:11,Kushagra Sodia,93,youtube,False
788,2,26431,7:20:34,Kushagra,85,whisper+youtube,False
788,3,18209,5:03:32,Ishita Sharma,79,whisper+youtube,True
789,1,21278,5:54:41,Ketan Aknath Pat,94,youtube,False
789,2,19153,5:19:16,Patan Chetan Prakash,84,whisper,True
789,3,17971,4:59:34,Carl Khan Patan,83,youtube,True
790,1,13570,3:46:13,Kunal Agarwal,100,whisper+youtube,False
790,2,9464,2:37:47,Kunal,85,whisper+youtube,False
790,3,17373,4:49:36,Agarwal,80,youtube,True
791,1,16833,4:40:36,Rakhur Verma,97,whisper+youtube,True
791,2,28672,7:57:55,Sankar Verma,87,whisper,False
791,3,30768,8:32:51,Athar Veda,81,whisper,False
792,1,16853,4:40:56,Aryan Faresh Patel,100,whisper+youtube,True
792,2,21625,6:00:28,Aryan Parabh Gaikloth,97,whisper+youtube,False
792,3,15120,4:12:03,Patel Harsh Rajendra,91,whisper,True
793,1,19153,5:19:16,Patan Chetan Prakash,97,whisper+youtube,True
793,2,15401,4:16:44,Buena Chetin Prasad,97,youtube,True
793,3,18413,5:06:56,Rudy Pra Singh Chahan,90,whisper+youtube,True
794,1,16347,4:32:30,Aditya Kumar Gautam,100,youtube,True
794,2,13560,3:46:03,Anish Kumar Gupta,97,whisper+youtube,False
794,3,14068,3:54:31,Gaurab Kumar,92,whisper,False
795,1,13597,3:46:40,Madhav Dayan,92,whisper+youtube,False
795,2,10896,3:01:39,Satyam Yadav,83,whisper+youtube,False
795,3,14422,4:00:25,Kamal Yadav,83,whisper+youtube,False
796,1,23570,6:32:53,Angas Singh,100,whisper+youtube,False
796,2,31268,8:41:11,Ana Singh,100,whisper+youtube,False
796,3,19757,5:29:20,Saga Singh Kushwaha,94,whisper+youtube,True
797,1,18248,5:04:11,Devadrata Day,87,whisper+youtube,True
797,2,18703,5:11:46,Devya Tibari,85,whisper+youtube,True
797,3,31006,8:36:49,Dear pita da,77,youtube,False
798,1,18139,5:02:22,Hushi Agarwal,100,whisper+youtube,True
798,2,20139,5:35:42,Khushi Agriwal,100,whisper+youtube,False
798,3,10991,3:03:14,I present unto you Miss Kushi Agarawal,98,whisper+youtube,False
799,1,19621,5:27:04,Shvanik Mathar,94,whisper+youtube,True
799,2,24222,6:43:45,Shivani Thakur,92,whisper+youtube,False
799,3,30560,8:29:23,Shiv Mahotra,86,youtube,False
800,1,12322,3:25:25,Stanley Richard,100,whisper+youtube,False
800,2,14865,4:07:48,A third sate,75,youtube,True
800,3,18018,5:00:21,Ria Ben Dhaves Kumar Patel,74,whisper,True
801,1,14277,3:58:00,Nehil Kumar Ambar,97,whisper,False
801,2,23265,6:27:48,Anil Kumar,92,whisper+youtube,False
801,3,13641,3:47:24,Sneha Kumarad,92,youtube,False
802,1,17175,4:46:18,Inda Devadashi,97,whisper+youtube,True
802,2,13793,3:49:56,Khandre Devans Vijay,87,whisper+youtube,False
802,3,10904,3:01:47,Aryan Vinay Vaja,78,whisper,False
803,1,17409,4:50:12,Ranjan Kumar,100,whisper+youtube,True
803,2,19061,5:17:44,Sorup Kumar Raj Dave,98,whisper+youtube,True
803,3,10046,2:47:29,Aditya Raj Kumar,98,whisper+youtube,False
804,1,19538,5:25:41,Aryan Kushwa Huh?,98,youtube,True
804,2,19709,5:28:32,Aryan Krishna Avasti,90,whisper+youtube,True
804,3,18878,5:14:41,Aditya Kushwa,89,whisper+youtube,True
805,1,16421,4:33:44,Kulkarnney Arnav Dhanjay,96,youtube,True
805,2,22560,6:16:03,Mandana Kumari,87,whisper+youtube,False
805,3,12625,3:30:28,Pranav Kumar,85,youtube,False
806,1,19709,5:28:32,Aryan Krishna Avasti,98,whisper+youtube,True
806,2,22516,6:15:19,Yash Krishnani,89,whisper+youtube,False
806,3,22752,6:19:15,Anjali Yash Krishnani,84,whisper,False
807,1,16943,4:42:26,Kalash Shrivastava,87,whisper+youtube,True
807,2,22417,6:13:40,Miss Harika Sun Bha,82,youtube,False
807,3,13877,3:51:20,or Sri Krishna Kashab,81,youtube,False
808,1,28182,7:49:45,Abhinasa Dash,95,whisper+youtube,False
808,2,21906,6:05:09,Das,80,youtube,False
808,3,21351,5:55:54,Abhishek,80,youtube,False
809,1,21597,6:00:00,Anuj Bhushantivari,95,whisper,False
809,2,12599,3:30:02,Ranjal Tiwari,88,whisper,False
809,3,24605,6:50:08,Sanjana Tiwari,86,whisper,False
810,1,17385,4:49:48,Malia Chodha,99,whisper+youtube,True
810,2,14285,3:58:08,chitis chundra nayat,84,whisper+youtube,False
810,3,28357,7:52:40,Afiya Chaudhry,78,whisper,False
811,1,17219,4:47:02,Anushka Varma Nam Deo,99,whisper+youtube,True
811,2,18278,5:04:41,Anushka Satin Mandaker,93,whisper+youtube,True
811,3,24094,6:41:37,Ashita Verma,89,whisper,False
812,1,14683,4:04:46,so please just sit there calmly,85,whisper+youtube,False
812,2,10437,2:54:00,Sur of Sastava,83,youtube,False
812,3,13877,3:51:20,or Sri Krishna Kashab,80,youtube,False
813,1,16421,4:33:44,Kulkarnney Arnav Dhanjay,89,youtube,True
813,2,26707,7:25:10,Ana Jana,86,whisper+youtube,False
813,3,9820,2:43:43,Deangana Sujay third rank,85,youtube,False
814,1,18759,5:12:42,Yana Jain,94,whisper+youtube,True
814,2,23996,6:39:59,Ananya Jain,92,whisper+youtube,False
814,3,19381,5:23:04,Ishwijan Saniya Jan,88,whisper,True
815,1,21735,6:02:18,Susant Sharma,79,youtube,False
815,2,27158,7:32:41,Ujual Sharma,78,youtube,False
815,3,31468,8:44:31,Suman Saga,77,youtube,False
816,1,16927,4:42:10,Akil Bhaskar,91,whisper+youtube,True
816,2,12250,3:24:13,Radhika Bhasin,85,whisper,False
816,3,23768,6:36:11,Raksita Maka,84,whisper+youtube,False
817,1,16716,4:38:39,Maharshi Patel,100,youtube,True
817,2,15120,4:12:03,Patel Harsh Rajendra,90,whisper,True
817,3,23056,6:24:19,Harsh Patel,90,whisper,False
818,1,20934,5:48:57,Kushbu Mittal,89,youtube,False
818,2,19362,5:22:45,Prahar Mishra Huh?,73,youtube,True
819,1,16875,4:41:18,Abhinav Singh,100,whisper,True
819,2,12801,3:33:24,Abhinai Singh,97,whisper,False
819,3,32038,8:54:01,Bashnavi Singh Parihar,96,whisper+youtube,False
820,1,18703,5:11:46,Devya Tibari,85,whisper+youtube,True
820,2,21238,5:54:01,Dave Taylor,83,youtube,False
820,3,16489,4:34:52,Devan Kalura,79,youtube,True
821,1,19233,5:20:36,Laksh Sachin Bharat Dhuaj,89,whisper+youtube,True
821,2,23996,6:39:59,Ananya Jain,86,whisper,False
821,3,24912,6:55:15,Jatin Kushwaha,85,youtube,False
822,1,17155,4:45:58,Vanshika Bhojani,100,whisper+youtube,True
822,2,12250,3:24:13,Radhika Bhasin,80,whisper,False
822,3,17083,4:44:46,Ishita Khalsa Bhanik,80,whisper,True
823,1,14594,4:03:17,Arab Saxena,87,whisper+youtube,False
823,2,12577,3:29:40,Sauraj Saha,84,whisper,False
823,3,19037,5:17:20,Saurabh Kumar Rajdev,82,whisper,True
824,1,16817,4:40:20,Sumit Kumar Tiwari,100,whisper+youtube,True
824,2,22710,6:18:33,Giri Aditya,92,whisper+youtube,False
824,3,10918,3:02:01,Giri Aditya,92,whisper+youtube,False
825,1,19803,5:30:06,Aditya Raj Shivasta,96,whisper+youtube,True
825,2,17123,4:45:26,Priya Shrivastava,87,whisper+youtube,True
825,3,21523,5:58:46,Aditi Shvastav,84,youtube,False
826,1,19814,5:30:17,Somehow sha,87,youtube,True
826,2,10216,2:50:19,Sahu,85,whisper+youtube,False
826,3,16705,4:38:28,Sahu,80,youtube,True
827,1,19265,5:21:08,Jitendra Bara,100,whisper+youtube,True
827,2,13065,3:37:48,Mani Anish Jitendra,93,whisper,False
827,3,16570,4:36:13,Many Bharat,85,youtube,True
828,1,19163,5:19:26,Aditi Besht,85,whisper+youtube,True
828,2,19243,5:20:46,Aditi Shekhan,85,whisper+youtube,True
828,3,19009,5:16:52,Aditi Chetri,80,whisper,True
829,1,14376,3:59:39,Harsh Pratap Singh,95,whisper+youtube,False
829,2,20750,5:45:53,Jih Singh,93,youtube,False
829,3,24658,6:51:01,Hari Ji Singh,90,whisper,False
830,1,15001,4:10:04,Aryan Koshik,98,whisper+youtube,True
830,2,23717,6:35:20,Aryan Ashish,92,whisper+youtube,False
830,3,19538,5:25:41,Aryan Kushwa Huh?,89,youtube,True
831,1,21039,5:50:42,Divanch Gupta,95,youtube,False
831,2,18752,5:12:35,Dhanishta Gupta,94,whisper+youtube,True
831,3,22152,6:09:15,Dian Gupta,93,youtube,False
832,1,15029,4:10:32,Aner Singer,89,whisper+youtube,True
832,2,24904,6:55:07,Diendra Singh,89,youtube,False
832,3,19449,5:24:12,Gopta Yogan Singh Rathar,85,whisper,True
833,1,13877,3:51:20,or Sri Krishna Kashab,93,whisper+youtube,False
833,2,22516,6:15:19,Yash Krishnani,80,whisper+youtube,False
833,3,9658,2:41:01,Saha Priyang Si second rank,77,youtube,False
834,1,19481,5:24:44,Giriraj Parsever Om Singh,100,whisper+youtube,True
834,2,20365,5:39:28,Om Singh,100,youtube,False
834,3,28195,7:49:58,Aryan Singh Omrakash,90,whisper,False
835,1,19343,5:22:26,Abhinav Vishnu Mohan,100,whisper+youtube,True
835,2,16875,4:41:18,Abhinav Singh,88,whisper+youtube,True
835,3,22850,6:20:53,Miss Sahima Vishuvat Pal,87,whisper+youtube,False
836,1,16877,4:41:20,Singh,80,youtube,True
837,1,17395,4:49:58,Ankit Raj Pagaj,100,whisper+youtube,True
837,2,22135,6:08:58,Ankit Ranjandas,96,whisper+youtube,False
837,3,19803,5:30:06,Adit Raj,95,whisper+youtube,True
838,1,18883,5:14:46,Nikhil Dixit,100,whisper+youtube,True
838,2,27121,7:32:04,Nikil,77,youtube,False
838,3,19558,5:26:01,Aichel Di,75,youtube,True
839,1,18047,5:00:50,Ananya Shwasta,93,whisper+youtube,True
839,2,12956,3:35:59,Aryan Shuvastar,82,whisper+youtube,False
839,3,17771,4:56:14,Ani Shrivastava,82,whisper,True
840,1,12333,3:25:36,Sha Singh,99,whisper+youtube,False
840,2,14059,3:54:22,Shashat Vikram Singh,96,whisper+youtube,False
840,3,30190,8:23:13,Suhanish Sinha,92,whisper,False
841,1,19330,5:22:13,Sab Pranav Praep,100,whisper+youtube,True
841,2,13617,3:47:00,Abhankar Pranav Pradeep,100,whisper+youtube,False
841,3,22602,6:16:45,Pratam Prasad,88,whisper+youtube,False
842,1,17595,4:53:18,Ashoto TVI?,76,youtube,True
842,2,9676,2:41:19,Rohar Nidi Santos third rank,74,youtube,False
842,3,29296,8:08:19,Anshul Jive Shwai,74,whisper,False
843,1,13625,3:47:08,Parthu Krishna,100,whisper+youtube,False
843,2,22428,6:13:51,Karthik Krishna Devi,95,whisper+youtube,False
843,3,13877,3:51:20,Ar Sri Krishna Kasiad,90,whisper,False
844,1,22254,6:10:57,Ones Om Manshi,95,whisper+youtube,False
844,2,19135,5:18:58,Bavar Om Somnath,92,whisper,True
844,3,19481,5:24:44,Giriraj Parsever Om Singh,87,whisper+youtube,True
845,1,16588,4:36:31,Arian Bhanuali,93,youtube,True
845,2,19538,5:25:41,Aryan Kushwa Huh?,88,youtube,True
845,3,29722,8:15:25,Anand Bansal,82,whisper,False
846,1,16955,4:42:38,Yashi Gupta,100,whisper+youtube,True
846,2,28277,7:51:20,Ayushi Gupta,99,whisper+youtube,False
846,3,29084,8:04:47,Amisha Gupta,92,whisper+youtube,False
847,1,16907,4:41:50,Shri Pati Vaibhav Maitre,89,whisper+youtube,True
847,2,17771,4:56:14,Ani Shrivastava,81,whisper,True
847,3,31707,8:48:30,Srita Saha,78,youtube,False
848,1,13679,3:48:02,Ayush Kumar Singh,100,whisper+youtube,False
848,2,13742,3:49:05,Ayush Singh,100,whisper+youtube,False
848,3,14532,4:02:15,Ayush Kumar,100,whisper,False
849,1,17041,4:44:04,Ramesh,85,whisper+youtube,True
849,2,27677,7:41:20,Amish Nayer,79,youtube,False
849,3,18290,5:04:53,Dhesha Navin,77,whisper,True
850,1,16943,4:42:26,Kalash Shrivastava,100,whisper+youtube,True
850,2,17607,4:53:30,Lakshi Shvastav,90,whisper+youtube,True
850,3,13877,3:51:20,or Sri Krishna Kashab,85,youtube,False
851,1,16107,4:28:30,Pratu Jooshi,87,youtube,True
851,2,17133,4:45:36,Priya Shriast,83,whisper+youtube,True
851,3,18353,5:05:56,Prashti Priya,78,youtube,True
852,1,18228,5:03:51,Adya Sundrial,95,whisper+youtube,True
852,2,22640,6:17:23,Ajay Sundaran,81,whisper,False
852,3,9478,2:38:01,engineering cyber security anadas,78,youtube,False
853,1,15784,4:23:07,Yash Talwani,87,youtube,True
853,2,19431,5:23:54,Anish Desai,82,whisper,True
853,3,20709,5:45:12,Tan Kasha,81,youtube,False
854,1,16207,4:30:10,Om Kumar Mishna,100,youtube,True
854,2,27826,7:43:49,Somit Kumar,90,whisper,False
854,3,21155,5:52:38,Om Sharma,89,youtube,False
855,1,18523,5:08:46,Ayush Pratap,100,whisper+youtube,True
855,2,13032,3:37:15,Ayush Pavar,92,whisper+youtube,False
855,3,14376,3:59:39,Harsh Pratap Singh,87,whisper,False
856,1,15088,4:11:31,Anushka Shir Saga,90,whisper+youtube,True
856,2,20006,5:33:29,Kanesh Sanangan,87,youtube,True
856,3,16164,4:29:27,Arin Krishna Sang God,85,youtube,True
857,1,17926,4:58:49,Sharmishta Chakraarti,94,youtube,True
857,2,19298,5:21:41,Akshhat Sharma,84,whisper+youtube,True
857,3,21862,6:04:25,Sam Rajas Chandra Shakhar,82,youtube,False
858,1,20341,5:39:04,Mayan Singh,100,whisper+youtube,False
858,2,30910,8:35:13,Mayang Singh,97,youtube,False
858,3,28195,7:49:58,Aryan Singh Omrakash,96,whisper+youtube,False
859,1,19233,5:20:36,Laksh Sachin Bharat Dhuaj,83,whisper,True
859,2,15140,4:12:23,You know that we are going through the,73,youtube,True
859,3,20665,5:44:28,Bharat,70,youtube,False
860,1,18823,5:13:46,Nikhil Mure,92,whisper,True
860,2,15277,4:14:40,If you identify yourself as a girl,79,whisper+youtube,True
860,3,13877,3:51:20,or Sri Krishna Kashab,78,youtube,False
861,1,14128,3:55:31,Shivangi Kumari,92,whisper+youtube,False
861,2,19211,5:20:14,Shams Shadan Khan,90,whisper+youtube,True
861,3,22183,6:09:46,Shri Hari,87,whisper,False
862,1,18713,5:11:56,Vikarsha Dinesh Uttkar Shah Dinesh,85,whisper+youtube,True
862,2,29006,8:03:29,Disha Chakravati,91,whisper+youtube,False
862,3,14532,4:02:15,Akash Visra,90,whisper+youtube,False
863,1,16907,4:41:50,Shri Pati Vaibhav Maitre,100,whisper+youtube,True
863,2,26262,7:17:45,Vaisha Agit Unitan,86,whisper+youtube,False
863,3,29276,8:07:59,Shri Vastav,85,whisper,False
864,1,17457,4:51:00,Riyanshi Singh,100,whisper+youtube,True
864,2,12740,3:32:23,Priyanshu Singh,100,whisper+youtube,False
864,3,24427,6:47:10,Priyanchu Kumar Singh,100,whisper+youtube,False
865,1,15522,4:18:45,Siddhad Sihad,91,youtube,True
865,2,27848,7:44:11,Siddharth Singh Malan,94,whisper+youtube,False
865,3,12333,3:25:36,Sha Singh,84,whisper+youtube,False
866,1,16605,4:36:48,Nikl Sahu,96,youtube,True
866,2,16705,4:38:28,Sahu,80,youtube,True
866,3,10216,2:50:19,Sahu,80,youtube,False
867,1,19661,5:27:44,Susant Kumar,98,youtube,True
867,2,20410,5:40:13,Sashant Kumar,100,whisper+youtube,False
867,3,21964,6:06:07,Suman Kumar,97,whisper+youtube,False
868,1,13812,3:50:15,Artif Naz,84,youtube,False
868,2,27262,7:34:25,Kartik Naya,78,youtube,False
868,3,25085,6:58:08,Tani Noaz Mazund,76,youtube,False
869,1,16340,4:32:23,Adita Gupta,98,youtube,True
869,2,20922,5:48:45,Adit Gupta,97,youtube,False
869,3,28311,7:51:54,Amit Gupta,94,whisper+youtube,False
870,1,17625,4:53:48,Sevia Anzel,94,whisper+youtube,True
870,2,28906,8:01:49,Sanvi Anand,82,whisper+youtube,False
870,3,17802,4:56:45,Ana sing,81,whisper+youtube,True
871,1,18027,5:00:30,Anjasi Jayman,100,whisper+youtube,True
871,2,17947,4:59:10,Anish Kumar Jaisman,86,whisper,True
871,3,18567,5:09:30,Anushri Jalima,85,youtube,True
872,1,15394,4:16:37,Manan Poli,89,youtube,True
872,2,15959,4:26:02,Kohli Bhavna Bala sahib,85,youtube,True
872,3,15001,4:10:04,Aryan Koshik,85,whisper+youtube,True
873,1,13290,3:41:33,Ashish Kumar,100,whisper+youtube,False
873,2,30430,8:27:13,Ashish Kumar,100,whisper+youtube,False
873,3,31961,8:52:44,Ashesh Kumar Nandan,96,whisper,False
874,1,15661,4:21:04,Samar Sony,91,youtube,True
874,2,19582,5:26:25,Son Sarta Kershal,91,youtube,True
874,3,18806,5:13:29,Somi Shratar,82,youtube,True
875,1,19921,5:32:04,Sarak Raj,97,youtube,True
875,2,28736,7:58:59,Shubham Raj Sharma,94,whisper+youtube,False
875,3,20297,5:38:20,Raj Varthan,90,whisper,False
876,1,19381,5:23:04,Ishwijan Saniya Jan,100,whisper+youtube,True
876,2,18759,5:12:42,Yana Jain,94,whisper+youtube,True
876,3,22436,6:13:59,Satyam Jain,93,whisper+youtube,False
877,1,18829,5:13:52,Shrey Anshu Balerji,91,whisper+youtube,True
877,2,32194,8:56:37,Make an easy Hey,76,youtube,False
877,3,19831,5:30:34,Anshul Banke,73,whisper,True
878,1,17623,4:53:46,Devia Anzel Rahul Sharma,84,whisper+youtube,True
878,2,8920,2:28:43,Vikas paler,80,youtube,False
878,3,13793,3:49:56,Kand Dewans Vijay,79,whisper+youtube,False
879,1,14113,3:55:16,Manul Tehagi,97,whisper+youtube,False
879,2,25085,6:58:08,Tani Noaz Mazund,80,youtube,False
879,3,15631,4:20:34,Dali Anul Ajip,78,youtube,True
880,1,9533,2:38:56,Adita Din Josie,87,youtube,False
880,2,13544,3:45:47,Aditya Joshi,86,whisper,False
880,3,23608,6:33:31,Goshi Vinay Desai,80,whisper,False
881,1,13793,3:49:56,Khandre Devans Vijay,84,whisper,False
881,2,11115,3:05:18,you have been presented,84,whisper+youtube,False
881,3,14830,4:07:13,Harsh Markandes,82,whisper,True
882,1,28132,7:48:55,Raghavendra Singh,93,whisper+youtube,False
882,2,17859,4:57:42,Bharabi Singh,93,youtube,True
882,3,30394,8:26:37,Manthib Singh Chabra,91,whisper+youtube,False
883,1,19501,5:25:04,Mith Bhikani Shishir Samir Mukherjee,100,whisper+youtube,True
883,2,24698,6:51:41,Shriksh Samir,91,whisper+youtube,False
883,3,9295,2:34:58,So Mukharji,86,youtube,False
884,1,19157,5:19:20,Avyamtha Lakitkar,88,whisper+youtube,True
884,2,24295,6:44:58,Krithika Am,79,whisper,False
884,3,18319,5:05:22,Akshita Sakshina,76,whisper+youtube,True
885,1,13347,3:42:30,Arihan Bandari,100,whisper+youtube,False
885,2,16588,4:36:31,Arian Bhanuali,92,youtube,True
885,3,29402,8:10:05,Harit Bhani,86,youtube,False
886,1,19091,5:18:14,Anusha As,85,whisper+youtube,True
886,2,18445,5:07:28,Anusha Chandrakar,85,whisper+youtube,True
886,3,15068,4:11:11,Anushka Sheer Sagar,83,whisper+youtube,True
887,1,14277,3:58:00,Saksham Sharma,100,whisper+youtube,False
887,2,19297,5:21:40,Aksha Sharma,97,whisper+youtube,True
887,3,26104,7:15:07,Sakshi Sharma,95,whisper,False
888,1,18623,5:10:26,Anushri Jai Sarkar,92,whisper+youtube,True
888,2,18693,5:11:36,Anushri Jai Sarkar,87,whisper,True
888,3,20324,5:38:47,Ashi Jan,85,youtube,False
889,1,19591,5:26:34,Shivanch Bharat,92,youtube,True
889,2,21100,5:51:43,Shivanch Bhand,89,youtube,False
889,3,27563,7:39:26,Shivanch Sharma,89,whisper+youtube,False
890,1,19453,5:24:16,Yogind Singh Ratar,99,whisper+youtube,True
890,2,20379,5:39:42,Aryan Singh Rathur,93,whisper,False
890,3,26047,7:14:10,Aryan Singh Rajthu,91,whisper,False
891,1,16579,4:36:22,Princy Jan,97,youtube,True
891,2,20325,5:38:48,Jain Rishan Kumar,83,whisper,True
891,3,12765,3:32:48,Pri Ashwin,82,youtube,False
892,1,20351,5:39:14,Akand Pratap Singh,100,whisper,True
892,2,19541,5:25:44,Yovraj Pratap Singh,100,whisper+youtube,True
892,3,18413,5:06:56,Rudra Pratap Singh Chohan,100,whisper+youtube,True
893,1,17672,4:54:35,Vine Jaswanda Taduru,95,youtube,True
893,2,29878,8:18:01,Virat Jan,86,whisper+youtube,False
893,3,17519,4:52:02,Vira Sanjati,79,whisper,True
894,1,15959,4:26:02,Kohli Bhavna Bala sahib,94,youtube,True
894,2,14077,3:54:40,boy chatanya Bal Krishna,86,whisper+youtube,False
894,3,26381,7:19:44,Adash Kumar Bharma,79,youtube,False
895,1,19779,5:29:42,Arjun Dane,86,youtube,True
895,2,25290,7:01:33,Arjun M,80,youtube,False
895,3,16981,4:43:04,Raj Aryan,77,whisper+youtube,True
896,1,27332,7:35:35,Sarthag Sambhav,93,whisper+youtube,False
896,2,18387,5:06:30,Shandhi Sharma,89,whisper+youtube,True
896,3,21862,6:04:25,Sam Rajas Chandra Shakhar,88,youtube,False
897,1,13332,3:42:15,Rithik Tiwari,100,whisper+youtube,False
897,2,12200,3:23:23,it's aan warm,78,youtube,False
897,3,12518,3:28:41,Ritwick,75,youtube,False
898,1,16430,4:33:53,Anurak Mishra,97,youtube,True
898,2,28270,7:51:13,Ana Mishra,93,youtube,False
898,3,14322,3:58:45,Anika Mishra,88,youtube,False
899,1,20535,5:42:18,Chokra Jai Chokra Varthi,84,whisper,True
899,2,13886,3:51:29,Bharti Jai Pratash,84,whisper,False
899,3,29430,8:10:33,Amit Gungjan Ja,84,youtube,False
900,1,13150,3:39:13,Akshad Misra,98,whisper+youtube,False
900,2,14532,4:02:15,Akash Visra,96,whisper+youtube,False
900,3,22055,6:07:38,Akash Sharma,94,whisper+youtube,False
901,1,15367,4:16:10,Shivam Mirage,94,youtube,False
901,2,24086,6:41:29,Mahi Sharma,93,whisper+youtube,False
901,3,20128,5:35:31,Shivangi Mishra,87,youtube,True
902,1,18445,5:07:28,Anusha Chandrakar,100,whisper+youtube,True
902,2,19227,5:20:30,Anupam Chandra,94,whisper+youtube,True
902,3,18278,5:04:41,Anushka Satin Mandaker,87,whisper,True
903,1,14532,4:02:15,Akash Visra,85,whisper+youtube,False
903,2,17821,4:57:04,Pari Kalpesh Bhai mystery,85,whisper+youtube,True
903,3,13124,3:38:47,Abhay Varma,79,whisper,False
904,1,20563,5:42:46,Abhishek Varma,99,whisper+youtube,True
904,2,21374,5:56:17,Ashish Nehra,76,youtube,False
904,3,19327,5:22:10,Sabne Vrana Pradi,71,whisper,True
905,1,18937,5:15:40,Harsh Kumar,100,whisper+youtube,True
905,2,15891,4:24:54,Harish Kumar Shukla,98,youtube,False
905,3,20423,5:40:26,Hash Kumar,97,whisper,True
906,1,17522,4:52:05,Viral Sanchetti,100,whisper+youtube,True
906,2,14855,4:07:38,Vira Manet,86,youtube,False
906,3,17000,4:43:23,Virra Chadri,82,whisper+youtube,True
907,1,13774,3:49:37,Peskar Ishan Sachin,86,whisper+youtube,False
907,2,17564,4:52:47,Jatan Sain,86,whisper+youtube,True
907,3,18387,5:06:30,Shani Sharma,85,whisper+youtube,True
908,1,19227,5:20:30,Anupam Chandra,100,whisper+youtube,True
908,2,18443,5:07:26,Anusha Chandraar,95,whisper+youtube,True
908,3,18279,5:04:42,Anushka Sachin Mandar,85,whisper+youtube,True
909,1,23977,6:39:40,Rashmi Mishra,89,whisper+youtube,False
909,2,13429,3:43:52,Prati Raj Mishra,89,whisper+youtube,False
909,3,19381,5:23:04,Ishwijan Saniya Jan,87,whisper+youtube,True
910,1,12634,3:30:37,Saurav Jha,87,whisper,False
910,2,19525,5:25:28,Mohanish Bhavishkar Utsav Jha,84,whisper,True
910,3,19211,5:20:14,Shams Shadan Khan,84,whisper+youtube,True
911,1,19769,5:29:32,Yash Singh,100,youtube,True
911,2,17763,4:56:06,Yash Singh Ashok Singh Chawan,100,youtube,True
911,3,20735,5:45:38,Ash Panchan Singh,96,youtube,True
912,1,21712,6:01:55,Manoj Kumar Pradhan,100,whisper+youtube,False
912,2,12625,3:30:28,Prana Kumar,98,whisper+youtube,False
912,3,19219,5:20:22,Ronit Kumar Mandal,94,whisper+youtube,True
913,1,18543,5:09:06,Shivam Patel,100,whisper+youtube,True
913,2,12226,3:23:49,Disha Gupta Shivani Patel,100,whisper+youtube,False
913,3,15001,4:10:04,Vishwam Samir Kumar Patel,89,whisper,False
914,1,29045,8:04:08,Rashi Dube,92,whisper+youtube,False
914,2,25995,7:13:18,was du parameterst,78,whisper,False
914,3,19280,5:21:23,Ganesh,71,youtube,True
915,1,26146,7:15:49,Devansh Daga,88,whisper,False
915,2,23173,6:26:16,Da Dave A,84,youtube,False
915,3,31006,8:36:49,Dear pita da,84,youtube,False
916,1,20950,5:49:13,Maria Gracious,98,youtube,True
916,2,30010,8:20:13,Aditya Rao,78,whisper,False
916,3,16981,4:43:04,Raj Aryan,78,whisper+youtube,True
917,1,19022,5:17:05,Aditi Butla,97,whisper+youtube,True
917,2,26451,7:20:54,Aditi Batrina,96,whisper+youtube,False
917,3,14356,3:59:19,Adita Baheli Bahi,87,youtube,False
918,1,22101,6:08:24,Harsh Jain,86,whisper,False
918,2,24353,6:45:56,Harsh Anand Karika,86,whisper,False
918,3,12460,3:27:43,Manav Harish Bhai Patel,84,whisper,False
919,1,19907,5:31:50,Devanshi Singh,100,whisper+youtube,True
919,2,19119,5:18:42,Devyaansh Singhal,98,whisper+youtube,True
919,3,31286,8:41:29,Rudra Kanesh Singh,93,whisper+youtube,False
920,1,18130,5:02:13,Tup Chakraarti,78,youtube,True
920,2,19227,5:20:30,Anupam Chandra,77,whisper+youtube,True
920,3,13958,3:52:41,Tapur,71,youtube,False
921,1,19031,5:17:14,Sanya Maurya,100,whisper+youtube,True
921,2,22173,6:09:36,Mayur Vinaya Harambe,82,whisper,False
921,3,13298,3:41:41,Shana Sharish Kumar,81,whisper,False
922,1,18839,5:14:02,Chha Ayayush Bechan,96,whisper,True
922,2,12191,3:23:14,Aayush man rehyan,86,youtube,False
922,3,19647,5:27:30,Hemanshu Mohan Jha,85,whisper,True
923,1,18766,5:12:49,Barira Kureshi,90,whisper+youtube,True
923,2,28211,7:50:14,Risha Barua,81,youtube,False
923,3,12408,3:26:51,Rishita Aurora,76,youtube,False
924,1,14532,4:02:15,Vinayak Pandey,100,whisper+youtube,False
924,2,13793,3:49:56,Kand Dewans Vijay,84,whisper+youtube,False
924,3,26608,7:23:31,Please sit down in your place,80,whisper+youtube,False
925,1,14532,4:02:15,Kushagar Patak,97,whisper,False
925,2,13784,3:49:47,Pa Kushwaha,86,youtube,False
925,3,17971,4:59:34,Carl Khan Patan,86,whisper+youtube,True
926,1,18853,5:14:16,Dhrukh Chadha,79,whisper,True
926,2,20223,5:37:06,Dhiraj Singh Jawan,76,youtube,True
926,3,16765,4:39:28,Shri Shukla Ah,71,youtube,True
927,1,32038,8:54:01,Bashnavi Singh Parihar,97,whisper+youtube,False
927,2,17763,4:56:06,Yash Singh Ashok Singh Chawan,95,youtube,True
927,3,19769,5:29:32,Yash Singh,95,youtube,True
928,1,20118,5:35:21,Sudipa Guha,81,youtube,True
928,2,27816,7:43:39,Sumit me,81,youtube,False
928,3,16726,4:38:49,Sudhir,80,youtube,True
929,1,28026,7:47:09,Manav Naresh Patil,74,whisper,False
929,2,19647,5:27:30,Hemanshu Mohan Jha,74,whisper,True
929,3,10530,2:55:33,Moal,73,youtube,False
930,1,22210,6:10:13,Krishna Jayant Kumar Barochia,100,whisper+youtube,False
930,2,26690,7:24:53,Perika Nail Jaya Kumar,97,whisper,False
930,3,27247,7:34:10,Abhishe Kumar Ja,96,whisper+youtube,False
931,1,15882,4:24:45,Muhammad Munavar Ali Mani,94,youtube,False
931,2,24738,6:52:21,Alina Saji,88,whisper+youtube,False
931,3,27145,7:32:28,Mohit Kumar Sa,81,youtube,False
932,1,19947,5:32:30,Utkash words,78,youtube,True
932,2,19666,5:27:49,Utkash,78,youtube,True
932,3,17531,4:52:14,Utkash Anil Vag,78,youtube,True
933,1,14255,3:57:38,Anurup Dutta,99,whisper+youtube,False
933,2,10307,2:51:50,Data,76,youtube,False
933,3,9787,2:43:10,data,76,youtube,False
934,1,19959,5:32:42,Ahan Vas,92,whisper+youtube,True
934,2,17763,4:56:06,Yash Singh Ashok Singh Chawan,83,youtube,True
934,3,16413,4:33:36,Vasu Agarwal,81,youtube,True
935,1,13886,3:51:29,Bharti Jai Pratash,93,whisper+youtube,False
935,2,19105,5:18:28,Bhargavi Prakash Devade,91,whisper+youtube,True
935,3,22013,6:06:56,Shri Hari Jayamthi Hilwadi,84,whisper,False
936,1,12370,3:26:13,Chirak Sharma,88,whisper+youtube,False
936,2,14532,4:02:15,Chetraan Srivas,87,whisper,False
936,3,23677,6:34:40,Chira Sharma,85,youtube,False
937,1,16271,4:31:14,Vidit,80,youtube,True
937,2,11104,3:05:07,as chancellor of VIT BAL University,76,youtube,False
937,3,25607,7:06:50,Virgin,61,youtube,False
938,1,18801,5:13:24,Somia Gupta,100,whisper+youtube,True
938,2,21787,6:03:10,Miss Shamya Gupta,93,whisper+youtube,False
938,3,27591,7:39:54,Siman Gupta Now,93,whisper+youtube,False
939,1,16497,4:35:00,Power Sanit Sanjay,94,youtube,True
939,2,9154,2:32:37,Sanra Sanjay Dang Supervisor Dr,90,youtube,False
939,3,20073,5:34:36,Sanjie Vishuanat Ayar,82,youtube,True
940,1,14855,4:07:38,Vira Manet,100,whisper+youtube,False
940,2,28528,7:55:31,Vijay Vinod Man,91,whisper+youtube,False
940,3,29878,8:18:01,Virat Jan,87,whisper+youtube,False
941,1,21091,5:51:34,Abhishek Kumar Singh,100,youtube,True
941,2,27248,7:34:11,Abhishek Kumar Ja,100,whisper+youtube,False
941,3,17905,4:58:28,Aishek Kumar,99,whisper+youtube,True
942,1,22896,6:21:39,Miss Pusha Chalesh Kumar,82,youtube,False
942,2,22823,6:20:26,Miss Tanushkar Sahu,81,youtube,False
942,3,22589,6:16:32,Sh Mishra,81,youtube,False
943,1,16489,4:34:52,Devan Kalura,84,youtube,True
943,2,9802,2:43:25,Abhay Kumar Devedi,84,whisper,False
943,3,12916,3:35:19,Devansh Kumar,83,whisper,False
944,1,16282,4:31:25,Ria Verhma,95,youtube,True
944,2,10405,2:53:28,Priya Varma,91,whisper,False
944,3,20591,5:43:14,Dipayankar Riyabel Chobam Varma,90,whisper,True
945,1,18585,5:09:48,Nahil Nama,75,youtube,True
945,2,24307,6:45:10,Karthik Am,73,whisper,False
945,3,17239,4:47:22,Samar Prith Singh,71,whisper,True
947,1,16631,4:37:14,Shishant Singh King,100,youtube,True
947,2,14059,3:54:22,Shashat Vikram Singh,98,whisper+youtube,False
947,3,24873,6:54:36,Akash Shibham Pratab Singh,92,whisper,False
948,1,29634,8:13:57,Navya Pillai,85,whisper,False
948,2,14818,4:07:01,Parva Nachan,83,whisper+youtube,False
948,3,12887,3:34:50,Nha Pal,81,youtube,False
949,1,19976,5:32:59,Madavan Rammanojita,92,youtube,True
949,2,9477,2:38:00,Ramanuj Sardha,86,whisper,False
949,3,10437,2:54:00,ma'am,83,whisper+youtube,False
950,1,16641,4:37:24,Princy Vishar Vishu Karma,89,youtube,True
950,2,23476,6:31:19,Priyanka Vishrukar Ma,88,whisper+youtube,False
950,3,17663,4:54:26,Samar Prithi Shrivastava,78,whisper,True
951,1,19307,5:21:50,Vinay Vyas,100,whisper+youtube,True
951,2,13793,3:49:56,Khandre Devans Vijay,82,whisper,False
951,3,27516,7:38:39,Yash Vishal Rajkotiya,80,whisper,False
952,1,12605,3:30:08,Patel Bhavin Bharat,100,whisper,False
952,2,12460,3:27:43,Manav Harish Bhai Patel,96,whisper,False
952,3,22617,6:17:00,Sachi Bhan Bhara,94,youtube,False
953,1,16021,4:27:04,Sarak Kumar,84,youtube,True
953,2,21155,5:52:38,Om Sharma,82,youtube,True
953,3,17470,4:51:13,Homal Saf,81,youtube,True
954,1,18334,5:05:37,Ria Prashant,81,youtube,True
954,2,12294,3:24:57,Aayesh Kant Ray,80,youtube,False
954,3,18525,5:08:48,Aayish Pra,78,youtube,True
955,1,18286,5:04:49,Khashii Malviya,99,whisper+youtube,True
955,2,18767,5:12:50,Harira Kureshi,80,whisper+youtube,True
955,3,18567,5:09:30,Anushri Jalima,75,youtube,True
956,1,16504,4:35:07,Anubha Kumar,99,youtube,True
956,2,29746,8:15:49,Anubha Kumar Singh,100,whisper+youtube,False
956,3,27375,7:36:18,Abhinav Kumar,96,whisper+youtube,False
957,1,16068,4:27:51,Pratamesh Opad,83,youtube,True
957,2,18413,5:06:56,Rudy Pra Singh Chahan,78,youtube,True
957,3,22502,6:15:05,Aditya Pratap Singh,77,whisper,False
958,1,19833,5:30:36,adita shasta,96,whisper+youtube,True
958,2,12106,3:21:49,Aditi Sharma,95,youtube,False
958,3,21625,6:00:28,Aryan Sharma,92,whisper+youtube,False
959,1,16413,4:33:36,Vasu Agarwal,80,youtube,True
959,2,16622,4:37:05,Hyundai Hershawan Jven,73,youtube,True
960,1,18377,5:06:20,Anju Yadav,100,whisper+youtube,True
960,2,22532,6:15:35,Anjali Yadav,96,whisper+youtube,False
960,3,10804,3:00:07,Anura Yadav,91,youtube,False
961,1,19645,5:27:28,Neman Amar Biru,100,youtube,True
961,2,10437,2:54:00,ma'am,87,whisper+youtube,False
961,3,10575,2:56:18,for the award of Bachelor of Technology in Bi Engineering,84,whisper,False
962,1,20827,5:47:10,MD Alamus,99,whisper+youtube,True
962,2,16990,4:43:13,Kati Madwani,88,whisper+youtube,True
962,3,31878,8:51:21,Midun Kar,85,whisper+youtube,False
963,1,18114,5:01:57,Srayash Kumar,100,whisper+youtube,True
963,2,23539,6:32:22,Raya Kumari,91,whisper,False
963,3,13679,3:48:02,Ayush Kumar Singh,90,whisper,False
964,1,15496,4:18:19,Samrit Jindel,89,youtube,False
964,2,19265,5:21:08,Jitendra Bara,79,youtube,True
964,3,29056,8:04:19,Samriti Jasal,78,youtube,False
965,1,12679,3:31:22,Devaj Zadon,75,whisper,False
965,2,17643,4:54:06,Ritya Chandain,73,whisper,True
965,3,17301,4:48:24,Ritya Chandain,73,whisper,True
966,1,17531,4:52:14,Utkash Anil Vag,99,youtube,True
966,2,17947,4:59:10,Anish Kumar Jaisman,83,whisper+youtube,True
966,3,13958,3:52:41,Anil,80,youtube,False
967,1,18613,5:10:16,Anvesha Thapa,100,whisper+youtube,True
967,2,18443,5:07:26,Anusha Chandraar,81,whisper+youtube,True
967,3,15140,4:12:23,You know that we are going through the,81,youtube,False
968,1,16477,4:34:40,Ankur Praapati,99,youtube,True
968,2,9183,2:33:06,Aner Du Praas Supervisor Dr,88,whisper+youtube,False
968,3,17395,4:49:58,Ankit Raj Pagaj,85,whisper+youtube,True
969,1,19199,5:20:02,Aman Kumar,100,whisper+youtube,True
969,2,31665,8:47:48,Aman Kumar Anil Verma,100,whisper+youtube,False
969,3,29776,8:16:19,Rahul Kumar Jha,100,whisper,False
970,1,19683,5:28:06,Koshik Kashyap,98,whisper+youtube,True
970,2,12710,3:31:53,Yash Kashab,87,whisper+youtube,False
970,3,19112,5:18:35,Prashant Kashikar,84,whisper+youtube,True
971,1,19219,5:20:22,Ronit Kumar Mandal,100,whisper+youtube,True
971,2,24941,6:55:44,Rohit Kumar,100,whisper+youtube,False
971,3,10162,2:49:25,Rohit Kumar,100,whisper+youtube,False
972,1,17763,4:56:06,Yash Singh Ashok Singh Chawan,95,whisper+youtube,True
972,2,24445,6:47:28,Ashish Chauda,94,whisper+youtube,False
972,3,18413,5:06:56,Rudy Pra Singh Chahan,89,whisper+youtube,True
973,1,18869,5:14:32,Neha Ansh Nigam,92,whisper,True
973,2,12469,3:27:52,Nitya Dhumar Sha,80,youtube,False
973,3,19119,5:18:42,Devyaansh Singhal,72,whisper,True
974,1,13378,3:43:01,Prahar Jan,95,youtube,False
974,2,18633,5:10:36,Anushri Jai Sarkar,91,whisper+youtube,True
974,3,13886,3:51:29,Bharti Jai Pratash,88,whisper,False
975,1,23759,6:36:02,Parthib Rajesh,96,whisper+youtube,False
975,2,13429,3:43:52,Prati Raj Mishra,95,whisper+youtube,False
975,3,14878,4:08:01,Raj Parma,91,whisper,False
976,1,17821,4:57:04,Parthvi Kalpesh Bhai Mishra,100,whisper+youtube,True
976,2,13429,3:43:52,Prati Raj Mishra,90,whisper+youtube,False
976,3,24197,6:43:20,Miss Prati Sony,84,youtube,False
977,1,19541,5:25:44,Yovraj Pratap Singh,100,whisper+youtube,True
977,2,20351,5:39:14,Akand Pratap Singh,100,whisper,True
977,3,18413,5:06:56,Rudra Pratap Singh Chohan,100,whisper+youtube,True
978,1,12625,3:30:28,Prana Kumar,99,whisper+youtube,False
978,2,21712,6:01:55,Manoj Kumar Pradhan,96,whisper+youtube,False
978,3,28977,8:03:00,Praa Kumari,94,youtube,False
979,1,13701,3:48:24,Yusra Singh Thakur,100,whisper,False
979,2,10717,2:58:40,Takur Shujan Singsh and,96,youtube,False
979,3,19769,5:29:32,Yash Singh,96,youtube,True
980,1,18606,5:10:09,Gurbani Bhog,100,whisper+youtube,True
980,2,20102,5:35:05,Abhai Bhal,79,youtube,True
980,3,16588,4:36:31,Arian Bhanuali,73,youtube,True
981,1,17971,4:59:34,Carl Khan Patan,98,youtube,True
981,2,21836,6:03:59,Patan Adher Hussain Khan,100,whisper+youtube,False
981,3,29228,8:07:11,Faraz Ahmad Khan,93,whisper+youtube,False
982,1,17586,4:53:09,Rishabkumar Singh,99,whisper+youtube,True
982,2,12545,3:29:08,Richa Singh,97,whisper+youtube,False
982,3,20325,5:38:48,Jain Rishan Kumar,95,whisper,True
983,1,28487,7:54:50,Shrea Kumari,86,whisper+youtube,False
983,2,18488,5:08:11,Sahesh Preet Kaur,84,whisper,True
983,3,27145,7:32:28,Mohit Kumar Sa,80,youtube,False
984,1,21819,6:03:42,Miss Aditi Yadav,100,whisper+youtube,False
984,2,20063,5:34:26,Aditya Nandanvana,86,whisper+youtube,True
984,3,19187,5:19:50,Aditi,85,whisper+youtube,True
985,1,16943,4:42:26,Kalash Shrivastava,85,whisper,True
985,2,24966,6:56:09,Chidej Kumar Shivas,83,whisper+youtube,False
985,3,18018,5:00:21,Ria Ben Dhaves Kumar Patel,76,whisper,True
986,1,18435,5:07:18,Kumari Vashnavi,99,youtube,True
986,2,28108,7:48:31,Kumar Vaishnav,100,whisper+youtube,False
986,3,14128,3:55:31,Shivangi Kumari,94,whisper+youtube,False
987,1,19143,5:19:06,Soham Nande,100,whisper,True
987,2,12538,3:29:01,Nandini Sharma,91,whisper+youtube,False
987,3,22913,6:21:56,Shiva Nandan Pi,83,youtube,False
988,1,27867,7:44:30,Vaka Suhail Abhas,80,whisper,False
988,2,13839,3:50:42,Sahil Kodgerwar,76,whisper+youtube,False
988,3,13210,3:40:13,Sohail S,72,whisper,False
989,1,20102,5:35:05,Abhai Bhal,100,whisper+youtube,True
989,2,27867,7:44:30,Vaka Suhail Abhas,84,whisper,False
989,3,14376,3:59:39,Athar Bithal,83,whisper,False
990,1,19105,5:18:28,Bhargavi Prakash Devade,100,whisper+youtube,True
990,2,13886,3:51:29,Bharti Jai Pratash,91,whisper,False
990,3,19233,5:20:36,Laksh Sachin Bharat Dhuaj,89,whisper+youtube,True
991,1,14422,4:00:25,Muhammad Adil Khan,96,whisper+youtube,False
991,2,22127,6:08:50,Mohamma Takreem Khan,90,whisper,False
991,3,21836,6:03:59,Patan Adher Hussain Khan,89,whisper,False
992,1,14818,4:07:01,Parva Nachan,100,whisper+youtube,False
992,2,18413,5:06:56,Rudy Pra Singh Chahan,85,whisper+youtube,True
992,3,19153,5:19:16,Patan Chetan Prakash,83,whisper+youtube,True
993,1,12969,3:36:12,Priyanshu Misra,85,whisper+youtube,False
993,2,23096,6:24:59,Riyanshu Kumar Pandey,82,whisper+youtube,False
993,3,22046,6:07:29,Priyanshu Raj,80,whisper,False
994,1,18463,5:07:46,Us Singh Badora,96,youtube,True
994,2,17859,4:57:42,Bharabi Singh,93,youtube,True
994,3,30394,8:26:37,Manthib Singh Chabra,93,whisper+youtube,False
995,1,18857,5:14:20,Abhilash Reddy,100,whisper+youtube,True
995,2,16173,4:29:36,Adla Prasad Reddi,83,youtube,True
995,3,24761,6:52:44,Miss Ashish as Pasad,79,youtube,False
996,1,20128,5:35:31,Shivangi Mishra,100,youtube,True
996,2,23244,6:27:27,Feshnavi Mishra,94,whisper+youtube,False
996,3,22589,6:16:32,Sh Mishra,90,youtube,False
997,1,18093,5:01:36,Bhagesh Maheshwari,100,whisper+youtube,True
997,2,19525,5:25:28,Mohanesh Bhaveskar,83,whisper+youtube,True
997,3,26961,7:29:24,makaria nid chandesh by,78,youtube,False
998,1,18062,5:01:05,Hanshika Arora,100,whisper+youtube,True
998,2,17219,4:47:02,Anushka Varma Nam Deo,80,whisper,True
998,3,22622,6:17:05,Harsha Agraal,79,youtube,False
999,1,19153,5:19:16,Patan Chetan Prakash,100,whisper+youtube,True
999,2,29984,8:19:47,Chelsea Patil,96,whisper+youtube,False
999,3,18413,5:06:56,Rudy Pra Singh Chahan,89,whisper+youtube,True
1000,1,15230,4:13:53,Sit in your seat,86,whisper,False
1000,2,20942,5:49:05,Suditi Eight,82,youtube,True
1000,3,15169,4:12:52,let's sit down,79,whisper,False
1001,1,20297,5:38:20,Raj Varthan,100,whisper+youtube,True
1001,2,16981,4:43:04,Raj Aryan,95,whisper+youtube,True
1001,3,22219,6:10:22,Varda Sudher Rao,88,whisper,False
1002,1,29500,8:11:43,Many Gupta,100,whisper+youtube,False
1002,2,19450,5:24:13,Manas Gupta,95,youtube,True
1002,3,17849,4:57:32,Mania Gupta,95,youtube,True
1003,1,17663,4:54:26,Ritik Sumesh doi,92,youtube,True
1003,2,18275,5:04:38,Come to this side,79,whisper+youtube,True
1003,3,18805,5:13:28,Somesh Rathor,78,whisper,True
1004,1,16614,4:36:57,Kalash Prattab God,95,youtube,True
1004,2,24873,6:54:36,Akash Shibham Pratab Singh,91,whisper,False
1004,3,18523,5:08:46,Ayush Pratap,90,whisper+youtube,True
1005,1,19501,5:25:04,Meet Vikhani,100,whisper+youtube,True
1005,2,12687,3:31:30,meet Bha,91,youtube,False
1005,3,18929,5:15:32,Vikesh Mehhta,72,whisper,True
1006,1,14422,4:00:25,Aditya Vikram Singh,100,whisper+youtube,False
1006,2,14060,3:54:23,Sasvat Vikram Singh,100,whisper+youtube,False
1006,3,29236,8:07:19,Vikas Kumar Singh,99,whisper+youtube,False
1007,1,19171,5:19:34,Anike Ranjan,100,whisper+youtube,True
1007,2,22135,6:08:58,Ankit Ranjandas,97,whisper+youtube,False
1007,3,17395,4:49:58,Ankit Raj Pagaj,93,whisper+youtube,True
1008,1,16982,4:43:05,Raj Aryan,85,whisper+youtube,True
1008,2,20357,5:39:20,Aryan Abhiji Desh Pande,85,whisper+youtube,True
1008,3,28195,7:49:58,Aryan Singh Omrakash,85,whisper+youtube,False
1009,1,12952,3:35:55,Sachi Dougal,82,whisper+youtube,False
1009,2,15959,4:26:02,Kohli Bhavna Bala sahib,81,youtube,True
1009,3,15449,4:17:32,Are you succ Santa,77,youtube,False
1010,1,18929,5:15:32,Vikesh Mehhta,100,whisper+youtube,True
1010,2,18707,5:11:50,Mehika Keish Kamat,93,whisper+youtube,True
1010,3,19501,5:25:04,Meet Vikhani,82,youtube,True
1011,1,21325,5:55:28,The Dad Singh,85,youtube,False
1011,2,16843,4:40:46,Dhruva Singh Pradip Singh Vagayala,83,whisper+youtube,True
1011,3,22502,6:15:05,Adita Prattab Singh,83,youtube,False
1012,1,26949,7:29:12,Swati suchita samra,80,youtube,False
1012,2,21735,6:02:18,Susant Sharma,75,youtube,False
1012,3,18676,5:11:19,Second block students kindly sit at the,74,youtube,True
1013,1,19324,5:22:07,Shashi Kumar Yadav,100,whisper+youtube,True
1013,2,19569,5:26:12,Samir Kumar,96,whisper+youtube,True
1013,3,15001,4:10:04,Vishwam Samir Kumar Patel,96,whisper+youtube,False
1014,1,18623,5:10:26,Anushri Jai Sarkar,89,whisper+youtube,True
1014,2,18693,5:11:36,Anushri Jai Sarkar,84,whisper,True
1014,3,24179,6:43:02,Abin Mano,80,youtube,False
1015,1,19647,5:27:30,Hemanshu Mohan Jha,100,whisper+youtube,True
1015,2,19525,5:25:28,Mohanish Bhavishkar Utsav Jha,100,whisper+youtube,True
1015,3,19343,5:22:26,Abhinav Vishnu Mohan,89,whisper+youtube,True
1016,1,14332,3:58:55,Ayush Raj,100,whisper,False
1016,2,31633,8:47:16,Anushka Raj,91,youtube,False
1016,3,24268,6:44:31,Anushka Rajput,90,whisper+youtube,False
1017,1,31909,8:51:52,Bridal Krishna Shavla,78,youtube,False
1017,2,14949,4:09:12,Mithul Shivasta,76,whisper,False
1018,1,18745,5:12:28,Koshi Gupta,86,whisper+youtube,True
1018,2,19683,5:28:06,Koshik Kashyap,83,whisper,True
1018,3,18877,5:14:40,Aditya Koshwa,79,whisper,True
1019,1,9085,2:31:28,Moan Lal,81,youtube,False
1019,2,20386,5:39:49,Lalwani,80,youtube,True
1019,3,17555,4:52:38,Aman Amarjit Moria,77,whisper,True
1020,1,17663,4:54:26,Samar Prithi Shrivastava,86,whisper,True
1020,2,17987,4:59:50,Srishti Shrivastava,84,whisper,True
1020,3,17320,4:48:43,Riddhi Shvastavishi,84,youtube,True
1021,1,24873,6:54:36,Akash Shiv Shankar,83,youtube,False
1021,2,21862,6:04:25,Sam Rajas Chandra Shakhar,81,youtube,False
1021,3,21720,6:02:03,Chandran Shu Sarkar,81,youtube,False
1022,1,16817,4:40:20,Sumit Kumar Tiwari,100,whisper+youtube,True
1022,2,27345,7:35:48,Sumit Kumar,100,whisper,False
1022,3,13394,3:43:17,Surjit Kumar,98,whisper+youtube,True
1023,1,20118,5:35:21,Sudipa Guha,100,youtube,False
1023,2,12226,3:23:49,Disha Gupta Shivani Patel,83,whisper+youtube,True
1023,3,18801,5:13:24,Somia Gupta,78,youtube,False
1024,1,12446,3:27:29,Abhira Divedi,80,whisper,True
1024,2,31847,8:50:50,Adved Shri Juham,79,whisper,False
1024,3,29296,8:08:19,Anshul Jive Shwai,75,whisper,False
1025,1,10746,2:59:09,Ashi Solani,90,whisper+youtube,False
1025,2,16156,4:29:19,Ashto Sony,90,youtube,True
1025,3,9951,2:45:54,automation as San Anon,82,whisper+youtube,False
1026,1,13597,3:46:40,Madhav Dayan,79,whisper,True
1026,2,23344,6:29:07,Adityan Dayanandan,79,whisper,False
1026,3,14989,4:09:52,Mayang Kpal Huh?,78,youtube,True
1027,1,13508,3:45:11,Anish Agarwal,100,whisper+youtube,True
1027,2,12864,3:34:27,Panisha Agarwal,98,whisper+youtube,True
1027,3,28461,7:54:24,Akshed Agarwal,94,whisper+youtube,False
1028,1,21689,6:01:32,Tatish Aknurwar Koshantiv,97,whisper+youtube,False
1028,2,30038,8:20:41,Shushal Sati,87,whisper,False
1028,3,18278,5:04:41,Anushka Satin Mandaker,85,whisper,False
1029,1,15759,4:22:42,Ron Anak Chakraarti,89,youtube,True
1029,2,14714,4:05:17,so all the graduates please be seated on the chair,84,whisper+youtube,True
1030,1,14014,3:53:37,Sorak Jooshi,94,whisper+youtube,True
1030,2,14683,4:04:46,so please just sit there calmly,77,whisper+youtube,True
1030,3,28341,7:52:24,Johi,76,youtube,False
1031,1,14263,3:57:46,Nayal Sunil Turyavansi,100,whisper+youtube,True
1031,2,28884,8:01:27,Shweta Anil Kumar Nayar,90,whisper+youtube,False
1031,3,18228,5:03:51,Adya Sundrial,85,whisper,False
1032,1,13679,3:48:02,Ayush Kumar Singh,96,whisper+youtube,True
1032,2,23154,6:25:57,Shah Krishy Chalesh Kumar,95,whisper+youtube,False
1032,3,14532,4:02:15,Ayush Kumar,91,whisper,True
1033,1,13886,3:51:29,Bharti Jai Pratash,80,whisper+youtube,True
1033,2,20325,5:38:48,Jain Rishan Kumar,78,whisper,False
1033,3,18592,5:09:55,Sadhar Ja,78,youtube,False
1034,1,13394,3:43:17,Surjit Kumar,100,whisper+youtube,True
1034,2,16817,4:40:20,Sumit Kumar Tiwari,98,whisper+youtube,True
1034,3,8859,2:27:42,Puspender Singh Pa V Ait Kumar Puroit,94,whisper+youtube,False
1035,1,17937,4:59:00,Narendra Singh Chan,100,youtube,False
1035,2,18413,5:06:56,Rudra Pratap Singh Chohan,100,whisper+youtube,False
1035,3,31725,8:48:48,Rachit Singh Chohan,98,whisper,False
1036,1,20270,5:37:53,Nikon Mamodia,94,youtube,False
1036,2,28234,7:50:37,Mandar Nitan,78,youtube,False
1036,3,20574,5:42:57,Modi,70,youtube,False
1037,1,20709,5:45:12,Tan Kasha,92,youtube,False
1037,2,26548,7:22:31,Anway Arsha,88,whisper+youtube,False
1037,3,14949,4:09:12,Kabbya Taylor,83,whisper+youtube,True
1038,1,14277,3:58:00,Rakesh Kumar Singh,92,whisper+youtube,True
1038,2,31286,8:41:29,Rudra Kanesh Singh,92,whisper+youtube,False
1038,3,14789,4:06:32,Harsh Vardhan Singh Radhaar,90,whisper,True
1039,1,18759,5:12:42,Yana Jain,100,whisper+youtube,False
1039,2,23996,6:39:59,Miss Ana Jan,98,whisper+youtube,False
1039,3,26707,7:25:10,Ana Jana,94,whisper+youtube,False
1040,1,12316,3:25:19,Bumi Chauk Singh,94,whisper,True
1040,2,18413,5:06:56,Rudy Pra Singh Chahan,100,whisper+youtube,False
1040,3,30394,8:26:37,Manthib Singh Chabra,96,whisper+youtube,False
1041,1,13951,3:52:34,Divan's Jan,97,whisper+youtube,True
1041,2,19983,5:33:06,Divita Jain,95,whisper+youtube,False
1041,3,29358,8:09:21,Adash Jain,88,whisper,False
1042,1,19729,5:28:52,An kana,89,youtube,False
1042,2,29530,8:12:13,Anika Kotana,83,youtube,False
1042,3,9420,2:37:03,Banksi Kassarma,80,whisper,False
1043,1,19525,5:25:28,Mohanish Bhavishkar Utsav Jha,100,whisper+youtube,False
1043,2,25968,7:12:51,Modi Aika,80,youtube,False
1043,3,12460,3:27:43,Manav Harish Bhai Patel,78,whisper,True
1044,1,22118,6:08:41,Siddharth Shankar,95,whisper+youtube,False
1044,2,16129,4:28:52,Sith Bhaskar,85,youtube,True
1044,3,26091,7:14:54,Diksha Bharat,78,youtube,False
1045,1,10617,2:57:00,Vapin Samson,94,whisper+youtube,False
1045,2,20958,5:49:21,Whippin Samson,85,youtube,True
1045,3,18921,5:15:24,Kabade Om Villain,81,whisper,True
1046,1,22127,6:08:50,Mohamma Takreem Khan,100,whisper+youtube,True
1046,2,14422,4:00:25,Muhammad Adil Khan,100,whisper+youtube,False
1046,3,31068,8:37:51,Muhammad Ayan Khan,96,youtube,False
1047,1,9154,2:32:37,Sanra Sanjay Dang Supervisor Dr,90,whisper+youtube,False
1047,2,12577,3:29:40,Sauraj Saha,86,whisper,False
1047,3,12654,3:30:57,Samaj Satya,85,whisper,False
1049,1,23056,6:24:19,Hush Patin,78,youtube,True
1049,2,30938,8:35:41,Kursil,62,whisper,False
1050,1,23123,6:25:26,Arun Alva,86,whisper+youtube,True
1050,2,19619,5:27:02,Arnab Day,80,youtube,True
1050,3,29990,8:19:53,Sara Joby David,78,whisper,False
1051,1,28644,7:57:27,Ashi Padairia,80,whisper+youtube,False
1051,2,22332,6:12:15,Miss Ashi Jen,75,youtube,True
1051,3,20324,5:38:47,Ashi Jan,75,youtube,True
1052,1,21898,6:05:01,Aditya Pratap Singh,100,whisper+youtube,True
1052,2,19541,5:25:44,Yovraj Pratap Singh,100,whisper,True
1052,3,22502,6:15:05,Aditya Pratap Singh,100,whisper+youtube,True
1053,1,19831,5:30:34,Anshul Banke,100,whisper+youtube,True
1053,2,18829,5:13:52,Shrey Anshu Balerji,80,whisper,True
1053,3,23096,6:24:59,Riyanshu Kumar Pandey,80,whisper,True
1054,1,22289,6:11:32,Devansh Khattri,74,whisper,True
1054,2,19907,5:31:50,Devanshi Singh,74,whisper,True
1054,3,26146,7:15:49,Devansh Daga,74,whisper,False
1055,1,21862,6:04:25,Samas Rajas Chandrashekar,100,whisper+youtube,True
1055,2,28736,7:58:59,Shubham Raj Sharma,91,whisper+youtube,False
1055,3,28007,7:46:50,Arja Chan,90,whisper+youtube,False
1056,1,21855,6:04:18,Dhruv Devank Chowshi,100,whisper+youtube,True
1056,2,19105,5:18:28,Bhargavi Prakash Devade,76,whisper,True
1056,3,23608,6:33:31,Goshi Vinay Desai,75,whisper,True
1057,1,21843,6:04:06,Harsh Aditya,100,whisper+youtube,True
1057,2,21653,6:00:56,Aditya Radeesh,90,whisper+youtube,True
1057,3,14878,4:08:01,Dhaval Harsh Pandit,89,whisper,False
1058,1,21463,5:57:46,pranav jawar,91,youtube,True
1058,2,18038,5:00:41,pranel nahar,80,youtube,False
1058,3,19105,5:18:28,Bhargavi Praash Deodsha,79,whisper+youtube,True
1059,1,22118,6:08:41,Siddharth Shankar,100,whisper+youtube,True
1059,2,18387,5:06:30,Shani Sharma,85,whisper+youtube,False
1059,3,13298,3:41:41,Shana Sharish Kumar,85,whisper,False
1060,1,19955,5:32:38,Avhan Gyaas,84,whisper,True
1060,2,19825,5:30:28,gan vhan,83,youtube,True
1060,3,21712,6:01:55,Manoj Kumar Pradhan,79,whisper+youtube,True
1061,1,21374,5:56:17,Ashish Nehra,100,youtube,True
1061,2,18869,5:14:32,Neha Ansh Nigam,86,whisper,True
1061,3,24094,6:41:37,Ashita Verma,80,whisper,False
1062,1,11104,3:05:07,as chancellor of VIT BAL University,78,youtube,False
1062,2,26130,7:15:33,Akshet Avadia,73,whisper,False
1062,3,19803,5:30:06,Aditya Raj Shivasta,71,whisper,True
1063,1,29450,8:10:53,Akshet Varma,79,whisper,False
1063,2,31338,8:42:21,Kush Nayak,78,youtube,False
1063,3,23283,6:28:06,Sheh Saniya Meh,74,whisper,True
1064,1,22101,6:08:24,Harsh Jain,100,whisper+youtube,True
1064,2,31058,8:37:41,Harsh Jan,97,youtube,False
1064,3,12309,3:25:12,Harsha Jangri,93,whisper+youtube,False
1065,1,29493,8:11:36,Rakshittita Sharma,96,whisper+youtube,False
1065,2,17623,4:53:46,Devia Anzel Rahul Sharma,93,whisper+youtube,False
1065,3,21170,5:52:53,Rajit Sharma,93,youtube,True
1066,1,12956,3:35:59,Aryan Shuvastar,97,whisper+youtube,False
1066,2,17123,4:45:26,Priya Shrivastava,92,whisper+youtube,False
1066,3,20315,5:38:38,Arian Shivasta,91,youtube,True
1067,1,26416,7:20:19,Ribhuvat Verma,94,whisper,False
1067,2,19645,5:27:28,Neman Amar Biru,73,youtube,True
1067,3,26492,7:21:35,Taria,62,youtube,False
1068,1,23849,6:37:32,Adwat Gokle,78,whisper+youtube,True
1068,2,26651,7:24:14,even can go smoothly,72,whisper+youtube,False
1068,3,19038,5:17:21,to take the name as I go,67,youtube,True
1069,1,22055,6:07:38,Akash Sharma,99,whisper+youtube,True
1069,2,27977,7:46:20,Pratush Sharma,92,youtube,False
1069,3,19105,5:18:28,Bhargavi Prakash Devade,90,whisper+youtube,True
1070,1,24398,6:46:41,Miss Kumari Ashta,82,whisper+youtube,False
1070,2,29787,8:16:30,Purila Ka,82,youtube,False
1070,3,18497,5:08:20,Gurlin Kaur,79,whisper,True
1071,1,22210,6:10:13,Krishna Jayant Kumar Barochia,100,whisper+youtube,True
1071,2,22428,6:13:51,Karthik Krishna Devi,90,whisper+youtube,True
1071,3,13877,3:51:20,Ar Sri Krishna Kasiad,88,whisper,False
1072,1,21317,5:55:20,Anushka Singh,100,youtube,True
1072,2,30420,8:27:03,Anushka Singh,100,whisper+youtube,False
1072,3,29746,8:15:49,Anubha Kumar Singh,100,whisper+youtube,False
1073,1,14846,4:07:29,Shankar Anikit Anil,97,youtube,False
1073,2,10904,3:01:47,Vani Shagarwal,91,whisper+youtube,False
1073,3,13858,3:51:01,Anikesh Sharma,90,whisper+youtube,False
1074,1,13634,3:47:17,Mati Raj Prashan,100,whisper+youtube,False
1074,2,9926,2:45:29,Praat Raj second rank,100,whisper+youtube,False
1074,3,21597,6:00:00,Akshat Raj,96,whisper+youtube,True
1075,1,21226,5:53:49,Himman Saraswat,95,youtube,True
1075,2,25004,6:56:47,Himanshu Sharva,91,whisper+youtube,False
1075,3,13075,3:37:58,Harsh Sabarwal,82,whisper,False
1076,1,13822,3:50:25,Anus Khan,93,youtube,False
1076,2,21837,6:04:00,Batan Aar Hussein Khan,92,whisper+youtube,True
1076,3,29228,8:07:11,Paras Ahmed Khan,89,youtube,False
1077,1,21500,5:58:23,Jaganad Ram,91,youtube,True
1077,2,29430,8:10:33,Amit Gungjan Ja,77,youtube,False
1077,3,23182,6:26:25,Ratesh Kamos Pillai,76,whisper,True
1078,1,19541,5:25:44,Yovraj Pratap Singh,100,whisper+youtube,True
1078,2,20351,5:39:14,Akand Pratap Singh,100,whisper,True
1078,3,21898,6:05:01,Aditya Pratap Singh,100,whisper+youtube,True
1079,1,21005,5:50:08,Atharva Patel,99,whisper+youtube,True
1079,2,21923,6:05:26,Miss Rishi Naesh Kumar Patel,88,whisper+youtube,True
1079,3,16907,4:41:50,Shri Pati Vaibhav Maitre,85,whisper,False
1080,1,21872,6:04:35,Bidhan Mana,100,whisper+youtube,True
1080,2,12460,3:27:43,Manav Harish Bhai Patel,92,whisper+youtube,False
1080,3,27390,7:36:33,Manas Bhatt,87,whisper+youtube,False
1081,1,21177,5:53:00,Mohak Nithin Gopali,100,whisper+youtube,True
1081,2,9676,2:41:19,Rohar Nidi Santos third rank,83,whisper+youtube,False
1081,3,31439,8:44:02,Nitan Kumar Mishra,82,youtube,False
1082,1,26986,7:29:49,Anmeisha Rathor,98,whisper+youtube,False
1082,2,24617,6:50:20,Anshuman Rath,87,whisper,False
1082,3,18723,5:12:06,Anvesha Chatter,84,youtube,True
1083,1,23203,6:26:46,Raj Kuru Webhavi Ajiz,91,whisper+youtube,True
1083,2,20297,5:38:20,Raj Varthan,89,whisper,True
1083,3,27518,7:38:41,Vishal Rajcotia,86,whisper+youtube,False
1084,1,21216,5:53:39,Sahil Ahmed,98,youtube,True
1084,2,30122,8:22:05,Lambe sahi,82,whisper,False
1084,3,16765,4:39:28,Shri Shukla Ah,81,youtube,False
1085,1,21209,5:53:32,Shepali Deangal,91,youtube,True
1085,2,21625,6:00:28,Debian Shadri,84,whisper+youtube,True
1085,3,13649,3:47:32,Shreya Daga,82,whisper,False
1086,1,17682,4:54:45,Mahhar Naidu Dara,100,whisper+youtube,False
1086,2,25545,7:05:48,Da Nandan,78,youtube,False
1086,3,20449,5:40:52,Mahamodhya Amartya,75,whisper,True
1087,1,15532,4:18:55,Manas Shivasa Huh?,87,youtube,False
1087,2,21453,5:57:36,mana shastav,85,youtube,True
1087,3,18909,5:15:12,Manav Rabat,83,whisper+youtube,True
1088,1,21162,5:52:45,Akshit Singh,100,youtube,True
1088,2,22930,6:22:13,Aksita Singh,100,whisper+youtube,True
1088,3,12900,3:35:03,Arshit Singh,100,whisper+youtube,False
1089,1,20063,5:34:26,Aditya Nandanvana,100,whisper+youtube,True
1089,2,23344,6:29:07,Adityan Dayanandan,92,whisper+youtube,True
1089,3,21819,6:03:42,Aditya Yadav,88,whisper+youtube,True
1090,1,19287,5:21:30,Ganesh Mote,93,whisper+youtube,True
1090,2,21923,6:05:26,Miss Rishi Naesh Kumar Patel,80,whisper+youtube,True
1090,3,17041,4:44:04,Ramesh,58,whisper,False
1092,1,21149,5:52:32,Shrea Duta,96,youtube,True
1092,2,21795,6:03:18,Shreyasi Gupta,89,whisper+youtube,True
1092,3,31931,8:52:14,Uttar Shri Vashthal,85,whisper,False
1093,1,17623,4:53:46,Devia Anzel Rahul Sharma,100,whisper+youtube,False
1093,2,26283,7:18:06,Anshul Sharma,96,whisper+youtube,False
1093,3,28616,7:56:59,Rashni Sharma,88,youtube,False
1094,1,17833,4:57:16,Shhi Shasta,89,youtube,False
1094,2,15532,4:18:55,Manas Shivasa Huh?,87,youtube,False
1094,3,31707,8:48:30,Shri Rita Shah,84,whisper,False
1095,1,22038,6:07:21,Debian Shiv Pratap Singh,87,whisper,True
1095,2,18150,5:02:33,Taran Deep Singh Juneja,82,whisper,False
1095,3,31735,8:48:58,Avira Deet Singh,82,whisper,False
1096,1,18189,5:03:12,Nandesh Yada,100,whisper+youtube,False
1096,2,24053,6:40:56,Tanisha Yadav,92,whisper+youtube,False
1096,3,21819,6:03:42,Miss Aditi Yadav,89,whisper+youtube,True
1097,1,30190,8:23:13,Suhanish Sinha,98,whisper+youtube,False
1097,2,12333,3:25:36,Sha Singh,92,youtube,False
1097,3,10717,2:58:40,Takur Shujan Singsh and,90,youtube,False
1098,1,13560,3:46:03,Anish Kumar Gupta,97,whisper+youtube,False
1098,2,29084,8:04:47,Amisha Gupta,94,whisper+youtube,False
1098,3,28277,7:51:20,Ayushi Gupta,94,whisper+youtube,False
1099,1,31665,8:47:48,Aman Kumar Anil Verma,89,whisper,False
1099,2,26439,7:20:42,Kanjul Verma,88,whisper,False
1099,3,28745,7:59:08,Varun Verma,87,whisper,False
1100,1,21704,6:01:47,Kramik Kumar,100,whisper+youtube,True
1100,2,26830,7:27:13,Prasanna Ram Kumar,97,whisper+youtube,False
1100,3,14060,3:54:23,Sasvat Vikram Singh,94,whisper+youtube,False
1101,1,19211,5:20:14,Shams Shadan Khan,100,whisper+youtube,True
1101,2,18387,5:06:30,Shani Sharma,93,whisper+youtube,False
1101,3,21862,6:04:25,Sam Rajas Chandra Shakhar,90,whisper+youtube,True
1102,1,21946,6:05:49,Varchash Vakhare,88,whisper,True
1102,2,28109,7:48:32,Kumar Vashnav,83,whisper+youtube,False
1102,3,29228,8:07:11,Paras Ahmed Khan,80,youtube,False
1103,1,19111,5:18:34,Isha Prasanth Kashikar,91,whisper+youtube,True
1103,2,31633,8:47:16,Anushka Raj,83,youtube,False
1103,3,21333,5:55:36,Prajapat,80,youtube,True
1104,1,21039,5:50:42,Divanch Gupta,94,youtube,True
1104,2,22152,6:09:15,Dian Gupta,93,youtube,True
1104,3,18752,5:12:35,Dhanishta Gupta,92,whisper+youtube,True
1105,1,17644,4:54:07,T Parvat Redi,91,youtube,False
1105,2,18861,5:14:24,ready,71,youtube,True
1106,1,21939,6:05:42,Sandhipan Nair,81,whisper,True
1106,2,25265,7:01:08,Wata Saig The name,80,youtube,False
1106,3,16597,4:36:40,Anuman Anand Nayakan,79,youtube,False
1107,1,20167,5:36:10,Hemant Sagar,100,whisper+youtube,True
1107,2,25004,6:56:47,The Himmanu Sharma,82,whisper+youtube,False
1107,3,19645,5:27:28,Neman Amar Biru,80,youtube,True
1108,1,23254,6:27:37,is Joy Chako Joseph,80,whisper+youtube,True
1108,2,21437,5:57:20,Joya,80,youtube,True
1108,3,30497,8:28:20,Joy,75,youtube,False
1109,1,21143,5:52:26,Shishta Gangrade,94,youtube,True
1109,2,28295,7:51:38,Shre Pande,83,whisper,False
1109,3,28079,7:48:02,Shashank Anand,82,whisper+youtube,False
1110,1,20627,5:43:50,Utkar Shivasta,91,youtube,True
1110,2,16943,4:42:26,Kalash Shrivastava,86,whisper,False
1110,3,31931,8:52:14,Uttar deep shivasa,83,youtube,False
1111,1,21955,6:05:58,Vinith Kumar Varma,97,whisper+youtube,True
1111,2,24470,6:47:53,Vive Kumar Vish Karma,95,whisper+youtube,False
1111,3,15001,4:10:04,Nisarg Vinod Kumar Gajar,90,whisper,False
1112,1,19275,5:21:18,Nishant Kumar,100,whisper+youtube,True
1112,2,20330,5:38:53,Nishant Kumar,100,whisper+youtube,True
1112,3,10073,2:47:56,Nisan Kumar,100,whisper+youtube,False
1113,1,21445,5:57:28,Hansika shasta,90,youtube,True
1113,2,17771,4:56:14,Ani Shrivastava,89,whisper,False
1113,3,19803,5:30:06,Aditya Raj Shivasta,81,whisper+youtube,True
1114,1,17841,4:57:24,Amir Khan,97,youtube,False
1114,2,22817,6:20:20,Alina Azam Khan,95,whisper+youtube,True
1114,3,21837,6:04:00,Batan Aar Hussein Khan,88,youtube,True
1115,1,20627,5:43:50,Utkar Shivasta,82,youtube,True
1115,2,26624,7:23:47,Upandar Satri Varus,81,whisper,False
1115,3,8859,2:27:42,Puspender Singh Pa V Ait Kumar Puroit,78,youtube,False
1116,1,12266,3:24:29,Mahar Panami,97,whisper+youtube,False
1116,2,9168,2:32:51,Pan Maha Supervisor Dr,88,whisper+youtube,False
1116,3,23244,6:27:27,Miss Pashnavi Mishra,84,whisper+youtube,True
1117,1,18455,5:07:38,Akshita Parih,91,whisper+youtube,False
1117,2,13429,3:43:52,Pratik Raj Mishra,87,whisper+youtube,False
1117,3,22428,6:13:51,Karthik Krishna Devi,80,whisper+youtube,True
1118,1,13793,3:49:56,Khandre Devans Vijay,100,whisper+youtube,False
1118,2,22289,6:11:32,Devansh Khattri,90,whisper+youtube,True
1118,3,19307,5:21:50,Vinay Vyas,81,whisper,True
1119,1,21850,6:04:13,Deepesh Kabra,100,whisper+youtube,True
1119,2,18150,5:02:33,Taran Deep Singh Juneja,82,whisper,False
1119,3,18713,5:11:56,Vikarsha Dinesh Uttkar Shah Dinesh,82,whisper+youtube,True
1120,1,18953,5:15:56,Manvind Rai,95,whisper,True
1120,2,29836,8:17:19,Raj Devendra Borse,84,whisper+youtube,False
1120,3,12460,3:27:43,Manav Harish Bhai Patel,82,whisper+youtube,False
1121,1,21126,5:52:09,Gautam Ashoke,97,youtube,True
1121,2,30628,8:30:31,Gaurav Ashok,91,whisper,False
1121,3,29440,8:10:43,Gautam Singh Koshik,91,whisper+youtube,False
1122,1,20271,5:37:54,Mahamodhya Amartya Singh,98,whisper,True
1122,2,27970,7:46:13,Aman Kumar Singh,94,whisper+youtube,False
1122,3,23464,6:31:07,Karaditya Singh,92,whisper,True
1123,1,20286,5:38:09,Adita Saraswati,98,youtube,True
1123,2,19833,5:30:36,adita shasta,91,whisper+youtube,True
1123,3,14332,3:58:55,Aditya Sarkar,90,whisper,False
1124,1,23780,6:36:23,Aayush Sharma,94,whisper+youtube,True
1124,2,27977,7:46:20,Pratush Sharma,89,youtube,False
1124,3,31103,8:38:26,Priyanchu Sharma,87,youtube,False
1125,1,27848,7:44:11,Siddharth Singh Malan,100,whisper+youtube,False
1125,2,12333,3:25:36,Sha Singh,95,whisper+youtube,False
1125,3,22930,6:22:13,Miss Ashita Singh,88,whisper+youtube,True
1126,1,18426,5:07:09,Abdu Sa Safik,95,whisper+youtube,False
1126,2,27867,7:44:30,Vaka Suhail Abhas,84,whisper+youtube,False
1126,3,24063,6:41:06,Arush Sharma,76,whisper+youtube,True
1127,1,20073,5:34:36,Sanjie Vishuanat Ayar,92,youtube,True
1127,2,21262,5:54:25,Nishant Sanjay Shindai,83,youtube,True
1127,3,19327,5:22:10,Sabne Vrana Pradi,80,whisper,True
1128,1,21301,5:55:04,Rakkesh Sutar,96,youtube,True
1128,2,13858,3:51:01,Anikesh Sharma,87,whisper+youtube,False
1128,3,22055,6:07:38,Akash Sharma,86,whisper+youtube,True
1129,1,21652,6:00:55,Adita Rajesh,82,whisper+youtube,True
1129,2,20977,5:49:40,Napur vadi,82,youtube,True
1129,3,23203,6:26:46,Raj Kuru Webhavi Ajiz,81,whisper,True
1130,1,29028,8:03:51,Rakshittita Kriti Singh,93,whisper+youtube,False
1130,2,10651,2:57:34,Akriti Rae,91,whisper,False
1130,3,17395,4:49:58,Ankit Raj Pagaj,88,whisper+youtube,False
1131,1,21109,5:51:52,Manus Panchcholi,93,youtube,True
1131,2,9168,2:32:51,Pan Maha Supervisor Dr,84,youtube,False
1131,3,12266,3:24:29,Mahar Panami,80,youtube,False
1132,1,21752,6:02:35,Miss Aditi Patak,100,whisper+youtube,True
1132,2,19021,5:17:04,Aditi Patla,94,whisper,False
1132,3,22502,6:15:05,Aditya Pratap Singh,90,whisper+youtube,True
1133,1,13952,3:52:35,Paryag Anil Thakur,94,whisper,False
1133,2,20379,5:39:42,Aryan Singh Rathur,89,whisper,True
1133,3,21625,6:00:28,Aryan Sharma,86,whisper+youtube,True
1134,1,24408,6:46:51,Pushi Raj,95,whisper+youtube,True
1134,2,31633,8:47:16,Anushka Raj,90,youtube,False
1134,3,31200,8:40:03,Ash Raj,90,youtube,False
1135,1,22595,6:16:38,Siddharth Rohan,100,whisper+youtube,True
1135,2,9064,2:31:07,Supervisor Siddharth Maithi Mohan Lal,93,whisper,False
1135,3,22118,6:08:41,Siddharth Shankar,89,whisper+youtube,True
1136,1,21778,6:03:01,Anshika Trivedi,100,whisper,True
1136,2,22192,6:09:55,Miss Mani Tripati,81,whisper+youtube,True
1136,3,12446,3:27:29,Abhira Divedi,81,whisper,False
1137,1,22428,6:13:51,Karthik Krishna Devi,100,whisper+youtube,True
1137,2,23485,6:31:28,Lashram Krishna Kumari,94,whisper+youtube,True
1137,3,13625,3:47:08,Parthu Krishna,92,whisper+youtube,False
1138,1,21084,5:51:27,Mohit Manu,100,youtube,True
1138,2,14949,4:09:12,Modit Mayank Mishra,90,whisper+youtube,False
1138,3,19219,5:20:22,Ronit Kumar Mandal,83,whisper+youtube,False
1139,1,22436,6:13:59,Satyam Jain,100,whisper+youtube,True
1139,2,19381,5:23:04,Ishwijan Saniya Jan,88,whisper,False
1139,3,18567,5:09:30,Anushri Jai Sava,87,whisper,False
1140,1,31931,8:52:14,Uttar deep shivasa,90,whisper+youtube,False
1140,2,15532,4:18:55,Manas Shivasa Huh?,87,youtube,False
1140,3,22151,6:09:14,Debian Shiv Bhutta,86,whisper,True
1141,1,22386,6:13:09,Miss Ruchi Kumari,100,whisper+youtube,True
1141,2,22210,6:10:13,Krishna Jayand Kumar Brochia,93,whisper+youtube,True
1141,3,29106,8:05:09,Pushi Kumari,92,whisper+youtube,False
1142,1,22502,6:15:05,Aditya Pratap Singh,100,whisper+youtube,True
1142,2,21898,6:05:01,Aditya Pratap Singh,100,whisper+youtube,True
1142,3,23465,6:31:08,Adit Singh,100,whisper+youtube,True
1143,1,29358,8:09:21,Adash Jain,94,whisper,False
1143,2,20324,5:38:47,Ashi Jan,94,youtube,True
1143,3,18673,5:11:16,Anushri Jai Sarkar,88,whisper,False
1144,1,20351,5:39:14,Akand Pratap Singh,100,whisper,True
1144,2,21898,6:05:01,Aditya Pratap Singh,100,whisper+youtube,True
1144,3,22038,6:07:21,Debian Shiv Pratap Singh,100,whisper+youtube,True
1145,1,22279,6:11:22,Gyan Ranjya Mohanta,100,whisper+youtube,True
1145,2,14053,3:54:16,Garas Sanjana,85,whisper+youtube,False
1145,3,16981,4:43:04,Raj Aryan,85,whisper+youtube,False
1146,1,22560,6:16:03,Mandana Kumari,100,whisper+youtube,True
1146,2,19065,5:17:48,Chandan Kumar Verma,94,whisper+youtube,False
1146,3,17409,4:50:12,Ranjan Kumar,91,whisper+youtube,False
1147,1,22013,6:06:56,Shrihari giant bilbadikar,100,whisper+youtube,True
1147,2,29888,8:18:11,Shri Ki Janit,88,whisper,False
1147,3,23830,6:37:13,Jaya Mishra,86,whisper+youtube,True
1148,1,22313,6:11:56,Prince Pandey,100,whisper+youtube,True
1148,2,23096,6:24:59,Priyanu Kumar Pande,94,whisper+youtube,True
1148,3,14154,3:55:57,Pad 3 is requested to proceed for lunch,83,youtube,False
1149,1,22445,6:14:08,Teja Kumar Reddy,100,whisper+youtube,True
1149,2,20022,5:33:45,Sachin Kumar are,90,youtube,True
1149,3,23096,6:24:59,Riyanshu Kumar Pandey,86,whisper,True
1150,1,21293,5:54:56,Vishal Biswas,94,youtube,True
1150,2,20855,5:47:38,Ishan Bi Si,82,youtube,True
1150,3,23728,6:35:31,Miss Banisha Takur,81,youtube,True
1151,1,22479,6:14:42,Anubhab Kushwaha,100,whisper+youtube,True
1151,2,24529,6:48:52,Manashvi Koshwaha,82,whisper,True
1151,3,13026,3:37:09,Kushal Bana,81,youtube,False
1152,1,23559,6:32:42,Harsh Ranjan,91,whisper+youtube,True
1152,2,10308,2:51:51,Manis Rana,87,whisper,False
1152,3,14808,4:06:51,Rahan Ahmed Mansuri,85,whisper+youtube,False
1153,1,22085,6:08:08,Neil Metra,99,whisper+youtube,True
1153,2,28546,7:55:49,Mi Nin,80,youtube,False
1153,3,16907,4:41:50,Maitra,76,youtube,False
1154,1,22589,6:16:32,Sh Mishra,95,whisper+youtube,True
1154,2,27652,7:40:55,Rishet Mishra,89,youtube,False
1154,3,24976,6:56:19,Sarthak Mishra,87,whisper,True
1155,1,22297,6:11:40,Shreyan Sharma,100,whisper+youtube,True
1155,2,26221,7:17:04,Shreya Sharma,100,whisper+youtube,False
1155,3,18387,5:06:30,Shandhi Sharma,95,whisper+youtube,False
1156,1,21964,6:06:07,Suman Kumar,100,whisper+youtube,True
1156,2,13402,3:43:25,Suman Kumar Mishra,100,whisper+youtube,False
1156,3,16817,4:40:20,Sumit Kumar Tiwari,96,whisper+youtube,False
1157,1,22832,6:20:35,Saurav Kumbhrava,92,whisper,True
1157,2,19037,5:17:20,Saurabh Kumar Rajdev,95,whisper,False
1157,3,28815,8:00:18,Aditya Kumar Sahu,95,whisper+youtube,False
1158,1,22930,6:22:13,Miss Ashita Singh,100,whisper+youtube,True
1158,2,28243,7:50:46,Ashwarya Singh Baghel,96,whisper+youtube,False
1158,3,30420,8:27:03,Anushka Singh,96,whisper+youtube,False
1159,1,21763,6:02:46,Ashwarya Bharti,100,whisper+youtube,True
1159,2,24512,6:48:35,Bhadri Khan Praharaj,89,whisper+youtube,True
1159,3,13887,3:51:30,Bharti J,80,youtube,False
1160,1,22509,6:15:12,Hush Manik Parate,82,whisper+youtube,True
1160,2,25187,6:59:50,Rajesh Ganesh Rukh,74,whisper,False
1160,3,23589,6:33:12,Miss Aayushi Digshit,71,youtube,True
1161,1,22093,6:08:16,Ujwal Khomar,95,whisper+youtube,True
1161,2,13577,3:46:20,Yuvraj Kumar Jaiswal,87,whisper,False
1161,3,23356,6:29:19,Punal Kumar,85,youtube,True
1162,1,10162,2:49:25,Saho,82,whisper+youtube,False
1162,2,22895,6:21:38,Kusha Saho,81,whisper,True
1162,3,22617,6:17:00,Sachi Bhan Bhara,80,youtube,True
1163,1,21735,6:02:18,Sushant Sharma,100,whisper+youtube,True
1163,2,16395,4:33:18,Shriant Sharma,90,youtube,False
1163,3,18387,5:06:30,Shani Sharma,90,youtube,False
1164,1,20324,5:38:47,Ashi Jan,93,youtube,True
1164,2,20990,5:49:53,Yashi Jen Okay,88,youtube,True
1164,3,22101,6:08:24,Harsh Jain,87,whisper,True
1165,1,20703,5:45:06,Tagar Aushkumar,92,youtube,True
1165,2,15068,4:11:11,Anushka Sheer Sagar,97,whisper+youtube,False
1165,3,19757,5:29:20,Sagar Singh Kushwaha,87,whisper+youtube,True
1166,1,22532,6:15:35,Anjali Yadav,100,whisper+youtube,True
1166,2,18377,5:06:20,Anju Yadav,96,whisper+youtube,False
1166,3,10804,3:00:07,Anura Yadav,88,youtube,False
1167,1,22324,6:12:07,Shaheen Parveen,97,whisper,True
1167,2,11115,3:05:18,you have been presented,80,whisper+youtube,False
1167,3,18488,5:08:11,Sahesh Preet Kaur,78,whisper,False
1168,1,22409,6:13:32,Abhijith Biswas,100,whisper+youtube,True
1168,2,22930,6:22:13,Miss Ashita Singh,75,youtube,True
1168,3,12181,3:23:04,abijet,75,youtube,False
1169,1,29776,8:16:19,Rahul Kumar Jha,100,whisper+youtube,False
1169,2,29236,8:07:19,Vikas Kumar Singh,100,whisper+youtube,False
1169,3,27876,7:44:39,Vikas Kumar,100,whisper+youtube,False
1170,1,23356,6:29:19,Punal Kumar,98,whisper+youtube,True
1170,2,22093,6:08:16,Udual Kumar,87,youtube,True
1170,3,23265,6:27:48,Anil Kumar,87,whisper+youtube,True
1171,1,24063,6:41:06,Arush Sharma,96,whisper+youtube,True
1171,2,19297,5:21:40,Aksha Sharma,91,whisper,False
1171,3,24328,6:45:31,Sharan Sharma,89,youtube,True
1172,1,29530,8:12:13,Anika Kotana,91,whisper+youtube,False
1172,2,19729,5:28:52,An kana,78,youtube,True
1172,3,23077,6:24:40,Kartik Karnal,77,youtube,True
1173,1,21995,6:06:38,Satyam Shivam,100,whisper+youtube,True
1173,2,14313,3:58:36,Sakam Sharma Huh?,89,whisper+youtube,False
1173,3,12427,3:27:10,Satya Sovan Rao,85,whisper,False
1174,1,22486,6:14:49,The Yash Bajai,100,whisper+youtube,True
1174,2,22743,6:19:06,Anjali Yash Krishnani,89,whisper,True
1174,3,19667,5:27:50,Balaji Ashok Patel,87,whisper+youtube,True
1175,1,23780,6:36:23,Aayush Sharma,91,whisper+youtube,True
1175,2,13604,3:46:47,Hakhre Ayush Dhananjay,85,whisper,False
1175,3,13866,3:51:09,Mehata Ayush Leelesh,84,whisper,False
1176,1,22417,6:13:40,Harika Sonanda Bhotta,100,whisper+youtube,True
1176,2,24353,6:45:56,Hush Anandan Karika,90,whisper+youtube,True
1176,3,16385,4:33:08,Harsh Anand,79,youtube,False
1177,1,22355,6:12:38,Aviral Mendiratta,100,whisper+youtube,True
1177,2,10867,3:01:10,MD Aidali,83,whisper+youtube,False
1177,3,12446,3:27:29,Air Di,79,youtube,False
1178,1,21810,6:03:33,Abhilasha Tamrakar,100,whisper+youtube,True
1178,2,24818,6:53:41,Abhishth Naraa,82,whisper,True
1178,3,17480,4:51:23,Abhinav Tari,81,youtube,False
1179,1,22348,6:12:31,Vibhanshu Webhav,92,whisper+youtube,True
1179,2,19343,5:22:26,Abhinav Vishnu Mohan,84,whisper,False
1179,3,16886,4:41:29,Abhinav Vashishta,80,youtube,False
1180,1,22362,6:12:45,Shreedhar Goswami,100,whisper+youtube,True
1180,2,28042,7:47:25,Ashish Bhallav Goswami,91,whisper+youtube,False
1180,3,24136,6:42:19,Sheikh Osama,83,whisper+youtube,True
1181,1,20984,5:49:47,Sakshi,80,youtube,True
1181,2,26104,7:15:07,Sakshi Sharma,80,whisper,False
1181,3,17603,4:53:26,Sakshi Shrivastava,80,whisper,False
1182,1,21720,6:02:03,Chandran Shu Sarkar,100,whisper+youtube,True
1182,2,21862,6:04:25,Sam Rajas Chandra Shakhar,94,whisper+youtube,True
1182,3,27663,7:41:06,Nari Sarah Chandra Narayana Rao,90,youtube,False
1183,1,21787,6:03:10,Shramya Gupta,100,whisper+youtube,True
1183,2,25826,7:10:29,Shria Raj Gupta,93,youtube,False
1183,3,21149,5:52:32,Shrea Duta,86,youtube,True
1184,1,21014,5:50:17,Kumar,80,youtube,True
1184,2,31962,8:52:45,Kumar,80,youtube,False
1184,3,31538,8:45:41,Kumar,80,youtube,False
1185,1,12531,3:28:54,Vabhav,77,youtube,False
1185,2,16907,4:41:50,Vibhav,77,youtube,False
1185,3,9658,2:41:01,Saha Priyang Si second rank,73,youtube,False
1186,1,22393,6:13:16,Rahul Gosai,100,whisper+youtube,True
1186,2,31685,8:48:08,Rahul Gailor,86,whisper,False
1186,3,22995,6:23:18,Ragham Goyal,77,whisper,True
1187,1,22378,6:13:01,Miss Adra Day,86,youtube,True
1187,2,12839,3:34:02,Dev Arura,78,whisper,False
1187,3,31735,8:48:58,Avira Deet Singh,77,whisper,False
1188,1,22461,6:14:24,Hemraj Soyal,100,whisper+youtube,True
1188,2,20347,5:39:10,Soyam Mishra,79,youtube,True
1188,3,24043,6:40:46,Miss Somia Sharma Kumari,74,youtube,True
1189,1,22582,6:16:25,Parth Baloni,100,whisper+youtube,True
1189,2,17821,4:57:04,Parthvi Kalpesh Bhai Mishra,91,whisper+youtube,False
1189,3,19667,5:27:50,Balaji Ashok Patel,87,whisper+youtube,True
1190,1,22569,6:16:12,Aman Gupta,100,whisper+youtube,True
1190,2,27591,7:39:54,Siman Gupta Now,94,whisper+youtube,False
1190,3,27271,7:34:34,Aryan Gupta,90,whisper,False
1191,1,13252,3:40:55,Shubh Maharotra,71,whisper+youtube,False
1191,2,22548,6:15:51,Di Mamta,71,whisper,True
1191,3,27620,7:40:23,Mahhata Huh?,70,youtube,False
1193,1,22524,6:15:27,Miss Amikia Praset,89,whisper+youtube,True
1193,2,24063,6:41:06,Arush Sharma,81,whisper+youtube,True
1193,3,27977,7:46:20,Pratush Sharma,81,youtube,False
1194,1,21091,5:51:34,Abhishek Kumar Singh,100,youtube,True
1194,2,27248,7:34:11,Abhishek Kumar Ja,100,whisper+youtube,False
1194,3,13967,3:52:50,Abhishek Singh,100,whisper+youtube,False
1195,1,21023,5:50:26,Yash Agarwal,100,youtube,True
1195,2,13508,3:45:11,Anish Agarwal,94,whisper+youtube,False
1195,3,26042,7:14:05,Akshet Agarwal,92,whisper+youtube,False
1196,1,22539,6:15:42,Miss Santosini Sahu,100,whisper+youtube,True
1196,2,8774,2:26:17,Santas Kumar Sahu,94,youtube,False
1196,3,24156,6:42:39,An Sahu,87,youtube,True
1197,1,22471,6:14:34,Odit Paniwal,93,whisper+youtube,True
1197,2,13056,3:37:39,Adit Paul,86,whisper+youtube,False
1197,3,19021,5:17:04,Aditi Patla,81,whisper,False
1198,1,23968,6:39:31,Bhuni Singhhi,93,whisper+youtube,True
1198,2,8859,2:27:42,Puspender Singh Pa V Ait Kumar Puroit,95,whisper+youtube,False
1198,3,15356,4:15:59,Patender Singh,90,youtube,False
1199,1,20696,5:44:59,Raul Nidhi,94,youtube,True
1199,2,9563,2:39:26,Pranjal Khare,96,whisper+youtube,False
1199,3,9674,2:41:17,Rohar Nidhi Santosh,92,whisper+youtube,False
1200,1,28753,7:59:16,Manish Kumar Shukla,92,whisper+youtube,False
1200,2,17982,4:59:45,Ashto Shukla,89,youtube,False
1200,3,15891,4:24:54,Harish Kumar Shukla,88,youtube,False
1201,1,22273,6:11:16,Siddhant Kumar,100,whisper+youtube,True
1201,2,20330,5:38:53,Nishant Kumar,96,whisper+youtube,True
1201,3,19275,5:21:18,Nishant Kumar,96,whisper+youtube,False
1202,1,22509,6:15:12,Harsh Manik Parate,100,whisper+youtube,True
1202,2,12460,3:27:43,Manav Harish Bhai Patel,96,whisper+youtube,False
1202,3,23056,6:24:19,Harsh Patel,93,whisper,True
1203,1,22453,6:14:16,Vireindra Rajput,91,whisper,True
1203,2,29836,8:17:19,Raj Devendra Borse,89,whisper+youtube,False
1204,1,22370,6:12:53,Harip Priya,78,whisper+youtube,True
1204,2,24658,6:51:01,Hari Ji Singh,76,whisper+youtube,True
1204,3,18767,5:12:50,Harira Kureshi,75,whisper,False
1205,1,25085,6:58:08,Tani Noaz Mazund,82,whisper+youtube,False
1205,2,24053,6:40:56,Tanisha Yadav,80,whisper+youtube,True
1205,3,28445,7:54:08,Tanisha Gupta,75,whisper,False
1206,1,21741,6:02:24,Abhir Barman,100,whisper+youtube,True
1206,2,20567,5:42:50,Abishek Warma,87,whisper+youtube,True
1206,3,22988,6:23:11,Baar Angir Seendra,82,youtube,True
1207,1,21803,6:03:26,Kumkum Gupta,100,whisper+youtube,True
1207,2,13560,3:46:03,Anish Kumar Gupta,94,whisper+youtube,False
1207,3,31160,8:39:23,Gupta Arian Arun Kumar,90,youtube,False
1208,1,22752,6:19:15,Anjali Yash Krishnani,100,whisper,True
1208,2,22516,6:15:19,Yash Krishnani,100,whisper+youtube,True
1208,3,12710,3:31:53,Yash Kashab,92,whisper+youtube,False
1209,1,21771,6:02:54,Madhavi Chattranshi,95,whisper+youtube,True
1209,2,13853,3:50:56,when you submit it to me,77,youtube,False
1209,3,14878,4:08:01,Dhaval Harsh Pandit,76,whisper,False
1210,1,21795,6:03:18,Shreyasi Gupta,100,whisper+youtube,True
1210,2,12756,3:32:39,Shruti Gupta,95,whisper+youtube,False
1210,3,25826,7:10:29,Shria Raj Gupta,92,youtube,False
1211,1,21726,6:02:09,Dev Malya Karmakar,99,whisper+youtube,True
1211,2,10437,2:54:00,ma'am,80,whisper+youtube,False
1211,3,26948,7:29:11,Ma Karya Niddhas Chandraipai,79,whisper,False
1212,1,22289,6:11:32,Devansh Khattri,100,whisper+youtube,True
1212,2,12916,3:35:19,Devansh Kumar,92,whisper+youtube,False
1212,3,13793,3:49:56,Khandre Devans Vijay,90,whisper,False
1213,1,16925,4:42:08,Tirunalveli Akhil Bhaskar,100,whisper+youtube,True
1213,2,10633,2:57:16,Akhil Bhaskar,100,whisper+youtube,False
1213,3,29454,8:10:57,Akshit Bharma,84,youtube,False
1214,1,14103,3:55:06,Ria Sat Deva,82,whisper,False
1214,2,17663,4:54:26,Samar Prithi Shrivastava,82,whisper,True
1214,3,9599,2:40:02,Samrithi Sarma,82,whisper,False
1215,1,17209,4:46:52,Asha Kesharwani,100,whisper+youtube,True
1215,2,24398,6:46:41,Miss Kumari Ashta,89,whisper+youtube,False
1215,3,19297,5:21:40,Aksha Sharma,84,whisper+youtube,True
1216,1,18170,5:02:53,Akash Jen,91,whisper+youtube,True
1216,2,29358,8:09:21,Adash Jain,92,whisper,False
1216,3,22101,6:08:24,Harsh Jain,91,whisper,False
1217,1,16789,4:39:52,Muhammad Sakib Shahab,95,youtube,True
1217,2,26104,7:15:07,Sakshi Sharma,85,whisper+youtube,False
1217,3,24043,6:40:46,Sambi Sharma,84,whisper,False
1218,1,26964,7:29:27,Charini Roy,90,whisper,False
1218,2,26372,7:19:35,Roshan Roy Cheri,87,whisper,False
1218,3,23667,6:34:30,Shivani Sony,80,youtube,False
1219,1,22143,6:09:06,Jay Varadhan Singh,100,whisper+youtube,False
1219,2,14789,4:06:32,Harsh Vardhan Singh Radhaar,100,whisper,False
1219,3,20379,5:39:42,Arian Singh Ratar,95,whisper+youtube,True
1220,1,22548,6:15:51,Di Mamta,86,whisper,False
1220,2,28858,8:01:01,Diva Matur,83,youtube,False
1220,3,16662,4:37:45,Mahi Priya Dari,79,youtube,True
1221,1,12976,3:36:19,Kuldeep Singh Shekhaworth,100,whisper,False
1221,2,18150,5:02:33,Taran Deep Singh Juneja,86,whisper,True
1221,3,28917,8:02:00,Aman Deep Singh,86,whisper,False
1222,1,17103,4:45:06,Raghuvanshi Nakshatra Kundan,100,whisper+youtube,True
1222,2,17013,4:43:36,Akshhat Kumar,85,whisper+youtube,True
1222,3,16000,4:26:43,Naman Kundan,82,youtube,True
1223,1,18150,5:02:33,Taran Deep Singh Juneja,100,whisper+youtube,True
1223,2,20379,5:39:42,Aryan Singh Rathur,92,whisper+youtube,True
1223,3,27384,7:36:27,Aryan Singh,92,whisper+youtube,False
1224,1,17265,4:47:48,Harve Mishra,92,whisper+youtube,True
1224,2,17477,4:51:20,Harvek Mishra,85,whisper,True
1224,3,13402,3:43:25,Mishra,80,youtube,False
1225,1,16641,4:37:24,Princy Vishar Vishu Karma,77,youtube,True
1225,2,23477,6:31:20,Miss Priyanka Vishu Karma,77,youtube,False
1225,3,22781,6:19:44,Kamia Vishu karma,77,youtube,False
1226,1,14332,3:58:55,Aryan Soni,92,whisper+youtube,False
1226,2,29342,8:09:05,Sonia Shya,91,youtube,False
1226,3,11252,3:07:35,So she,84,youtube,False
1227,1,15532,4:18:55,Manas Shivasa Huh?,92,youtube,True
1227,2,21453,5:57:36,mana shastav,85,youtube,False
1227,3,16943,4:42:26,Kalash Shrivastava,84,whisper,True
1228,1,17947,4:59:10,Anish Kumar Jaisman,84,whisper+youtube,True
1228,2,27516,7:38:39,Yash Vishal Rajkotiya,78,whisper,False
1228,3,19416,5:23:39,Jay Mishra,76,youtube,True
1229,1,16340,4:32:23,Adita Gupta,98,youtube,True
1229,2,20922,5:48:45,Adit Gupta,97,youtube,False
1229,3,28311,7:51:54,Amit Gupta,94,whisper+youtube,False
1230,1,18160,5:02:43,Nihira Pandey,100,whisper+youtube,True
1230,2,28623,7:57:06,Anipra Pandya,91,whisper+youtube,False
1230,3,28233,7:50:36,Mand Athars Nithin,79,whisper,False
1231,1,23841,6:37:24,Miss Korakapula Chakrita God correct now,87,whisper+youtube,False
1231,2,22243,6:10:46,Harvik Vodra,83,whisper,False
1231,3,16164,4:29:27,Arin Krishna Sang God,82,youtube,True
1232,1,18139,5:02:22,Hushi Agarwal,100,whisper+youtube,False
1232,2,20139,5:35:42,Khushi Agriwal,100,whisper+youtube,False
1232,3,10991,3:03:14,I present unto you Miss Kushi Agarawal,98,whisper+youtube,False
1233,1,20157,5:36:00,Tanvi agarwal,100,youtube,False
1233,2,10904,3:01:47,Vani Shagarwal,90,whisper+youtube,False
1233,3,10104,2:48:27,Abhni Agarwal,87,whisper,False
1234,1,10904,3:01:47,Aryan Vinay Vaja,100,whisper+youtube,False
1234,2,22904,6:21:47,Arun Dinev Ocha,89,whisper+youtube,True
1234,3,22173,6:09:36,Mayur Vinaya Harambe,87,whisper+youtube,True
1235,1,22662,6:17:45,Kunal Durga,96,whisper,True
1235,2,24865,6:54:28,Duresh Kumar Singh,88,whisper+youtube,True
1235,3,28109,7:48:32,Kumar Vashnav,87,whisper+youtube,False
1236,1,22684,6:18:07,Nikhil Kumar,100,whisper+youtube,True
1236,2,30303,8:25:06,Nikil Kumar,98,youtube,False
1236,3,23265,6:27:48,Anil Kumar,92,whisper+youtube,True
1237,1,18877,5:14:40,Aditya Koshwa,94,whisper+youtube,False
1237,2,28986,8:03:09,Andrika Kashyap,94,whisper+youtube,False
1237,3,13544,3:45:47,Adit Kajoshi,85,youtube,False
1238,1,22655,6:17:38,Sais Patel,98,whisper+youtube,True
1238,2,21924,6:05:27,Vrishti Nainesh Kumar Patel,90,whisper+youtube,True
1238,3,15001,4:10:04,Vishwam Samir Kumar Patel,90,whisper+youtube,False
1239,1,22823,6:20:26,Miss Tanushkar Sahu,100,whisper+youtube,True
1239,2,20543,5:42:26,tan sahu,93,youtube,True
1239,3,24156,6:42:39,An Sahu,92,whisper+youtube,True
1240,1,22289,6:11:32,Devansh Khattri,87,whisper+youtube,True
1240,2,22691,6:18:14,Devanch Pani,85,whisper,True
1240,3,23173,6:26:16,Da Dave A,80,youtube,True
1241,1,22817,6:20:20,Alina Azam Khan,100,whisper+youtube,True
1241,2,14789,4:06:32,Alina Khan,98,whisper+youtube,False
1241,3,21837,6:04:00,Batan Aar Hussein Khan,92,whisper+youtube,True
1242,1,22701,6:18:24,Swayam Patel,93,whisper+youtube,True
1242,2,12654,3:30:57,Samaj Satya,83,whisper,False
1242,3,24721,6:52:04,Satant Warma,81,youtube,True
1243,1,11104,3:05:07,as chancellor of VIT BAL University,80,youtube,False
1243,2,21778,6:03:01,Anshika Trivedi,78,whisper,True
1243,3,15277,4:14:40,If you identify yourself as a girl,77,whisper,False
1244,1,12510,3:28:33,Tiwari Parth Anand,100,whisper+youtube,False
1244,2,21625,6:00:28,Aryan Parabh Gaikloth,87,whisper+youtube,True
1244,3,24353,6:45:56,Harsh Anand Karika,87,whisper,True
1245,1,22648,6:17:31,Ketvi Raj Chaudhary,97,whisper,True
1245,2,19803,5:30:06,Aditya Raj Shivasta,92,whisper+youtube,False
1245,3,28927,8:02:10,Aditya Raj Singh,92,whisper+youtube,False
1246,1,22710,6:18:33,Giri Aditya,100,whisper+youtube,False
1246,2,10918,3:02:01,Giri Aditya,100,whisper+youtube,False
1246,3,28573,7:56:16,Jiya Tiwari,75,whisper,False
1247,1,18614,5:10:17,Anvesha Tapa Huh?,88,whisper+youtube,False
1247,2,21880,6:04:43,Akshita Panti,81,whisper,False
1247,3,18775,5:12:58,Vanshika Pyaagi,81,whisper,False
1248,1,13002,3:36:45,Patnam Partha Venkita Sai,95,whisper,False
1248,2,19330,5:22:13,Sab Pranav Praep,91,youtube,False
1248,3,26624,7:23:47,Aperna Sajiv,86,youtube,False
1249,1,13625,3:47:08,Parthu Krishna,86,whisper,False
1249,2,22743,6:19:06,Fresh at matur,85,youtube,False
1249,3,26838,7:27:21,Krishna Ram Kumar Sahu,85,youtube,False
1250,1,22758,6:19:21,Shivam Chandanda,95,youtube,False
1250,2,24873,6:54:36,Akash Shiv Shankar,89,whisper+youtube,False
1250,3,22913,6:21:56,Shiva Nandan Pi,86,youtube,False
1251,1,25727,7:08:50,Sura J,77,youtube,False
1251,2,12577,3:29:40,Sauraj Saha,73,whisper,False
1251,3,20178,5:36:21,Surya Prattab Singh,73,youtube,False
1252,1,22768,6:19:31,Susan Rao,100,whisper+youtube,False
1252,2,27915,7:45:18,Akshant Rastogi,81,whisper,False
1252,3,26838,7:27:21,Krishna Ram Kumar Sahu,80,youtube,False
1253,1,22803,6:20:06,Arnav Narendra,100,whisper+youtube,False
1253,2,28027,7:47:10,Manav Nares,91,whisper+youtube,False
1253,3,19265,5:21:08,Jitendra Bara,82,whisper+youtube,False
1254,1,15001,4:10:04,Vishwam Samir Kumar Patel,89,whisper+youtube,False
1254,2,21995,6:06:38,Satyam Shivam,85,whisper+youtube,False
1254,3,21862,6:04:25,Sam Rajas Chandra Shakhar,83,youtube,False
1255,1,26330,7:18:53,Tanish Chauhan,99,whisper+youtube,False
1255,2,24986,6:56:29,Kanesh Chawan,94,whisper+youtube,False
1255,3,24445,6:47:28,Miss Ashi Cha,91,whisper+youtube,False
1256,1,10894,3:01:37,Patel Gurudas Rajendra,100,whisper+youtube,False
1256,2,15120,4:12:03,Patel Harsh Rajendra,100,whisper+youtube,False
1256,3,22629,6:17:12,Gurtas Patel,92,whisper,True
1257,1,22622,6:17:05,Harsha Agraal,95,whisper+youtube,True
1257,2,18139,5:02:22,Hushi Agarwal,94,whisper+youtube,False
1257,3,13075,3:37:58,Harsh Sabarwal,89,whisper,False
1258,1,22640,6:17:23,Ajay Sundaran,100,whisper+youtube,True
1258,2,9154,2:32:37,Sanra Sanjay Dang Supervisor Dr,91,whisper+youtube,False
1258,3,18228,5:03:51,Adya Sundrial,86,whisper+youtube,False
1259,1,17023,4:43:46,Vipran Shanan,85,whisper,False
1259,2,14830,4:07:13,Shankar Varani Keshaval,83,whisper,False
1259,3,20553,5:42:36,Ishant Mishra Huh?,80,youtube,True
1260,1,22988,6:23:11,Baar Angir Seendra,98,whisper+youtube,True
1260,2,24857,6:54:20,Ali Akbar Phunavala,81,whisper+youtube,True
1260,3,20717,5:45:20,Koonkar Ankushra Gayakwar,81,whisper+youtube,True
1261,1,23203,6:26:46,Miss Rajguru Vhavi Ajit,100,whisper+youtube,True
1261,2,26262,7:17:45,Vaish Ajit Unan,97,whisper+youtube,False
1261,3,19803,5:30:06,Adit Raj,91,whisper+youtube,False
1262,1,30010,8:20:13,Aditya Rao,88,whisper,False
1262,2,10041,2:47:24,Adita Rajkumar,88,youtube,False
1262,3,28095,7:48:18,Aditya Rajiv Patil,86,whisper,False
1263,1,23291,6:28:14,Priyanshi Avershi,92,whisper+youtube,True
1263,2,18353,5:05:56,Prashti Priya,88,whisper+youtube,False
1263,3,19709,5:28:32,Aryan Krishna Avasti,81,whisper,False
1264,1,29908,8:18:31,Kushal Patil,95,whisper+youtube,False
1264,2,21924,6:05:27,Vrishti Nainesh Kumar Patel,92,whisper+youtube,True
1264,3,15001,4:10:04,Vishwam Samir Kumar Patel,92,whisper+youtube,False
1266,1,23300,6:28:23,Mopi Devi Naga Saradwani,100,whisper+youtube,True
1266,2,27662,7:41:05,Narethi Sarachandra Narayana Rao,86,whisper+youtube,False
1266,3,15311,4:15:14,Naya Sharat Benoy,80,youtube,False
1267,1,23045,6:24:08,Archie Sman Mishra,94,whisper,True
1267,2,23977,6:39:40,Rashmi Mishra,91,whisper+youtube,True
1267,3,24976,6:56:19,Sarthak Mishra,84,whisper,True
1268,1,26185,7:16:28,Abhin Johawan,79,whisper+youtube,False
1268,2,23233,6:27:16,Abigan,75,youtube,True
1268,3,24179,6:43:02,Abhin Maloj,74,whisper,True
1269,1,22866,6:21:09,Miss Gian Narula,88,whisper+youtube,True
1269,2,26690,7:24:53,Perika Nail Jaya Kumar,82,whisper,False
1269,3,31432,8:43:55,Anjila Prashad Nayar,77,whisper,False
1271,1,22219,6:10:22,Varda Sudher Rao,97,whisper+youtube,True
1271,2,22453,6:14:16,Vireindra Rajput,87,whisper+youtube,True
1271,3,21246,5:54:09,Adhira Singh Raat,82,youtube,True
1272,1,26636,7:23:59,niran haripasha,97,whisper+youtube,False
1272,2,23559,6:32:42,Harsh Ranjan,86,whisper+youtube,True
1272,3,14050,3:54:13,Gharas Sanjana,81,whisper+youtube,False
1273,1,23192,6:26:35,Gayatri Mata Tivali Subhan,99,whisper+youtube,True
1273,2,21683,6:01:26,Shubra Aasti,79,youtube,True
1273,3,15586,4:19:49,Gayatri,78,youtube,False
1274,1,22913,6:21:56,Shiva Nandan Pi,100,whisper+youtube,True
1274,2,12538,3:29:01,Nandini Sharma,86,whisper+youtube,False
1274,3,22758,6:19:21,Shivam Chandanda,86,youtube,True
1275,1,14830,4:07:13,Shankar Varani Keshaval,76,whisper,False
1275,2,23254,6:27:37,Jaya Chako Josa,76,whisper,True
1275,3,17273,4:47:56,Kav,73,youtube,False
1276,1,23135,6:25:38,Sivesh Yoganandra,99,whisper+youtube,True
1276,2,28079,7:48:02,Shashank Anand,85,whisper+youtube,False
1276,3,26720,7:25:23,Student sending on the right side please take your seats,81,whisper+youtube,False
1277,1,23163,6:26:06,Sajab Rajabana Patish Ruti,96,whisper+youtube,True
1277,2,13429,3:43:52,Prati Raj Mishra,92,whisper+youtube,False
1277,3,22046,6:07:29,Priyanshu Raj,88,whisper+youtube,True
1278,1,23086,6:24:49,Miss Wanchika Patil,97,whisper+youtube,True
1278,2,19671,5:27:54,Balaji Ashok Patil,93,whisper+youtube,False
1278,3,16907,4:41:50,Shri Pati Vaibhav Maitre,87,whisper,False
1279,1,19983,5:33:06,Divita Jain,100,whisper,False
1279,2,13951,3:52:34,Divan's Jan,90,youtube,False
1279,3,23958,6:39:21,Deeshika Jain,86,whisper+youtube,True
1280,1,24328,6:45:31,Shri Vardhan Sharma,77,whisper,True
1280,2,22617,6:17:00,Sachi Bhan Bhara,75,youtube,True
1280,3,30796,8:33:19,Arian Vimmel Eankar,74,youtube,False
1281,1,23283,6:28:06,Sheh Saniya Meh,99,whisper+youtube,True
1281,2,29342,8:09:05,Sania Shoria,93,whisper+youtube,False
1281,3,24698,6:51:41,Shik Samir,92,whisper+youtube,True
1282,1,22964,6:22:47,Raabel Motikal Shibu,99,whisper+youtube,True
1282,2,18543,5:09:06,Shivam Patel,84,whisper+youtube,False
1282,3,25136,6:58:59,Miss Bumika Sahu,80,whisper+youtube,True
1283,1,23154,6:25:57,Miss Shah Krishi,100,whisper+youtube,True
1283,2,31907,8:51:50,Meridul Krishan Shavla,92,whisper+youtube,False
1283,3,18713,5:11:56,Vikarsha Dinesh Uttkar Shah Dinesh,88,whisper,False
1284,1,23016,6:23:39,Archie Chauratiya,97,whisper+youtube,True
1284,2,24445,6:47:28,Miss Ashi Cha,86,whisper+youtube,True
1284,3,26074,7:14:37,Sachin Chandra,85,whisper+youtube,False
1285,1,23142,6:25:45,Aayush nigam,100,whisper+youtube,True
1285,2,18869,5:14:32,Neha Ansh Nigam,90,whisper,False
1285,3,17219,4:47:02,Anushka Varma Nam Deo,83,whisper+youtube,False
1286,1,22930,6:22:13,Aksita Singh,100,whisper+youtube,True
1286,2,29027,8:03:50,Rakshita Krithi Singh,100,whisper+youtube,False
1286,3,21162,5:52:45,Akshit Singh,99,youtube,True
1287,1,22972,6:22:55,Miss Priy Jaju,100,whisper+youtube,True
1287,2,22046,6:07:29,Priyanu Raj,87,whisper+youtube,True
1287,3,16579,4:36:22,Princy Jan,81,youtube,False
1288,1,23113,6:25:16,Sart Banerjee,92,youtube,True
1288,2,18829,5:13:52,Banerjee,80,youtube,False
1288,3,26018,7:13:41,dass du über ihr Lockerhst du,80,whisper,False
1289,1,22768,6:19:31,Shishant Rao,94,whisper+youtube,True
1289,2,24498,6:48:21,Shri Ram Ambri,86,whisper,True
1289,3,21135,5:52:18,Shri Ram A,86,youtube,True
1290,1,23004,6:23:27,Vaishnavi Joshi,100,whisper+youtube,True
1290,2,23608,6:33:31,Miss Kushi Vai,84,whisper+youtube,True
1290,3,23254,6:27:37,is Joy Chako Joseph,81,youtube,True
1291,1,22938,6:22:21,Mekila Virendra Hedger,92,whisper,True
1291,2,10926,3:02:09,Bachelor of Technology in Mechanical Engineering,83,whisper+youtube,False
1291,3,11101,3:05:04,By virtue of the authority vested in me,81,youtube,False
1292,1,23244,6:27:27,Miss Pashnavi Mishra,99,whisper+youtube,True
1292,2,20128,5:35:31,Shivangi Mishra,89,youtube,False
1292,3,22589,6:16:32,Sh Mishra,87,youtube,True
1293,1,10967,3:02:50,seven others in absencia,78,youtube,False
1293,2,17625,4:53:48,Sevia Anzel,78,youtube,False
1293,3,25127,6:58:50,Annie Sheri,72,whisper,True
1294,1,22980,6:23:03,Yogendra Rajendra Savan,100,whisper+youtube,True
1294,2,29835,8:17:18,Raj Dendra Bors,89,whisper+youtube,False
1294,3,28381,7:53:04,Rudra Nayat Raindra,88,whisper+youtube,False
1295,1,23067,6:24:30,Rajit Gupta,98,whisper+youtube,True
1295,2,28311,7:51:54,Amit Gupta,92,whisper+youtube,False
1295,3,20922,5:48:45,Adit Gupta,88,youtube,True
1296,1,23077,6:24:40,Kartike Karunwal,100,whisper+youtube,True
1296,2,22428,6:13:51,Karthik Krishna Devi,88,whisper+youtube,True
1296,3,29474,8:11:17,Karan Khatri,88,whisper+youtube,False
1297,1,23265,6:27:48,Anil Kumar,100,whisper+youtube,True
1297,2,31665,8:47:48,Aman Kumar Anil Verma,100,whisper,False
1297,3,28884,8:01:27,Shweta Anil Kumar Nayar,100,whisper,False
1298,1,23025,6:23:48,Arit Shukla,100,whisper+youtube,True
1298,2,16765,4:39:28,Shri Shukla Ah,90,youtube,False
1298,3,17982,4:59:45,Ashto Shukla,86,youtube,False
1299,1,22227,6:10:30,Miss Chanchal Janu,100,whisper+youtube,True
1299,2,19227,5:20:30,Anupam Chandra,86,whisper+youtube,False
1299,3,18443,5:07:26,Anusha Chandraar,84,whisper+youtube,False
1300,1,22995,6:23:18,Ragham Goyal,100,whisper+youtube,True
1300,2,22393,6:13:16,Rahul Gosai,82,whisper+youtube,True
1300,3,19449,5:24:12,Gopta Yogan Singh Rathar,80,whisper,False
1301,1,20536,5:42:19,Chopra gi chakraati,71,youtube,True
1301,2,14276,3:57:59,chodri,69,youtube,False
1301,3,22888,6:21:31,Chadri,61,youtube,True
1302,1,23254,6:27:37,is Joy Chako Joseph,100,whisper+youtube,True
1302,2,28350,7:52:33,Joseph,80,youtube,False
1302,3,25485,7:04:48,Chi Goyel,72,youtube,True
1303,1,24445,6:47:28,Miss Ashi Cha,81,whisper+youtube,True
1303,2,26074,7:14:37,Sachin Chandra,81,whisper+youtube,False
1303,3,28426,7:53:49,Ria Rahul Gaar,79,youtube,False
1304,1,19667,5:27:50,Balaji Ashok Patel,92,whisper+youtube,False
1304,2,30628,8:30:31,Gaurav Ashok,86,whisper,False
1304,3,12413,3:26:56,Ashmi Wats,85,youtube,False
1305,1,23225,6:27:08,Athar Bhukyagi,90,whisper+youtube,True
1305,2,17480,4:51:23,Abhinav Tari,77,youtube,False
1305,3,32115,8:55:18,come at the stage for the group photo,77,youtube,False
1306,1,22858,6:21:01,Jimitri Teet Parthak,100,whisper+youtube,True
1306,2,23759,6:36:02,Park Rajesh,85,whisper+youtube,True
1306,3,14839,4:07:22,Pratamesh Parak Chri,83,youtube,False
1307,1,22850,6:20:53,Miss Sahima Vishuvat Pal,100,whisper+youtube,True
1307,2,14886,4:08:09,Ashita Palma,86,youtube,False
1307,3,18488,5:08:11,Sah Pri call,85,whisper+youtube,False
1308,1,24941,6:55:44,Rohit Kumar,80,whisper+youtube,True
1308,2,30082,8:21:25,Rohit Sunil,80,whisper+youtube,False
1308,3,10162,2:49:25,Rohit Kumar,80,whisper+youtube,False
1309,1,23035,6:23:58,Manav Hare,100,whisper+youtube,True
1309,2,19219,5:20:22,Ronit Kumar Mandal,87,whisper+youtube,False
1309,3,28027,7:47:10,Manav Nares,87,youtube,False
1310,1,22173,6:09:36,Mayayur Vinayak Bharambe,85,whisper+youtube,True
1310,2,25179,6:59:42,Bharat Kumar,82,whisper+youtube,True
1310,3,27392,7:36:35,Manus Bhatt,78,youtube,False
1311,1,23056,6:24:19,Harsh Patel,100,whisper,True
1311,2,15120,4:12:03,Patel Harsh Rajendra,100,whisper+youtube,False
1311,3,12460,3:27:43,Manav Harish Bhai Patel,98,whisper,False
1312,1,23096,6:24:59,Riyanshu Kumar Pandey,100,whisper+youtube,True
1312,2,24427,6:47:10,Priyanchu Kumar Singh,100,whisper+youtube,True
1312,3,12625,3:30:28,Prana Kumar,95,whisper+youtube,False
1313,1,22841,6:20:44,Pranay Mahajan,100,whisper+youtube,True
1313,2,9168,2:32:51,Pan Maha Supervisor Dr,93,whisper+youtube,False
1313,3,21367,5:56:10,Priyanchi Mahajan,89,youtube,True
1314,1,23124,6:25:27,Aron Alva,100,whisper+youtube,True
1314,2,22817,6:20:20,Alina Azam Khan,78,whisper+youtube,True
1314,3,31429,8:43:52,Arin Balyan,78,youtube,False
1315,1,14669,4:04:32,sit on the chair in the,81,whisper+youtube,False
1315,2,12394,3:26:37,Chan Mishnra,80,youtube,False
1316,1,27640,7:40:43,Anand Pandey,100,whisper+youtube,False
1316,2,14532,4:02:15,Vinayak Pandey,92,whisper+youtube,False
1316,3,20357,5:39:20,Aryan Abhiji Desh Pande,87,youtube,False
1317,1,26262,7:17:45,Vaish Ajit Unan,94,whisper+youtube,False
1317,2,20660,5:44:23,Vikash Gurjaz,91,whisper,False
1317,3,26091,7:14:54,Diksha Bharat,86,youtube,True
1318,1,23548,6:32:31,Miss Jooshi Siti Sandis,99,whisper+youtube,True
1318,2,14772,4:06:15,Josie Sai Shardul,89,youtube,False
1318,3,26721,7:25:24,students standing on the right side,88,whisper+youtube,False
1319,1,28736,7:58:59,Shubham Raj Sharma,87,whisper+youtube,False
1319,2,13429,3:43:52,Pratik Raj Mishra,85,whisper+youtube,False
1319,3,25826,7:10:29,Shria Raj Gupta,85,youtube,True
1320,1,23830,6:37:13,Jaya Mishra,92,whisper+youtube,True
1320,2,17821,4:57:04,Parthvi Kalpesh Bhai Mishra,91,whisper,False
1320,3,19415,5:23:38,Jaya Dipti Mishra,88,whisper,False
1321,1,23004,6:23:27,Vaishnavi Joshi,88,whisper+youtube,True
1321,2,28753,7:59:16,Manish Kumar Shukla,87,whisper+youtube,False
1321,3,19219,5:20:22,Ronit Kumar Mandal,87,whisper+youtube,False
1322,1,23652,6:34:15,Miss Rama Gre,88,youtube,True
1322,2,11005,3:03:28,I call upon the graduates to stand up,86,whisper+youtube,False
1322,3,31759,8:49:22,Shashan Raman,85,whisper,False
1323,1,22617,6:17:00,Saty Bhushan Bhaira,79,whisper+youtube,True
1323,2,10581,2:56:24,Beha,74,youtube,False
1323,3,25136,6:58:59,Bhumika Sahu,74,whisper,True
1324,1,21888,6:04:51,Miss Kuhu Mitesh Champan area,75,youtube,True
1324,2,23677,6:34:40,Jiraash Irma,73,whisper,True
1324,3,23559,6:32:42,Harsh Ranjan,72,youtube,True
1325,1,22428,6:13:51,Karthik Krishna Devi,100,whisper+youtube,True
1325,2,23485,6:31:28,Lashram Krishna Kumari,98,whisper+youtube,True
1325,3,17623,4:53:46,Devia Anzel Rahul Sharma,88,whisper,False
1326,1,23496,6:31:39,Lingaishwarya,75,whisper+youtube,True
1326,2,30676,8:31:19,Lesh Puri,65,youtube,False
1326,3,28654,7:57:37,Aishwaria Tripati,64,youtube,False
1327,1,23560,6:32:43,Harshit Ranjan,100,whisper+youtube,True
1327,2,16936,4:42:19,Harshit Kurana,89,youtube,False
1327,3,24353,6:45:56,Harsh Anand Karika,88,whisper,True
1328,1,23311,6:28:34,Raveen Mohan,95,whisper+youtube,True
1328,2,22904,6:21:47,Arun Dinev Ocha,77,whisper,True
1328,3,10330,2:52:13,Manise runna,73,youtube,False
1329,1,28486,7:54:49,Shreya Kumari,85,whisper+youtube,False
1329,2,26511,7:21:54,Shreya Malik,85,whisper+youtube,False
1329,3,21795,6:03:18,Shreyasi Gupta,81,whisper+youtube,True
1330,1,23344,6:29:07,Adityan Dayanandan,100,whisper+youtube,True
1330,2,20063,5:34:26,Aditya Nandanvana,92,whisper+youtube,False
1330,3,13597,3:46:40,Madhav Dayan,81,whisper,False
1331,1,23608,6:33:31,Goshi Vinay Desai,100,whisper+youtube,True
1331,2,13793,3:49:56,Khandre Devans Vijay,88,whisper+youtube,False
1331,3,10874,3:01:17,Technology in VLSA design who have been,84,youtube,False
1332,1,24094,6:41:37,Ashita Verma,81,whisper,True
1332,2,23737,6:35:40,Sanjani Varma,81,whisper,True
1332,3,21391,5:56:34,Vertika Singh,77,youtube,True
1333,1,23521,6:32:04,Miss Ria Galot,94,whisper+youtube,True
1333,2,21625,6:00:28,Aryan Parabh Gaikloth,77,whisper,True
1334,1,22502,6:15:05,Aditya Pratap Singh,100,whisper+youtube,True
1334,2,21898,6:05:01,Aditya Pratap Singh,100,whisper+youtube,True
1334,3,23465,6:31:08,Adit Singh,100,whisper+youtube,True
1335,1,22192,6:09:55,Mansi Tripathi,100,whisper+youtube,True
1335,2,22509,6:15:12,Harsh Manik Parate,82,whisper+youtube,True
1335,3,14114,3:55:17,Manul Thiagi,78,youtube,False
1336,1,15068,4:11:11,Anushka Sheer Sagar,89,whisper,False
1336,2,18829,5:13:52,Shrey Anshu Balerji,85,whisper,False
1336,3,12703,3:31:46,Shre Wash,80,youtube,False
1337,1,23643,6:34:06,Miss Ritu Agraal,100,whisper+youtube,True
1337,2,27806,7:43:29,Rita Magrawal,97,whisper+youtube,False
1337,3,26750,7:25:53,Aritri Mangal,80,whisper+youtube,False
1338,1,24698,6:51:41,Shriksh Samir,91,whisper+youtube,True
1338,2,16356,4:32:39,Imtisal Sahil Sari,91,youtube,False
1338,3,29065,8:04:28,Shri Mukhi,90,whisper,False
1339,1,23598,6:33:21,Ananya Bajpayee,95,whisper,True
1339,2,9158,2:32:41,Kanayar Raja,80,whisper,False
1339,3,14077,3:54:40,Boyr Chaitanya Baal Krishna,80,whisper,False
1340,1,21531,5:58:54,Vishnu Priya,100,youtube,True
1340,2,23477,6:31:20,Miss Priyanka Vishu Karma,100,whisper+youtube,True
1340,3,16641,4:37:24,Princy Vishar Vishu Karma,92,youtube,False
1341,1,23780,6:36:23,Aayush Sharma,100,whisper+youtube,True
1341,2,24063,6:41:06,Arush Sharma,97,whisper+youtube,True
1341,3,22055,6:07:38,Akash Sharma,97,whisper+youtube,True
1342,1,27761,7:42:44,Tashar Chahar,92,whisper+youtube,False
1342,2,26330,7:18:53,Tanish Chauhan,91,whisper+youtube,False
1342,3,18443,5:07:26,Anusha Chandraar,86,whisper+youtube,False
1343,1,23746,6:35:49,Sarthak Das Gupta,98,whisper+youtube,True
1343,2,27524,7:38:47,Sarthag Gupta,91,whisper+youtube,False
1343,3,10437,2:54:00,Sarang's Gupta,85,whisper+youtube,False
1344,1,18018,5:00:21,Bhavesh Kumar,96,whisper+youtube,False
1344,2,25179,6:59:42,Bharat Kumar,96,whisper+youtube,True
1344,3,23539,6:32:22,Miss Baba Kumari,94,whisper+youtube,True
1345,1,13508,3:45:11,Anish Agarwal,95,whisper+youtube,False
1345,2,21023,5:50:26,Yash Agarwal,85,youtube,True
1345,3,26146,7:15:49,Devansh Daga,85,whisper+youtube,True
1346,1,29045,8:04:08,Rashi Dube,90,whisper+youtube,False
1346,2,23387,6:29:50,Akhil Gube,89,whisper,True
1347,1,23422,6:30:25,Rijani Gubba,96,whisper,True
1347,2,25826,7:10:29,Shria Raj Gupta,86,youtube,True
1347,3,21795,6:03:18,Shreyasi Gupta,86,whisper+youtube,True
1348,1,23746,6:35:49,Sarthak Das Gupta,82,whisper+youtube,True
1348,2,17007,4:43:30,Gaurav Gupta,81,whisper+youtube,False
1348,3,26011,7:13:34,Das sind wir nach Hause,77,whisper,True
1349,1,21556,5:59:19,Copel Naruka,87,youtube,True
1349,2,23835,6:37:18,Korakopula Chakrita Gaur,78,whisper+youtube,True
1349,3,24117,6:42:00,Miss Kalpan Takur,75,youtube,True
1350,1,23728,6:35:31,Miss Banisha Takur,96,whisper+youtube,True
1350,2,10717,2:58:40,Takur Shujan Singsh and,85,youtube,False
1350,3,22946,6:22:29,Sitaan Sini Thirau,79,whisper,True
1351,1,23476,6:31:19,Priyanka Vishrukar Ma,98,whisper+youtube,True
1351,2,16641,4:37:24,Princy Vishar Vishu Karma,87,youtube,False
1351,3,20742,5:45:45,Vishal Panda,82,youtube,False
1352,1,23759,6:36:02,Parthib Rajesh,100,whisper+youtube,True
1352,2,13429,3:43:52,Prati Raj Mishra,92,whisper+youtube,False
1352,3,17821,4:57:04,Parthvi Kalpesh Bhai Mishra,91,whisper+youtube,False
1353,1,22603,6:16:46,Pratham Prasad,100,whisper+youtube,True
1353,2,24710,6:51:53,Paraf Faras Prahib,84,whisper+youtube,True
1353,3,12303,3:25:06,Prahar Pande,81,youtube,False
1354,1,21819,6:03:42,Miss Aditi Yadav,88,whisper+youtube,True
1354,2,21752,6:02:35,Miss Aditi Patak,88,whisper+youtube,True
1354,3,8859,2:27:42,Puspender Singh Pa V Ait Kumar Puroit,82,youtube,False
1355,1,27662,7:41:05,Narethi Sarachandra Narayana Rao,86,whisper+youtube,False
1355,2,16981,4:43:04,Raj Aryan,84,whisper+youtube,False
1355,3,23598,6:33:21,Ananya Bajpayee,82,whisper,True
1356,1,23589,6:33:12,Ayeshi Dixit,98,whisper+youtube,True
1356,2,22005,6:06:48,Yashraj Dixit,82,whisper,True
1356,3,16462,4:34:25,Digshit,67,youtube,False
1357,1,23405,6:30:08,Jibaslin S,79,whisper+youtube,True
1357,2,30646,8:30:49,Jesal,68,youtube,False
1357,3,29311,8:08:34,Jesia,68,youtube,False
1358,1,23620,6:33:43,Lakshmi Amrita,100,whisper+youtube,True
1358,2,23977,6:39:40,Rashmi Mishra,81,whisper+youtube,True
1358,3,28034,7:47:17,Lakshmi,80,youtube,False
1359,1,22445,6:14:08,Teja Kumar Reddy,85,whisper+youtube,True
1359,2,12908,3:35:11,Tejas Dev,77,whisper,False
1359,3,9434,2:37:17,tea,75,youtube,False
1360,1,23717,6:35:20,Aryan Ashish,100,whisper+youtube,True
1360,2,28080,7:48:03,Shashank Anand Ashin Ny,88,whisper+youtube,False
1360,3,21625,6:00:28,Aryan Parabh Gaikloth,86,whisper+youtube,True
1361,1,24462,6:47:45,Shrut Prada Singh,100,whisper+youtube,True
1361,2,31574,8:46:17,Shruti Singh,100,whisper+youtube,False
1361,3,12900,3:35:03,Arshit Singh,93,whisper+youtube,False
1362,1,23708,6:35:11,Shabbham Kumar Das,100,youtube,True
1362,2,14095,3:54:58,Shoubhham Kumar,100,whisper+youtube,False
1362,3,19061,5:17:44,Sorup Kumar Raj Dave,94,whisper+youtube,False
1363,1,23454,6:30:57,Anisha Dhore,100,whisper+youtube,True
1363,2,14376,3:59:39,Danish Ansari,85,whisper+youtube,False
1363,3,13065,3:37:48,Mani Anish Jitendra,85,whisper+youtube,False
1364,1,23444,6:30:47,Ashwarya Gavane,97,whisper+youtube,True
1364,2,28243,7:50:46,Ashwarya Singh Baghel,87,whisper,False
1364,3,19959,5:32:42,Ahan Vas,80,youtube,False
1365,1,23666,6:34:29,Shivani Soni,100,whisper+youtube,False
1365,2,10549,2:55:52,Shivani Shoni,97,whisper,False
1365,3,29342,8:09:05,Sonia Shya,92,whisper+youtube,False
1366,1,12370,3:26:13,Chirak Sharma,100,whisper+youtube,False
1366,2,23677,6:34:40,Chira Sharma,98,youtube,False
1366,3,9139,2:32:22,Nira Sharma Dr,88,youtube,False
1367,1,22236,6:10:39,Rishabh Kabra,100,whisper+youtube,False
1367,2,28211,7:50:14,Risha Barua,84,youtube,False
1367,3,31715,8:48:38,Rishita Kuala,82,whisper,False
1368,1,21880,6:04:43,Akshita Panti,98,whisper,False
1368,2,18455,5:07:38,Akshita Parih,90,whisper,False
1368,3,29074,8:04:37,Astha Pancholi,89,whisper+youtube,False
1369,1,24043,6:40:46,Miss Somia Sharma Kumari,87,whisper+youtube,False
1369,2,23154,6:25:57,Shah Krishy Chalesh Kumar,87,whisper,False
1369,3,12468,3:27:51,Netya Dharmesh Kumar Shah,87,whisper,False
1370,1,21573,5:59:36,Ambika Gur,84,youtube,False
1370,2,21645,6:00:48,Arian Parag,76,youtube,False
1370,3,23652,6:34:15,Miss Rama Gre,75,youtube,False
1371,1,10937,3:02:20,Uda Tamarkar,100,whisper+youtube,False
1371,2,24634,6:50:37,Odai Tamrakar,83,whisper,True
1371,3,23747,6:35:50,This is Arak Daz Gupta,83,whisper+youtube,True
1372,1,23932,6:38:55,Bharat Jain,100,whisper+youtube,True
1372,2,13886,3:51:29,Bharti Jai Pratash,94,whisper,False
1372,3,19233,5:20:36,Laksh Sachin Bharat Dhuaj,92,whisper+youtube,False
1373,1,23926,6:38:49,Bhavishya Kamal,100,whisper+youtube,True
1373,2,18018,5:00:21,Bhavesh Kumar,83,youtube,False
1373,3,10353,2:52:36,A bisa karma,83,youtube,False
1374,1,23915,6:38:38,Prabal Singh,100,whisper+youtube,True
1374,2,24873,6:54:36,Akash Shibham Pratab Singh,99,whisper+youtube,True
1374,3,24462,6:47:45,Shrut Prada Singh,99,whisper+youtube,True
1375,1,24043,6:40:46,Miss Somia Sharma Kumari,100,youtube,True
1375,2,23485,6:31:28,Lashram Krishna Kumari,97,whisper+youtube,True
1375,3,12205,3:23:28,sham kumar kashab,94,youtube,False
1376,1,23835,6:37:18,Korakopula Chakrita Gaur,100,whisper+youtube,True
1376,2,25485,7:04:48,Chi Goyel,73,youtube,True
1376,3,22903,6:21:46,Arin Bin Oa,71,youtube,True
1377,1,23830,6:37:13,Jaya Mishra,100,whisper+youtube,True
1377,2,19415,5:23:38,Jaya Dipti Mishra,100,whisper+youtube,False
1377,3,22210,6:10:13,Krishna Jayand Kumar Brochia,89,whisper+youtube,True
1378,1,23968,6:39:31,Miss Bhumi Singhi,98,whisper+youtube,True
1378,2,12316,3:25:19,Bumi Chauk Singh,87,whisper,False
1378,3,26036,7:13:59,Priyansus Singh Thomas,82,whisper,True
1379,1,23879,6:38:02,Gaurav Kassanya,100,whisper+youtube,True
1379,2,27361,7:36:04,Arav Katlana,92,whisper+youtube,False
1379,3,14878,4:08:01,Garima Kalani,81,whisper,False
1380,1,23861,6:37:44,Abhishek Patel,100,whisper+youtube,True
1380,2,22655,6:17:38,Sais Patel,90,whisper+youtube,True
1380,3,12460,3:27:43,Manav Harish Bhai Patel,88,whisper,False
1381,1,23849,6:37:32,Adwat Gokle,100,whisper+youtube,True
1381,2,30528,8:28:51,Arpit Goyal,78,whisper,False
1381,3,14422,4:00:25,Muhammad Adil Khan,76,whisper,False
1382,1,26424,7:20:27,Nanil Das,73,youtube,True
1382,2,21939,6:05:42,Sandhipan Nair,71,whisper,True
1382,3,26140,7:15:43,Anul Madan,70,youtube,True
1383,1,24014,6:40:17,Drasti Chanda,100,whisper+youtube,True
1383,2,21862,6:04:25,Sam Rajas Chandra Shakhar,87,whisper+youtube,True
1383,3,24445,6:47:28,Miss Ashi Cha,86,whisper+youtube,True
1384,1,24094,6:41:37,Ashita Verma,100,whisper+youtube,True
1384,2,29450,8:10:53,Akshet Varma,84,whisper,False
1384,3,17219,4:47:02,Anushka Varma Nam Deo,83,whisper,False
1385,1,23996,6:39:59,Ananya Jain,100,whisper+youtube,True
1385,2,26706,7:25:09,Ananya Jaina,100,whisper+youtube,False
1385,3,18759,5:12:42,Yana Jain,92,whisper+youtube,False
1387,1,23908,6:38:31,Anuj Kumarvath,100,whisper+youtube,True
1387,2,29746,8:15:49,Anubha Kumar Singh,90,whisper+youtube,False
1387,3,21712,6:01:55,Manoj Kumar Pradhan,88,whisper+youtube,True
1388,1,24033,6:40:36,Miss Divyani Sharma,100,whisper+youtube,True
1388,2,24105,6:41:48,Debiani Sharma,96,whisper+youtube,True
1388,3,13226,3:40:29,Divyansh Sharma,96,whisper,False
1389,1,24073,6:41:16,Anushka Jain,100,whisper+youtube,True
1389,2,18623,5:10:26,Anushri Jai Sarkar,96,whisper+youtube,False
1389,3,18693,5:11:36,Anushri Jai Sarkar,91,whisper,False
1390,1,24126,6:42:09,Janvi Verma,100,whisper+youtube,True
1390,2,29878,8:18:01,Virat Jan,88,whisper+youtube,False
1390,3,27419,7:37:02,Bavera Jan,86,whisper,False
1391,1,23942,6:39:05,Gautam Hablani,100,whisper+youtube,True
1391,2,22569,6:16:12,Aman Gupta,86,whisper+youtube,True
1391,3,14878,4:08:01,Garima Kalani,79,whisper,False
1392,1,24106,6:41:49,Miss Dyanka Sharma,100,whisper+youtube,True
1392,2,24033,6:40:36,Miss Divyani Sharma,100,whisper+youtube,True
1392,3,13226,3:40:29,Divyansh Sharma,95,whisper,False
1393,1,23958,6:39:21,Deeshika Jain,100,whisper+youtube,True
1393,2,29096,8:04:59,Nishika Jain,94,whisper+youtube,False
1393,3,24073,6:41:16,Anushka Jain,90,whisper+youtube,True
1394,1,23810,6:36:53,Keshav Soni,100,whisper+youtube,True
1394,2,19582,5:26:25,Son Sarta Kershal,91,youtube,False
1394,3,23666,6:34:29,Shivani Soni,88,whisper+youtube,True
1395,1,23986,6:39:49,Neha Tamrakar,100,whisper+youtube,True
1395,2,28331,7:52:14,Sneha Sarkar,88,whisper,False
1395,3,19453,5:24:16,Yogind Singh Ratar,83,whisper+youtube,False
1396,1,21625,6:00:28,Aryan Sharma,100,whisper+youtube,True
1396,2,28064,7:47:47,Arja Sharma,98,whisper+youtube,False
1396,3,17199,4:46:42,Patil Jaya Sharad,88,whisper,False
1397,1,21587,5:59:50,Jai Shri Sharma,93,whisper+youtube,True
1397,2,21515,5:58:38,Jai Shri Sharma,88,whisper,True
1397,3,21445,5:57:28,Jai Shri Sharma,88,whisper,True
1398,1,24086,6:41:29,Mahi Sharma,100,whisper+youtube,True
1398,2,21931,6:05:34,Mohit Sharma,95,whisper+youtube,True
1398,3,27859,7:44:22,Shama Ma,91,youtube,False
1399,1,24117,6:42:00,Kalpanna Thakur,100,whisper+youtube,True
1399,2,22127,6:08:50,Mohamma Takreem Khan,82,whisper+youtube,True
1399,3,23728,6:35:31,Miss Banisha Takur,80,youtube,True
1400,1,23888,6:38:11,Himanshu Vishwakarma,100,whisper+youtube,True
1400,2,25004,6:56:47,Himanshu Sharva,86,whisper+youtube,True
1400,3,23476,6:31:19,Priyanka Vishrukar Ma,80,whisper,True
1401,1,24809,6:53:32,Saurav Jaini,86,whisper,True
1401,2,22101,6:08:24,Harsh Jain,82,whisper,True
1401,3,21645,6:00:48,Arian Parag,82,youtube,True
1402,1,24006,6:40:09,Krish Singh,100,whisper+youtube,True
1402,2,29027,8:03:50,Rakshita Krithi Singh,99,whisper+youtube,False
1402,3,17167,4:46:10,Trishi Singh,96,whisper+youtube,False
1403,1,23871,6:37:54,Harsh Mewada,100,whisper+youtube,True
1403,2,26249,7:17:32,Meda Sanjeev Harshev,94,whisper+youtube,True
1403,3,12460,3:27:43,Manav Harish Bhai Patel,90,whisper+youtube,False
1404,1,24053,6:40:56,Tanisha Yadav,100,whisper+youtube,True
1404,2,22532,6:15:35,Anjali Yadav,87,whisper+youtube,True
1404,3,21819,6:03:42,Aditya Yadav,82,whisper,True
1405,1,24136,6:42:19,Sheikh Osama,100,whisper+youtube,True
1405,2,26110,7:15:13,Shaki Sharma,92,whisper+youtube,True
1405,3,18387,5:06:30,Shani Sharma,90,whisper+youtube,False
1406,1,24146,6:42:29,Seenimasan S,82,whisper+youtube,True
1406,2,22988,6:23:11,Baar Angir Seendra,67,youtube,True
1406,3,31675,8:47:58,Dhruv Seni,67,whisper,False
1407,1,24156,6:42:39,Ansh Saho,99,whisper+youtube,True
1407,2,22823,6:20:26,Miss Tanushkar Sahu,96,whisper+youtube,True
1407,3,20543,5:42:26,tan sahu,86,youtube,False
1408,1,29027,8:03:50,Rakshita Krithi Singh,81,whisper+youtube,False
1408,2,24295,6:44:58,Krithika Am,80,whisper,True
1408,3,13332,3:42:15,Rithik Tiwari,78,whisper+youtube,False
1409,1,24170,6:42:53,Shruti Satankar,100,whisper+youtube,True
1409,2,29016,8:03:39,Shri Padi Lakshmi Sharanya,90,whisper+youtube,False
1409,3,21720,6:02:03,Chandran Shu Sarkar,83,youtube,True
1410,1,24179,6:43:02,Abin Mano,95,whisper+youtube,True
1410,2,10116,2:48:39,Manoj,80,whisper,False
1410,3,21872,6:04:35,Bidhan Mana,80,youtube,True
1411,1,24197,6:43:20,Miss Prati Sony,88,youtube,True
1411,2,10746,2:59:09,Ashi Solani,83,youtube,False
1411,3,9926,2:45:29,Praat Raj second rank,78,youtube,False
1412,1,24206,6:43:29,Harshvardhan Verma,100,whisper,True
1412,2,26249,7:17:32,Meda Sanjeev Harshev,80,whisper+youtube,True
1412,3,22243,6:10:46,Harvik Vodra,71,whisper,True
1413,1,24214,6:43:37,Jyoti Singh Rajput,100,whisper+youtube,True
1413,2,26048,7:14:11,Arian Singh Rajput,100,whisper+youtube,True
1413,3,28927,8:02:10,Aditya Raj Singh,99,whisper+youtube,False
1414,1,17603,4:53:26,Sakshi Shrivastava,92,whisper+youtube,False
1414,2,22183,6:09:46,Shri Hari,89,whisper,True
1414,3,22013,6:06:56,Shri Hari Jayamthi Hilwadi,89,whisper,True
1415,1,31200,8:40:03,Ash Raj,87,youtube,False
1415,2,31633,8:47:16,Anushka Raj,85,youtube,False
1415,3,21597,6:00:00,Akshat Raj,85,whisper+youtube,True
1416,1,25739,7:09:02,Akshhat Sony,93,youtube,True
1416,2,23810,6:36:53,Keshav Soni,89,whisper,True
1416,3,16156,4:29:19,Ashto Sony,86,youtube,False
1417,1,19938,5:32:21,Tushar Agraal,87,youtube,False
1417,2,15068,4:11:11,Anushka Sheer Sagar,86,whisper+youtube,False
1417,3,20703,5:45:06,Tagar Aushkumar,83,youtube,False
1418,1,24277,6:44:40,Upashna Rae,87,whisper,True
1418,2,26830,7:27:13,Prasanna Ram Kumar,85,whisper,True
1418,3,28219,7:50:22,Aman Kumar Raai,83,whisper,False
1419,1,24268,6:44:31,Anushka Rajput,100,whisper+youtube,True
1419,2,31633,8:47:16,Anushka Raj,94,youtube,False
1419,3,10847,3:00:50,Anushuman Raj,89,whisper,False
1420,1,25633,7:07:16,Anul Patidar,96,youtube,True
1420,2,26140,7:15:43,Anshul Madhan,87,whisper+youtube,True
1420,3,31967,8:52:50,Anu Kuntri Patim,87,whisper,False
1421,1,15871,4:24:34,Bah saksa,84,youtube,False
1421,2,10918,3:02:01,Lavanya Bashira in absentia for the awards of,83,whisper+youtube,False
1421,3,17821,4:57:04,Parthvi Kalpesh Bhai Mishra,83,whisper+youtube,False
1422,1,24222,6:43:45,Shivani Thakur,100,whisper+youtube,True
1422,2,17183,4:46:26,Shalini Thakur,94,whisper,False
1422,3,10711,2:58:34,Thakur Shwujan,94,whisper+youtube,False
1423,1,24233,6:43:56,Nitu Vishkarma,86,whisper,True
1423,2,26795,7:26:38,This is not a time to be impatient,76,whisper+youtube,True
1424,1,24371,6:46:14,Thimanshu Pandey,100,whisper+youtube,True
1424,2,23096,6:24:59,Riyanshu Kumar Pandey,97,whisper+youtube,True
1424,3,26213,7:16:56,Kushi Ramesh Pandey,87,whisper+youtube,True
1425,1,23096,6:24:59,Riyanshu Kumar Pandey,100,whisper+youtube,True
1425,2,24427,6:47:10,Priyanchu Kumar Singh,100,whisper+youtube,True
1425,3,12740,3:32:23,Priyanshu Singh,100,whisper+youtube,False
1426,1,26223,7:17:06,Shria Sharma,100,whisper+youtube,True
1426,2,24328,6:45:31,Shri Vardhan Sharma,99,whisper+youtube,True
1426,3,22297,6:11:40,Shrian Sharma,98,whisper+youtube,True
1427,1,24335,6:45:38,Yuraz Triviri,87,whisper,True
1427,2,14694,4:04:57,your turn will arrive,76,youtube,False
1427,3,26700,7:25:03,Students who are sending kindly take your seats,71,whisper,True
1428,1,24343,6:45:46,Shrutaksham Upadhyaya,94,whisper+youtube,True
1428,2,16915,4:41:58,Akamsha Pandha,81,whisper,False
1428,3,28815,8:00:18,Aditya Kumar Sahu,80,whisper+youtube,False
1429,1,24398,6:46:41,Miss Kumari Ashta,100,whisper+youtube,True
1429,2,28784,7:59:47,Aayushman Kumar Singh,95,whisper+youtube,False
1429,3,26381,7:19:44,Adash Kumar Bharma,90,youtube,True
1430,1,24408,6:46:51,Atejasthvi Raj,99,whisper+youtube,True
1430,2,23203,6:26:46,Raj Kuru Webhavi Ajiz,91,whisper+youtube,True
1430,3,31200,8:40:03,Ash Raj,90,youtube,False
1431,1,24387,6:46:30,Deepika Gupta,100,whisper+youtube,True
1431,2,31931,8:52:14,Uttar deep shivasa,82,youtube,False
1431,3,28538,7:55:41,Gupta,80,youtube,False
1432,1,24419,6:47:02,Ananduri Varun,97,whisper,True
1432,2,24948,6:55:51,Arun Khatri,84,whisper+youtube,True
1432,3,26624,7:23:47,Upandar Satri Varus,82,whisper,True
1433,1,24353,6:45:56,Harsh Anand Karika,100,whisper+youtube,True
1433,2,16385,4:33:08,Harsh Anand,100,youtube,False
1433,3,23559,6:32:42,Harsh Ranjan,96,whisper+youtube,True
1434,1,24362,6:46:05,Shriya Bhattacharya,100,whisper+youtube,True
1434,2,30742,8:32:25,Shree Khan Patnaayar,82,whisper,False
1434,3,31997,8:53:20,Sharanya Basar,77,whisper,False
1435,1,24379,6:46:22,Anamika Sharma,100,whisper+youtube,True
1435,2,27439,7:37:22,Ana Sharma,98,whisper+youtube,False
1435,3,12719,3:32:02,Aman Sharma,95,whisper+youtube,False
1436,1,24617,6:50:20,Anshuman Rath,100,whisper,True
1436,2,26986,7:29:49,Anmeisha Rathor,88,whisper,True
1436,3,10847,3:00:50,Anushuman Raj,86,whisper,False
1438,1,24564,6:49:27,Pratam Varva,87,whisper,True
1438,2,24094,6:41:37,Ashita Verma,83,whisper,True
1438,3,30768,8:32:51,Athar Veda,81,whisper,False
1439,1,24445,6:47:28,Ashish Chauda,100,whisper+youtube,True
1439,2,26074,7:14:37,Sachin Chandra,90,whisper+youtube,True
1439,3,31522,8:45:25,Nakshi Chadri,87,youtube,False
1440,1,24555,6:49:18,Sovek Das,93,whisper+youtube,True
1440,2,21906,6:05:09,Das,80,youtube,True
1440,3,19061,5:17:44,Sorup Kumar Raj Dave,77,youtube,False
1441,1,24605,6:50:08,Sanjana Tiwari,100,whisper,True
1441,2,12510,3:28:33,Tiwari Parth Anand,90,whisper,False
1441,3,12599,3:30:02,Ranjal Tiwari,87,whisper,False
1442,1,24582,6:49:45,Rathik Panigrayi,86,whisper+youtube,True
1442,2,23643,6:34:06,Miss Ritu Agraal,81,whisper+youtube,True
1442,3,22858,6:21:01,Jimites Para,80,whisper+youtube,True
1443,1,24488,6:48:11,Miss Tanishka,85,whisper+youtube,True
1443,2,24053,6:40:56,Tanisha Yadav,83,whisper+youtube,True
1443,3,26330,7:18:53,Tanish Chauhan,81,whisper+youtube,True
1444,1,24436,6:47:19,Mavalla Krishna Kiriti,100,whisper+youtube,True
1444,2,22428,6:13:51,Karthik Krishna Devi,96,whisper+youtube,True
1444,3,28824,8:00:27,Naven Krishna Ki,92,youtube,False
1445,1,21625,6:00:28,Aryan Parabh Gaikloth,100,whisper+youtube,False
1445,2,24710,6:51:53,Paraf Faras Prahib,88,whisper+youtube,True
1445,3,16854,4:40:57,Arian Pares Patel,85,youtube,False
1446,1,24594,6:49:57,Ravika Dhut,85,whisper,True
1446,2,14917,4:08:40,Radhika,80,youtube,False
1446,3,9961,2:46:04,Droop gah third rank,77,youtube,False
1447,1,24479,6:48:02,Ashutosh Koshwaha,100,whisper+youtube,True
1447,2,22895,6:21:38,Kusha Saho,84,whisper,True
1447,3,24760,6:52:43,Ashish Eskushar,78,whisper,True
1448,1,24542,6:49:05,Miss Priyanchi Podar,100,whisper+youtube,True
1448,2,12619,3:30:22,Siddhart Priati,79,youtube,False
1448,3,26911,7:28:34,Priyan and,75,youtube,True
1449,1,21898,6:05:01,Aditya Pratap Singh,100,whisper+youtube,True
1449,2,22502,6:15:05,Aditya Pratap Singh,100,whisper+youtube,True
1449,3,22038,6:07:21,Debian Shiv Pratap Singh,100,whisper+youtube,True
1450,1,24529,6:48:52,Manashvi Koshwaha,98,whisper+youtube,True
1450,2,13026,3:37:09,Kushal Bana,82,youtube,False
1450,3,22479,6:14:42,Anubhav Kashwaha,80,whisper,True
1451,1,19382,5:23:05,Ishi Jan,99,whisper+youtube,False
1451,2,29096,8:04:59,Nishika Jain,90,whisper,False
1451,3,23958,6:39:21,Deeshika Jain,88,whisper+youtube,True
1452,1,24512,6:48:35,Badriant Raharaj,100,whisper+youtube,True
1452,2,16897,4:41:40,Saran Prajapati,82,whisper+youtube,False
1452,3,20379,5:39:42,Arian Singh Ratar,79,youtube,False
1453,1,18913,5:15:16,Tanya Chaturvedi,100,whisper+youtube,False
1453,2,26469,7:21:12,Tartafia Chaudhri,81,whisper+youtube,True
1453,3,17499,4:51:42,Manas Dhuvedi,78,whisper,False
1454,1,27429,7:37:12,Yash Porwal,100,whisper+youtube,False
1454,2,13371,3:42:54,Yash Porwal,100,whisper+youtube,False
1454,3,18525,5:08:48,Aayish Pra,83,youtube,False
1455,1,24470,6:47:53,Vivek Kumar Vishukarma,100,whisper+youtube,True
1455,2,15001,4:10:04,Vishwam Samir Kumar Patel,100,whisper+youtube,False
1455,3,27876,7:44:39,Vikas Kumar,95,whisper+youtube,False
1456,1,27438,7:37:21,Ananya Sharma,100,whisper+youtube,False
1456,2,12719,3:32:02,Aman Sharma,95,whisper+youtube,False
1456,3,18047,5:00:50,Ananya Shwasta,93,whisper+youtube,False
1457,1,22143,6:09:06,Jay Varadhan Singh,88,whisper+youtube,True
1457,2,22640,6:17:23,Ajay Sundaran,85,whisper,True
1457,3,29869,8:17:52,pandi jas,84,youtube,False
1458,1,29440,8:10:43,Gautam Singh Koshik,97,whisper+youtube,False
1458,2,26047,7:14:10,Aryan Singh Rajthu,90,whisper+youtube,True
1458,3,30833,8:33:56,Abra Singh,88,youtube,False
1459,1,24522,6:48:45,Jan Salwani,96,whisper+youtube,True
1459,2,17564,4:52:47,Jatan Sain,82,youtube,False
1459,3,17094,4:44:57,Paluni Jan,81,youtube,False
1460,1,10864,3:01:07,and Miss Atre Halder,100,whisper+youtube,False
1460,2,25212,7:00:15,Atri Halder,90,youtube,False
1460,3,14248,3:57:31,Halder,80,youtube,False
1461,1,22332,6:12:15,Miss Ashi Jen,81,youtube,False
1461,2,30676,8:31:19,Lesh Puri,75,youtube,False
1461,3,28340,7:52:23,Marmi Chetan Joshi,75,whisper,False
1462,1,18279,5:04:42,Anushka Sachin Mandar,87,whisper+youtube,False
1462,2,26074,7:14:37,Sachin Chandra,86,whisper+youtube,False
1462,3,23958,6:39:21,Deeshika Jain,83,whisper,False
1463,1,24626,6:50:29,Jai Shinde,93,whisper+youtube,False
1463,2,8697,2:25:00,Jai Hind Nandri,80,whisper,False
1463,3,10275,2:51:18,E-commerce Technology Sneha Jadabha,77,youtube,False
1464,1,24761,6:52:44,Miss Ashish as Pasad,93,youtube,False
1464,2,22524,6:15:27,Samikshya Prasad,89,whisper,False
1464,3,24462,6:47:45,Shrut Prada Singh,87,whisper+youtube,False
1465,1,9837,2:44:00,Agni Hutri Ahira Anan,88,youtube,False
1465,2,18037,5:00:40,Ranjal Nahar,84,whisper,False
1465,3,30251,8:24:14,Anjali,80,youtube,False
1466,1,27516,7:38:39,Yash Vishal Rajkotiya,82,whisper,False
1466,2,18759,5:12:42,Yana Jain,79,whisper,False
1466,3,17947,4:59:10,Jaswal,77,youtube,False
1467,1,31006,8:36:49,Dear pita da,77,youtube,False
1467,2,12383,3:26:26,Virgila,67,youtube,False
1468,1,24831,6:53:54,Aankar Dirupak Bhagwan,100,whisper+youtube,False
1468,2,19105,5:18:28,Bhargavi Prakash Devade,85,whisper+youtube,False
1468,3,9010,2:30:13,Ankur Bhayar,82,whisper,False
1469,1,24818,6:53:41,Abhishth Naraa,96,whisper,False
1469,2,23717,6:35:20,Aryan Ashish,90,whisper+youtube,False
1469,3,20357,5:39:20,Aryan Abhiji Desh Pande,84,youtube,False
1470,1,19541,5:25:44,Yovraj Pratap Singh,100,whisper,False
1470,2,21898,6:05:01,Aditya Pratap Singh,100,whisper,False
1470,3,20351,5:39:14,Akand Pratap Singh,100,whisper,False
1471,1,22005,6:06:48,Yashraj Dixit,100,whisper,False
1471,2,19415,5:23:38,Jaya Dipti Mishra,79,whisper,False
1471,3,12106,3:21:49,Aditi Sharma,78,youtube,False
1473,1,25633,7:07:16,Anul Patidar,96,youtube,True
1473,2,31967,8:52:50,Anu Kuntri Patim,87,whisper,False
1473,3,28644,7:57:27,Ashi Padairia,86,whisper+youtube,False
1474,1,24948,6:55:51,Arun Khatri,96,whisper+youtube,True
1474,2,29474,8:11:17,Karan Khatri,98,whisper+youtube,False
1474,3,31068,8:37:51,Muhammad Ayan Khan,88,youtube,False
1475,1,13002,3:36:45,Patnam Partha Venkita Sai,95,whisper,False
1475,2,23580,6:33:03,Siam Mahajan,88,whisper+youtube,True
1475,3,13456,3:44:19,Manan said,86,youtube,False
1476,1,25279,7:01:22,Kosanam Michael,99,youtube,True
1476,2,25354,7:02:37,Ich kann es nicht,78,whisper,True
1476,3,23045,6:24:08,Archie Sman Mishra,76,whisper,True
1477,1,24659,6:51:02,Hariji Singh,100,whisper+youtube,True
1477,2,26066,7:14:29,Hardik Mithilesh Kumar Singh,97,whisper+youtube,True
1477,3,13243,3:40:46,Arj Singhi,90,youtube,False
1478,1,9802,2:43:25,Abhay Kumar Devedi,84,whisper,False
1478,2,24470,6:47:53,Vive Kumar Vish Karma,82,whisper+youtube,True
1478,3,16799,4:40:02,Lived Kumar,80,whisper,False
1479,1,24958,6:56:01,Arpit,85,whisper+youtube,True
1479,2,23025,6:23:48,Arit Shukla,78,youtube,True
1479,3,10041,2:47:24,Adita Rajkumar,78,youtube,False
1480,1,18402,5:06:45,Kajel Raj,94,whisper+youtube,False
1480,2,25222,7:00:25,Utam Raj Kuman,88,youtube,True
1480,3,10046,2:47:29,Aditya Raj Kumar,88,whisper,False
1481,1,24995,6:56:38,Raghunandand Tomar,100,whisper+youtube,True
1481,2,17409,4:50:12,Ranjan Kumar,82,whisper+youtube,False
1481,3,26166,7:16:09,Rahul Kumar,81,whisper+youtube,True
1482,1,25187,6:59:50,Rajesh Ganesh Rukh,86,whisper,True
1482,2,30178,8:23:01,Rekans Raje Deshbok,83,whisper,False
1482,3,26060,7:14:23,Rakshit Rajohhit,83,whisper+youtube,True
1483,1,25646,7:07:29,Vikas Tmer,90,youtube,True
1483,2,29236,8:07:19,Vikas Kumar Singh,92,whisper+youtube,False
1483,3,27876,7:44:39,Vikas Kumar,92,whisper+youtube,False
1484,1,22980,6:23:03,Riyogendra Rajendra Savan,84,whisper+youtube,True
1484,2,23123,6:25:26,Arun Alva,83,whisper,True
1484,3,12069,3:21:12,Aran Sakena,81,youtube,False
1485,1,24673,6:51:16,Sarthak Yadu,92,whisper,True
1485,2,10896,3:01:39,Satyam Yadav,95,whisper+youtube,False
1485,3,27332,7:35:35,Sarthag Sambhav,81,whisper,True
1486,1,24648,6:50:51,Badenliya Jameesh,94,whisper+youtube,True
1486,2,26134,7:15:37,Ashkat Aadia,83,youtube,True
1486,3,24371,6:46:14,Himman Shu Pandi,79,youtube,True
1487,1,19803,5:30:06,Aditya Raj Shivasta,100,whisper+youtube,False
1487,2,21523,5:58:46,Aditi Shvastav,91,youtube,False
1487,3,17362,4:49:25,Aditi Shvasta,90,youtube,False
1488,1,24427,6:47:10,Priyanchu Kumar Singh,100,whisper+youtube,True
1488,2,17457,4:51:00,Riyanshi Singh,100,whisper+youtube,False
1488,3,12740,3:32:23,Priyanshu Singh,100,whisper+youtube,False
1489,1,30707,8:31:50,Tarun Shri,76,youtube,False
1489,2,25255,7:00:58,Harun PMR,76,youtube,True
1489,3,24948,6:55:51,Arun Khatri,71,whisper,True
1490,1,19461,5:24:24,Kothari Sujal Maloj,100,whisper+youtube,False
1490,2,22093,6:08:16,Ujwal Khomar,84,whisper,True
1490,3,21986,6:06:29,Suman Kumar,78,whisper+youtube,True
1491,1,19852,5:30:55,Rishies Ra,85,youtube,False
1491,2,27888,7:44:51,Radhin Lakma Everyone prair,83,youtube,False
1491,3,12878,3:34:41,Rida Raj,82,whisper,False
1492,1,28234,7:50:37,Mandar Nitan,81,youtube,False
1492,2,17219,4:47:02,Anushka Varma Nam Deo,79,whisper+youtube,False
1492,3,25669,7:07:52,Manua,77,youtube,False
1493,1,17499,4:51:42,Manas Dhuvedi,82,whisper,False
1493,2,22005,6:06:48,Yashraj Digshed,81,youtube,False
1493,3,21453,5:57:36,mana shastav,80,youtube,False
1494,1,25739,7:09:02,Akshhat Sony,93,youtube,False
1494,2,23810,6:36:53,Keshav Soni,89,whisper,False
1494,3,16156,4:29:19,Ashto Sony,86,youtube,False
1495,1,25313,7:01:56,pineapple rakes,91,youtube,False
1495,2,31951,8:52:34,Shri Rash Pillai,84,whisper,False
1495,3,23182,6:26:25,Ratesh Kamos Pillai,84,whisper,False
1496,1,13544,3:45:47,Adit Kajoshi,75,youtube,False
1496,2,26277,7:18:00,Karunachri,68,youtube,False
1496,3,15919,4:25:22,Danchi,68,youtube,False
1497,1,18488,5:08:11,Sahesh Preet Kaur,80,whisper+youtube,False
1497,2,14865,4:07:48,A third sate,71,youtube,False
1497,3,31769,8:49:32,Shatee Soni,70,whisper,False
1498,1,24976,6:56:19,Sarthak Mishra,100,whisper+youtube,False
1498,2,16430,4:33:53,Anurak Mishra,87,youtube,False
1498,3,24770,6:52:53,Miss is sat,84,youtube,False
1499,1,20357,5:39:20,Aryan Abhiji Desh Pande,74,youtube,False
1499,2,27112,7:31:55,Vijay,68,youtube,False
1499,3,14241,3:57:24,Vijay,68,youtube,False
1500,1,24912,6:55:15,Jatin Kushwaha,100,whisper+youtube,False
1500,2,29908,8:18:31,Kushal Patil,81,whisper,False
1500,3,23056,6:24:19,Hush Patin,81,youtube,False
1502,1,25436,7:03:59,SR Nitish,89,youtube,False
1502,2,18275,5:04:38,Come to this side,78,youtube,False
1502,3,17741,4:55:44,come to this side,78,youtube,False
1503,1,25200,7:00:03,Rudan Gupta,95,youtube,False
1503,2,23067,6:24:30,Ratesh Gupta,87,whisper,False
1503,3,17420,4:50:23,Himmanu Rajesh Gupta,87,youtube,False
1504,1,27907,7:45:10,Priyanshu Nilesh Chaudhry,85,whisper,False
1505,1,25679,7:08:02,Alna Kumari,92,youtube,False
1505,2,31665,8:47:48,Aman Kumar Anil Verma,92,whisper+youtube,False
1505,3,28219,7:50:22,Aman Kumar Raai,92,whisper+youtube,False
1507,1,24966,6:56:09,Chidej Kumar Shivas,99,whisper+youtube,False
1507,2,13298,3:41:41,Shana Sharish Kumar,95,whisper+youtube,False
1507,3,29107,8:05:10,Kushi Kumari,89,youtube,False
1508,1,29045,8:04:08,Rashi Dube,91,whisper+youtube,False
1508,2,30251,8:24:14,Dubet,74,youtube,False
1508,3,26492,7:21:35,Dubet,74,youtube,False
1509,1,25040,6:57:23,Pranchu Sachan,100,whisper+youtube,True
1509,2,10684,2:58:07,Pran Shush Chachan,90,whisper+youtube,False
1509,3,29976,8:19:39,Archa Prashad Nayer,84,youtube,False
1510,1,28058,7:47:41,Biju,85,whisper+youtube,False
1510,2,10575,2:56:18,for the award of Bachelor of Technology in Bi Engineering,83,whisper,False
1510,3,26651,7:24:14,A little bit more patience,77,whisper+youtube,True
1511,1,25004,6:56:47,Himanshu Sharva,100,whisper+youtube,True
1511,2,23888,6:38:11,Himmanshu Vishu Karma,95,whisper+youtube,True
1511,3,27563,7:39:26,Shivanch Sharma,92,whisper+youtube,True
1512,1,25117,6:58:40,Khushi Aherwar,100,whisper+youtube,True
1512,2,18139,5:02:22,Hushi Agarwal,89,whisper+youtube,False
1512,3,20139,5:35:42,Khushi Agriwal,87,whisper,False
1513,1,29342,8:09:05,Sania Shoria,85,whisper+youtube,False
1513,2,19582,5:26:25,Son Sarta Kershal,81,youtube,False
1513,3,13165,3:39:28,Sharan Sanas,80,whisper,False
1514,1,24794,6:53:17,Adhruv Kokadia,96,whisper+youtube,True
1514,2,24353,6:45:56,Harsh Anand Karika,83,whisper+youtube,True
1514,3,21843,6:04:06,Harsh Aditya,80,whisper,False
1515,1,25168,6:59:31,Anshuman Pujari,100,whisper+youtube,True
1515,2,31967,8:52:50,Anu Kuntri Patim,79,whisper,False
1515,3,29659,8:14:22,as it's a partial,78,youtube,False
1516,1,25128,6:58:51,Miss Annie Shiri,100,whisper+youtube,True
1516,2,23548,6:32:31,Goshi Siti Sandi,85,whisper+youtube,True
1516,3,31665,8:47:48,Aman Kumar Anil Verma,83,whisper,False
1517,1,25187,6:59:50,Rajesh Ganesh Rukh,96,whisper+youtube,True
1517,2,19280,5:21:23,Ganesh,80,youtube,False
1517,3,21333,5:55:36,Ganeshka,76,youtube,False
1518,1,10405,2:53:28,Priya Varma,99,whisper+youtube,False
1518,2,23620,6:33:43,Lakshmi Amrita,92,whisper+youtube,True
1518,3,23477,6:31:20,Miss Priyanka Vishu Karma,89,youtube,True
1519,1,25094,6:58:17,Rupin Metej Gore,100,whisper+youtube,True
1519,2,15185,4:13:08,Bear with us for some more time,87,whisper+youtube,False
1519,3,23652,6:34:15,Miss Rama Gre,86,youtube,True
1520,1,25101,6:58:24,Desai Parazhi,86,whisper,True
1520,2,16981,4:43:04,Raj Aryan,82,whisper+youtube,False
1520,3,19597,5:26:40,Arunabh De,81,whisper,False
1521,1,25051,6:57:34,Hiram Santosh,97,whisper+youtube,True
1521,2,8774,2:26:17,Santas Kumar Sahu,83,youtube,False
1521,3,22539,6:15:42,Miss Santosini Sahu,83,youtube,True
1522,1,25145,6:59:08,Miss April Sharma,95,whisper+youtube,True
1522,2,21170,5:52:53,Rajit Sharma,89,youtube,False
1522,3,28064,7:47:47,Arja Sharma,88,whisper,False
1523,1,25179,6:59:42,Bharat Kumar,100,whisper+youtube,True
1523,2,14195,3:56:38,Bharti Kumari,99,whisper+youtube,False
1523,3,26381,7:19:44,Adash Kumar Bharma,95,youtube,True
1524,1,24809,6:53:32,Sorav Jang,93,whisper+youtube,True
1524,2,20254,5:37:37,Suyash Bandi,76,youtube,False
1524,3,12051,3:20:54,your hand,74,youtube,False
1525,1,25110,6:58:33,Miss Sudesh Napan,90,whisper+youtube,True
1525,2,10684,2:58:07,Pran Shush Chachan,86,whisper,False
1525,3,20357,5:39:20,Aryan Abhiji Desh Pande,83,youtube,False
1526,1,24738,6:52:21,Alina Saji,94,whisper+youtube,True
1526,2,26624,7:23:47,Aperna Sajiv,86,youtube,True
1526,3,28866,8:01:09,Sanjana Lanka,83,whisper+youtube,False
1527,1,25136,6:58:59,Bhumika Sahu,100,whisper+youtube,True
1527,2,22617,6:17:00,Sachi Bhan Bhara,80,whisper+youtube,True
1527,3,16705,4:38:28,Sahu,80,youtube,False
1528,1,24721,6:52:04,Sathant Varma,89,whisper+youtube,True
1528,2,17275,4:47:58,Ishaan Varma,87,whisper+youtube,False
1528,3,24094,6:41:37,Ashita Verma,84,whisper,True
1529,1,24985,6:56:28,Kanish Chohan,100,whisper+youtube,True
1529,2,26330,7:18:53,Tanish Chauhan,94,whisper+youtube,True
1529,3,16375,4:32:58,Nishan Chow,78,youtube,False
1530,1,22210,6:10:13,Krishna Jayant Kumar Barochia,91,whisper+youtube,False
1530,2,30844,8:34:07,S Vijaya Krishna,88,youtube,False
1530,3,22743,6:19:06,Anjali Yash Krishnani,87,whisper,True
1531,1,25085,6:58:08,Tani Noaz Mazund,82,youtube,True
1531,2,32194,8:56:37,Make an easy Hey,76,youtube,False
1531,3,26791,7:26:34,Students on the right side please take your seats,76,whisper+youtube,True
1532,1,30528,8:28:51,Arpit Goyal,85,whisper+youtube,False
1532,2,24958,6:56:01,Arpit,80,youtube,True
1532,3,9763,2:42:46,and arpit string second rank,80,youtube,False
1533,1,25161,6:59:24,Pranchul Agraal,100,whisper+youtube,True
1533,2,13508,3:45:11,Anish Agarwal,91,whisper+youtube,False
1533,3,12864,3:34:27,Panisha Agarwal,88,whisper,False
1534,1,24462,6:47:45,Shrut Prada Singh,87,whisper+youtube,True
1534,2,25060,6:57:43,Saqine Vijendra,86,whisper,True
1534,3,23915,6:38:38,Prabal Singh,85,whisper+youtube,True
1535,1,25154,6:59:17,Anugra Allen,100,whisper+youtube,True
1535,2,14714,4:05:17,so all the graduates please be seated on the chair,86,whisper,False
1535,3,32114,8:55:17,all the faculty committee members please,83,youtube,False
1536,1,19769,5:29:32,Yash Singh,100,youtube,False
1536,2,17763,4:56:06,Yash Singh Ashok Singh Chawan,100,youtube,False
1536,3,18114,5:01:57,Syash Kumar,97,youtube,False
1537,1,24710,6:51:53,Parabh Parabh Pravi,98,whisper+youtube,True
1537,2,13617,3:47:00,Abhankar Pranav Pradeep,93,whisper+youtube,False
1537,3,21645,6:00:48,Arian Parag,92,whisper+youtube,False
1538,1,25004,6:56:47,Himanshu Sharva,87,whisper,True
1538,2,24786,6:53:09,Himmanu Shivas,85,youtube,True
1538,3,13202,3:40:05,Himanshu,85,whisper+youtube,False
1540,1,13617,3:47:00,Abhankar Pranav Pradeep,81,whisper+youtube,False
1540,2,12625,3:30:28,Pranav Kumar,81,whisper+youtube,False
1540,3,22841,6:20:44,Prane Mahajan,79,whisper+youtube,True
1541,1,26659,7:24:22,Everyone all the students please take your seats,82,whisper+youtube,True
1541,2,15226,4:13:49,let me sit here,78,whisper,False
1541,3,9898,2:45:01,Asena Sakina second rank,78,youtube,False
1542,1,25168,6:59:31,Anuman Pjari,80,whisper+youtube,True
1542,2,28575,7:56:18,Gia Pari,80,youtube,False
1542,3,17821,4:57:04,Pari Kalpesh Bhai mystery,80,youtube,False
1543,1,25582,7:06:25,Harita Pulipala,93,youtube,True
1543,2,18238,5:04:01,Harshita,83,whisper+youtube,False
1543,3,22370,6:12:53,Hari Priya,80,whisper+youtube,True
1544,1,25473,7:04:36,An Loti,87,youtube,True
1544,2,30122,8:22:05,Anand R,85,whisper+youtube,False
1544,3,26353,7:19:16,Lakshmi Kana,84,whisper+youtube,True
1545,1,25024,6:57:07,Kesha Kumar Cha,100,whisper+youtube,True
1545,2,29776,8:16:19,Rahul Kumar Jha,100,whisper+youtube,False
1545,3,27247,7:34:10,Abhishe Kumar Ja,95,whisper+youtube,True
1546,1,24926,6:55:29,Harsh Gautam,97,whisper+youtube,True
1546,2,18752,5:12:35,Dhanishta Gupta,92,whisper+youtube,False
1546,3,23687,6:34:50,Cosmo Dash Gupta,89,youtube,True
1547,1,14669,4:04:32,sit on the chair in the,83,whisper+youtube,False
1547,2,26588,7:23:11,please don't crowd in the ais,82,whisper+youtube,True
1547,3,10581,2:56:24,in Biotechnology who have been,74,whisper,False
1548,1,24894,6:54:57,Muhammad Atiola Shik,97,whisper+youtube,True
1548,2,16789,4:39:52,Muhammad Sakib Shahab,88,youtube,False
1548,3,26110,7:15:13,Shaki Sharma,87,whisper+youtube,True
1549,1,25485,7:04:48,Chi Goyel,90,youtube,True
1549,2,22461,6:14:24,Himra Soyel,83,whisper+youtube,True
1549,3,18318,5:05:21,Goya,77,youtube,False
1550,1,25781,7:09:44,Cheryl Tusul,86,youtube,True
1550,2,11158,3:06:01,I hereby dissolve the 7th annual,80,youtube,False
1550,3,26607,7:23:30,ceremony if you do this,71,youtube,True
1551,1,25399,7:03:22,Amro Robin Joseph,100,whisper+youtube,True
1551,2,24179,6:43:02,Abin Mano,80,whisper+youtube,True
1551,3,28350,7:52:33,Joseph,80,youtube,False
1552,1,25015,6:56:58,Pranaw Gupta,100,whisper+youtube,True
1552,2,29560,8:12:43,Abinav Gupta,94,whisper+youtube,False
1552,3,18080,5:01:23,Prahar Gupta,92,youtube,False
1553,1,24873,6:54:36,Akash Shiv Shankar,100,whisper+youtube,True
1553,2,22055,6:07:38,Akash Sharma,92,whisper+youtube,False
1553,3,27563,7:39:26,Shivanch Sharma,86,whisper+youtube,True
1554,1,14594,4:03:17,Sucheta Nandi,76,whisper+youtube,False
1554,2,14175,3:56:18,Pisha Nandi,76,whisper+youtube,False
1554,3,25532,7:05:35,Nanishori,72,youtube,True
1555,1,26104,7:15:07,Sakshi Sharma,92,whisper+youtube,True
1555,2,15068,4:11:11,Kashi Sharma,90,whisper+youtube,False
1555,3,14277,3:58:00,Saksham Sharma,87,whisper+youtube,False
1556,1,23377,6:29:40,Virat Shivasta,94,youtube,True
1556,2,15240,4:14:03,Sit down with your variant,82,whisper,False
1556,3,14060,3:54:23,Sasvat Vikram Singh,82,whisper,False
1557,1,25462,7:04:25,Muhammad Ashi,81,youtube,True
1557,2,26004,7:13:27,Ich wollte ja nicht gleich mal aussehen,70,whisper,True
1557,3,17693,4:54:56,Ahmed,65,youtube,False
1558,1,26146,7:15:49,Devansh Daga,90,whisper+youtube,True
1558,2,17947,4:59:10,Anish Kumar Jaisman,85,whisper+youtube,False
1558,3,13560,3:46:03,Anish Kumar Gupta,85,whisper+youtube,False
1559,1,23300,6:28:23,Mopi Devi Naga Saradwani,89,whisper+youtube,True
1559,2,25545,7:05:48,Da Nandan,83,youtube,True
1559,3,22913,6:21:56,Shiva Nandan Pi,82,youtube,True
1560,1,25595,7:06:38,Vishu Kalar,94,youtube,True
1560,2,24470,6:47:53,Vive Kumar Vish Karma,90,whisper+youtube,True
1560,3,22781,6:19:44,Kamia Vishu karma,88,youtube,True
1561,1,22850,6:20:53,Anima Vishwanath Pal,83,whisper+youtube,True
1561,2,25495,7:04:58,Titar pali,78,youtube,True
1561,3,26163,7:16:06,Vishal Malwal,73,youtube,True
1562,1,24436,6:47:19,Mavalla Krishna Kiriti,83,whisper+youtube,True
1562,2,23486,6:31:29,Miss Lashram Krishna Kumari,78,youtube,True
1562,3,25230,7:00:33,Mini Radish,76,youtube,True
1563,1,26757,7:26:00,Akshay J,78,whisper,True
1563,2,19297,5:21:40,Aksha Sharma,75,whisper,False
1563,3,21597,6:00:00,Akshat Raj,73,whisper,False
1564,1,26066,7:14:29,Hardik Mithilesh Kumar Singh,95,whisper+youtube,True
1564,2,8857,2:27:40,Amit Kumar Purohit,88,whisper,False
1564,3,15750,4:22:33,Amit Kumar,88,youtube,False
1565,1,22445,6:14:08,Teja Kumar Reddy,83,whisper,True
1565,2,30108,8:21:51,Jansin Saji,83,whisper,False
1565,3,10557,2:56:00,Sivani Shai,82,youtube,False
1566,1,31347,8:42:30,Amita Manish Sakre,78,youtube,False
1566,2,14006,3:53:29,Devans,78,whisper,False
1566,3,31006,8:36:49,Dear pita da,77,youtube,False
1567,1,16872,4:41:15,Abhinav,80,youtube,False
1567,2,27580,7:39:43,Vaishnavi Tyre,78,whisper,True
1567,3,15199,4:13:22,expected to behave,77,youtube,False
1568,1,24222,6:43:45,Shivani Thakur,74,whisper+youtube,True
1568,2,28080,7:48:03,Shashank Anand Ashin Ny,70,youtube,False
1568,3,20535,5:42:18,Chokra Jai Chokra Varthi,70,whisper,False
1569,1,24884,6:54:47,Krishna Girdhari Bhawan,100,whisper+youtube,True
1569,2,14077,3:54:40,Boyr Chaitanya Baal Krishna,90,whisper,False
1569,3,28203,7:50:06,Risha Badua,88,whisper+youtube,False
1570,1,18513,5:08:36,Vijay Verma,84,whisper,False
1570,2,25646,7:07:29,Vikas Tmer,82,youtube,True
1570,3,15194,4:13:17,Please take a seat every one of you,75,youtube,False
1571,1,24865,6:54:28,Duresh Kumar Singh,100,whisper+youtube,True
1571,2,24005,6:40:08,Kresh Singh Bas,95,whisper+youtube,True
1571,3,29567,8:12:50,Survesh Kumar,90,youtube,False
1572,1,25810,7:10:13,Shubhham Ratar,88,youtube,True
1572,2,24873,6:54:36,Akash Shibham Pratab Singh,85,whisper+youtube,True
1572,3,24617,6:50:20,Anshuman Rath,82,whisper,True
1573,1,10746,2:59:09,Ashi Solani,96,whisper+youtube,False
1573,2,14465,4:01:08,Rupesh Ajit Kumar Soni,94,whisper+youtube,False
1573,3,25817,7:10:20,Akit Sony,90,youtube,True
1574,1,25968,7:12:51,Modi Aika,77,youtube,True
1574,2,20574,5:42:57,Modi,69,youtube,False
1574,3,10189,2:49:52,Mohit,68,whisper,False
1575,1,24698,6:51:41,Shik Samir,94,whisper+youtube,True
1575,2,24136,6:42:19,Sheikh Osama,90,whisper+youtube,True
1575,3,30549,8:29:12,Sam Singh,86,whisper+youtube,False
1576,1,24941,6:55:44,Rohit Kumar,100,whisper+youtube,True
1576,2,10162,2:49:25,Rohit Kumar,100,whisper+youtube,False
1576,3,8857,2:27:40,Amit Kumar Purohit,100,whisper+youtube,False
1577,1,10804,3:00:07,Anura Yadav,100,whisper+youtube,False
1577,2,18377,5:06:20,Anju Yadav,95,whisper+youtube,False
1577,3,28621,7:57:04,Anipra Pandia,81,whisper+youtube,True
1578,1,28663,7:57:46,Aditya Dashputra,100,whisper+youtube,True
1578,2,28815,8:00:18,Aditya Kumar Sahu,92,whisper+youtube,True
1578,3,19833,5:30:36,adita shasta,85,youtube,False
1579,1,27158,7:32:41,Ujual Sharma,92,youtube,True
1579,2,17199,4:46:42,Patil Jaya Sharad,83,whisper,False
1579,3,29055,8:04:18,Samriti Jaswal,81,whisper+youtube,True
1580,1,26283,7:18:06,Anshul Sharma,100,whisper+youtube,True
1580,2,17623,4:53:46,Devia Anzel Rahul Sharma,96,whisper+youtube,False
1580,3,24063,6:41:06,Arush Sharma,93,whisper+youtube,False
1581,1,19803,5:30:06,Aditya Raj Shivasta,88,whisper+youtube,False
1581,2,14103,3:55:06,Ria Sat Deva,78,whisper,False
1581,3,26655,7:24:18,This is your day of celebration please sit down,73,whisper,True
1582,1,27112,7:31:55,Vijay,80,youtube,True
1582,2,14241,3:57:24,Vijay,80,youtube,False
1582,3,27000,7:30:03,Via Sharma,79,youtube,True
1583,1,21653,6:00:56,Aditya Radeesh,92,whisper+youtube,False
1583,2,21843,6:04:06,Hersh Adit,84,youtube,False
1583,3,14948,4:09:11,Dhal hers pandit,81,youtube,False
1584,1,26249,7:17:32,Meda Sanjeev Harshev,100,whisper+youtube,True
1584,2,23871,6:37:54,Harsh Mewada,93,whisper+youtube,False
1584,3,9951,2:45:54,automation as San Anon,81,youtube,False
1585,1,22046,6:07:29,Priyanshu Raj,100,whisper+youtube,False
1585,2,16981,4:43:04,Raj Aryan,92,whisper+youtube,False
1585,3,13634,3:47:17,Mati Raj Prashan,91,whisper,False
1586,1,24848,6:54:11,Shoubh Pratab Singh,100,whisper+youtube,True
1586,2,22502,6:15:05,Aditya Pratap Singh,100,whisper+youtube,False
1586,3,19541,5:25:44,Yovraj Pratap Singh,100,whisper,False
1587,1,28976,8:02:59,Prerna Kumari,100,whisper+youtube,True
1587,2,12625,3:30:28,Prana Kumar,96,whisper+youtube,False
1587,3,28487,7:54:50,Shrea Kumari,90,whisper+youtube,True
1588,1,26119,7:15:22,Yura Singh,100,whisper+youtube,True
1588,2,17653,4:54:16,Yavrat Singh Pushwal,100,whisper+youtube,False
1588,3,19541,5:25:44,Yovraj Pratap Singh,100,whisper+youtube,False
1589,1,27256,7:34:19,Saty Prakash,98,youtube,True
1589,2,22055,6:07:38,Akash Sharma,87,whisper+youtube,False
1589,3,19153,5:19:16,Patan Chetan Prakash,87,whisper,False
1590,1,28986,8:03:09,Andrika Kashyap,100,whisper+youtube,False
1590,2,28072,7:47:55,Kashinath Ar,82,whisper,True
1590,3,24353,6:45:56,Harsh Anand Karika,81,whisper+youtube,True
1591,1,28996,8:03:19,Devanshi Mahatur,100,whisper+youtube,False
1591,2,28858,8:01:01,Diva Matur,84,whisper+youtube,True
1591,3,25920,7:12:03,Dhanish Mahajan,83,youtube,True
1592,1,28653,7:57:36,Aishwarya Tripathi,100,whisper+youtube,True
1592,2,12761,3:32:44,Prith Ashwain,79,whisper,False
1592,3,28876,8:01:19,Tripati,78,youtube,True
1593,1,26206,7:16:49,Kushi Tripathi,100,whisper+youtube,True
1593,2,28579,7:56:22,Kushi Pandit,82,whisper+youtube,True
1593,3,9849,2:44:12,Sangas Kruthi Srinath,79,whisper,False
1594,1,14669,4:04:32,sit on the chair in the,87,whisper+youtube,False
1594,2,27925,7:45:28,Vive Ch Johan,85,whisper+youtube,True
1594,3,14532,4:02:15,Chetraan Srivas,85,whisper,False
1595,1,27216,7:33:39,Aman Pratap,100,whisper+youtube,True
1595,2,20351,5:39:14,Akand Pratap Singh,95,whisper+youtube,False
1595,3,28219,7:50:22,Aman Kumar Raai,88,whisper,True
1596,1,26200,7:16:43,Bedula Bala Gayatri,100,whisper+youtube,True
1596,2,28043,7:47:26,Ashish Balav Gowami,80,youtube,True
1596,3,15586,4:19:49,Gayatri,80,youtube,False
1597,1,31548,8:45:51,Ishaan Rakhecha,100,whisper+youtube,False
1597,2,19298,5:21:41,Akshhat Sharma,83,whisper+youtube,False
1597,3,24277,6:44:40,Upashna Rae,82,whisper+youtube,True
1598,1,26074,7:14:37,Sachin Chandra,100,whisper+youtube,True
1598,2,19233,5:20:36,Laksh Sachin Bharat Dhuaj,92,whisper+youtube,False
1598,3,18279,5:04:42,Anushka Sachin Mandar,89,youtube,False
1599,1,17409,4:50:12,Ranjan Kumar,90,whisper+youtube,False
1599,2,15001,4:10:04,Nisarg Vinod Kumar Gajar,90,whisper,False
1599,3,27970,7:46:13,Aman Kumar Singh,87,whisper+youtube,True
1600,1,26084,7:14:47,Ashutosh Mischra,98,whisper,True
1600,2,22589,6:16:32,Sh Mishra,88,youtube,False
1600,3,13151,3:39:14,akshhat mishra,87,youtube,False
1601,1,31735,8:48:58,Avira Deet Singh,88,whisper,False
1601,2,25925,7:12:08,We need sing,86,youtube,True
1601,3,28303,7:51:46,Devendra Singh,82,whisper,True
1602,1,26886,7:28:09,Kundan Mandal,100,whisper+youtube,True
1602,2,19219,5:20:22,Ronit Kumar Mandal,93,whisper+youtube,False
1602,3,16000,4:26:43,Naman Kundan,87,youtube,False
1603,1,22279,6:11:22,Gyan Ranjya Mohanta,96,whisper+youtube,False
1603,2,27234,7:33:57,Rona Gyan,87,whisper+youtube,True
1603,3,9961,2:46:04,Droop gah third rank,83,youtube,False
1604,1,28927,8:02:10,Aditya Raj Singh,100,whisper+youtube,True
1604,2,29936,8:18:59,Aditya Singh,100,whisper,False
1604,3,22502,6:15:05,Aditya Pratap Singh,100,whisper+youtube,False
1605,1,29810,8:16:53,Anika Tak,98,whisper+youtube,False
1605,2,23728,6:35:31,Miss Banisha Takur,89,whisper+youtube,False
1605,3,20709,5:45:12,Tan Kasha,87,youtube,False
1606,1,27345,7:35:48,Sumit Kumar,99,whisper+youtube,True
1606,2,16817,4:40:20,Sumit Kumar Tiwari,99,whisper+youtube,False
1606,3,13394,3:43:17,Surjit Kumar,92,whisper+youtube,False
1607,1,27248,7:34:11,Abhishek Kumar Ja,100,whisper+youtube,True
1607,2,29776,8:16:19,Rahul Kumar Jha,100,whisper+youtube,False
1607,3,21091,5:51:34,Abhishek Kumar Singh,100,youtube,False
1608,1,26134,7:15:37,Ashkat Aadia,97,whisper+youtube,True
1608,2,26548,7:22:31,Anway Arsha,86,whisper+youtube,True
1608,3,28459,7:54:22,Akshad Agraal,78,youtube,True
1609,1,26262,7:17:45,Vaish Ajit Unan,100,whisper+youtube,True
1609,2,27518,7:38:41,Vishal Rajcotia,84,whisper+youtube,True
1609,3,16907,4:41:50,Shri Pati Vaibhav Maitre,81,whisper,False
1610,1,24214,6:43:37,Jyoti Singh Rajput,100,whisper+youtube,True
1610,2,26048,7:14:11,Arian Singh Rajput,100,whisper+youtube,True
1610,3,28927,8:02:10,Aditya Raj Singh,99,whisper+youtube,True
1611,1,27224,7:33:47,Draven Goswami,100,whisper+youtube,True
1611,2,23608,6:33:31,Goshi Vinay Desai,79,whisper,False
1611,3,24556,6:49:19,Swami Das,79,youtube,True
1612,1,27663,7:41:06,Nari Sarah Chandra Narayana Rao,85,whisper+youtube,True
1612,2,27262,7:34:25,Kartik Naya,82,youtube,True
1612,3,24582,6:49:45,Rathik Panigrayi,81,whisper,True
1613,1,26276,7:17:59,M Karuna Shri,92,whisper,True
1613,2,30742,8:32:25,Shree Khan Patnaayar,94,whisper+youtube,False
1613,3,28115,7:48:38,Shre Agraal,86,whisper+youtube,True
1614,1,26023,7:13:46,Tanvi Patthag,100,whisper+youtube,True
1614,2,29286,8:08:09,Tanvi Patkare,92,whisper,True
1614,3,12510,3:28:33,Tiwari Parth Anand,84,whisper+youtube,False
1615,1,23780,6:36:23,Aayush Sharma,91,whisper+youtube,False
1615,2,24064,6:41:07,Miss Arush Sharma,90,whisper+youtube,False
1615,3,27398,7:36:41,Hemanshu Mishra,88,whisper+youtube,True
1616,1,25994,7:13:17,Nishita Baragi,96,youtube,True
1616,2,28211,7:50:14,Risha Barua,88,whisper+youtube,True
1616,3,20855,5:47:38,Ishan Bi Si,83,youtube,False
1617,1,27240,7:34:03,Rajiv Branjan,96,whisper+youtube,True
1617,2,31695,8:48:18,Rajeev Ranjan Patapsing,100,whisper+youtube,False
1617,3,27712,7:41:55,Pandan Raj,88,whisper+youtube,True
1618,1,26238,7:17:21,Aayushman Jambal,100,whisper+youtube,True
1618,2,27489,7:38:12,Aayushman Tawari,83,youtube,True
1618,3,26004,7:13:27,Ich wollte ja nicht gleich mal aussehen,79,whisper,True
1619,1,27631,7:40:34,Ragini Kumari,100,whisper+youtube,True
1619,2,10568,2:56:11,Kumari Pragarani,90,whisper,False
1619,3,28219,7:50:22,Aman Kumar Raai,88,whisper,True
1620,1,25920,7:12:03,Dhanish Mahajan,98,youtube,True
1620,2,28996,8:03:19,Devanshi Mahatur,88,whisper+youtube,True
1620,3,26140,7:15:43,Anshul Madhan,83,whisper,True
1621,1,27176,7:32:59,Adria Pande,97,youtube,True
1621,2,30234,8:23:57,Aditya Pandey,91,whisper,False
1621,3,28623,7:57:06,Anipra Pandya,86,whisper+youtube,True
1622,1,26043,7:14:06,Akshhat Agarwal,100,whisper+youtube,True
1622,2,28461,7:54:24,Akshed Agarwal,98,whisper+youtube,True
1622,3,12864,3:34:27,Kanisha Agaral,93,whisper+youtube,False
1623,1,22768,6:19:31,Shishant Rao,86,whisper,False
1623,2,13202,3:40:05,Himanshu,85,whisper+youtube,False
1623,3,22046,6:07:29,Priyanshu Raj,81,whisper,False
1624,1,9357,2:36:00,Artificial Intelligence Data Science,82,whisper+youtube,False
1624,2,28125,7:48:48,Vas Arjun G,82,whisper+youtube,True
1624,3,28663,7:57:46,Aditya Dashputra,81,whisper+youtube,True
1625,1,26128,7:15:31,Yura Singh,100,whisper+youtube,True
1625,2,19541,5:25:44,Yovraj Pratap Singh,100,whisper+youtube,False
1625,3,17057,4:44:20,Yuvra Singh Naruka,98,youtube,False
1626,1,16865,4:41:08,Anirut Shrivastava,92,whisper+youtube,False
1626,2,29820,8:17:03,Atharva Shastrakar,85,whisper+youtube,False
1626,3,22013,6:06:56,Shri Hari Jayamthi Hilwadi,82,whisper,False
1627,1,26074,7:14:37,Sachin Chandra,96,whisper+youtube,True
1627,2,31522,8:45:25,Nakshi Chadri,94,whisper+youtube,False
1627,3,21862,6:04:25,Sam Rajas Chandra Shakhar,94,whisper+youtube,False
1628,1,10615,2:56:58,Nitul Das and,88,whisper+youtube,False
1628,2,26424,7:20:27,Nanil Das,87,whisper+youtube,True
1628,3,28234,7:50:37,Mandar Nitan,85,whisper+youtube,True
1629,1,29803,8:16:46,Nahal Vas,90,youtube,False
1629,2,27466,7:37:49,Nehloh Das Gupta,80,whisper,True
1629,3,25708,7:08:31,kaji methal Yeah,74,youtube,True
1630,1,24848,6:54:11,Shoubh Pratab Singh,84,whisper+youtube,True
1630,2,26000,7:13:23,Agnihotri,80,youtube,True
1630,3,16765,4:39:28,Shri Shukla Ah,78,youtube,False
1631,1,26229,7:17:12,Anshit Kumar,100,whisper+youtube,True
1631,2,13560,3:46:03,Anish Kumar Gupta,100,whisper+youtube,False
1631,3,17947,4:59:10,Anish Kumar Jaisman,100,whisper+youtube,False
1632,1,23717,6:35:20,Aryan Ashish,92,whisper+youtube,False
1632,2,21625,6:00:28,Aryan Parabh Gaikloth,92,whisper+youtube,False
1632,3,13952,3:52:35,Paryag Anil Thakur,91,whisper,False
1633,1,29045,8:04:08,Rashi Dube,90,whisper+youtube,True
1633,2,25908,7:11:51,Dub Anju,87,youtube,True
1633,3,14376,3:59:39,Danish Ansari,86,whisper+youtube,False
1634,1,24848,6:54:11,Shoubh Pratab Singh,100,whisper+youtube,True
1634,2,21898,6:05:01,Aditya Pratap Singh,100,whisper+youtube,False
1634,3,13701,3:48:24,Yusra Singh Thakur,100,whisper,False
1635,1,30628,8:30:31,Gaurav Ashok,100,whisper+youtube,False
1635,2,21126,5:52:09,Gautam Ashoke,91,youtube,False
1635,3,29440,8:10:43,Gautam Singh Koshik,84,whisper+youtube,True
1636,1,12250,3:24:13,Radhika Bhasin,86,whisper+youtube,False
1636,2,27480,7:38:03,Rishika Ratesh Shavasti,85,whisper+youtube,True
1636,3,31707,8:48:30,Shri Rita Shah,81,whisper,False
1637,1,21032,5:50:35,Chakshika Pawar,100,youtube,False
1637,2,26330,7:18:53,Tanish Chauhan,82,whisper+youtube,True
1637,3,24761,6:52:44,Miss Ashish as Pasad,81,whisper+youtube,True
1638,1,26880,7:28:03,Rajid Chailesh Shivastra,97,whisper+youtube,True
1638,2,19803,5:30:06,Aditya Raj Shivasta,89,whisper,False
1638,3,28703,7:58:26,Axit Shvastav,88,whisper+youtube,True
1639,1,26221,7:17:04,Shreya Sharma,100,whisper+youtube,True
1639,2,22297,6:11:40,Shreyan Sharma,100,whisper+youtube,False
1639,3,24328,6:45:31,Shri Vardhan Sharma,96,whisper+youtube,True
1640,1,18488,5:08:11,Sah Pri call,96,whisper+youtube,False
1640,2,10687,2:58:10,Pran Shu Chachan,91,whisper+youtube,False
1640,3,9658,2:41:01,Saha Priyang Si second rank,90,whisper+youtube,False
1641,1,21270,5:54:33,Rajep Patil,97,youtube,False
1641,2,13429,3:43:52,Prati Raj Mishra,92,whisper+youtube,False
1641,3,15128,4:12:11,patel hersel rajind,91,whisper+youtube,False
1642,1,26009,7:13:32,Tapastia Singh,96,youtube,True
1642,2,32037,8:54:00,Vaishnavi Singh Parihar,100,whisper+youtube,False
1642,3,8859,2:27:42,Puspender Singh Pa V Ait Kumar Puroit,95,whisper+youtube,False
1643,1,18676,5:11:19,Second block students kindly sit at the,78,youtube,False
1643,2,26791,7:26:34,Students on the right side please take your seats,77,whisper,True
1643,3,26720,7:25:23,Student sending on the right side please take your seats,77,whisper,True
1644,1,19037,5:17:20,Saurabh Kumar Rajdev,100,whisper+youtube,False
1644,2,14095,3:54:58,Shoubhham Kumar,95,whisper+youtube,False
1644,3,10046,2:47:29,Aditya Raj Kumar,94,whisper,False
1645,1,25968,7:12:51,Modi Aika,86,youtube,True
1645,2,22417,6:13:40,Miss Harika Sun Bha,83,youtube,False
1645,3,30190,8:23:13,Suani Shinha,82,youtube,False
1646,1,26292,7:18:15,Aman Agarwal,100,whisper+youtube,True
1646,2,27721,7:42:04,Manan Agrawal,86,whisper,True
1646,3,28322,7:52:05,Amita Agarwal,83,youtube,True
1647,1,25987,7:13:10,Nandani Modi,95,youtube,True
1647,2,20574,5:42:57,Modi,80,youtube,False
1647,3,28545,7:55:48,Mahin Nain,73,whisper,True
1648,1,25979,7:13:02,Anuras Sahu,97,youtube,True
1648,2,24156,6:42:39,An Sahu,91,youtube,False
1648,3,21076,5:51:19,Shu Rana,84,youtube,False
1649,1,24912,6:55:15,Jatin Kushwaha,86,whisper+youtube,True
1649,2,27789,7:43:12,Mahi Jan,84,youtube,True
1649,3,30577,8:29:40,Mahi Jin Dal,83,youtube,False
1650,1,26270,7:17:53,Prenna Pingle,96,whisper+youtube,True
1650,2,24462,6:47:45,Shrut Prada Singh,80,whisper+youtube,True
1650,3,26715,7:25:18,Pina Pee Priya,79,whisper,True
1651,1,10894,3:01:37,Patel Gurudas Rajendra,84,youtube,False
1651,2,27419,7:37:02,Bavera Jan,80,whisper,True
1651,3,13065,3:37:48,Mani Anish Jitendra,79,whisper,False
1652,1,20246,5:37:29,meet Adula,74,youtube,False
1653,1,29016,8:03:39,Shri Padi Lakshmi Sharanya,97,whisper+youtube,True
1653,2,26223,7:17:06,Shria Sharma,85,youtube,True
1653,3,22297,6:11:40,Shrian Sharma,83,youtube,False
1654,1,26716,7:25:19,Pinataki Priya,100,whisper+youtube,True
1654,2,10790,2:59:53,security Miss Pinaki Priya,100,whisper+youtube,False
1654,3,26911,7:28:34,Priyan and,77,youtube,True
1655,1,27907,7:45:10,Priyanshu Nilesh Chaudhry,83,whisper,True
1655,2,30260,8:24:23,Sopriya Mishra,83,whisper,False
1655,3,10780,2:59:43,Shukla Thrashtra Prisman,82,whisper,False
1656,1,27887,7:44:50,Rudhin Luxman Praveen,80,whisper+youtube,True
1656,2,8930,2:28:53,also Luxmi R,73,youtube,False
1656,3,25136,6:58:59,Miss Bumika Sahu,69,whisper+youtube,True
1657,1,13282,3:41:25,Om Prasad Bahira,80,whisper+youtube,False
1657,2,19135,5:18:58,Bavar Om Somnath,77,whisper,False
1657,3,28043,7:47:26,Ashish Balav Gowami,76,whisper+youtube,True
1658,1,17083,4:44:46,Ishita Khalsa Bhanik,90,whisper,False
1658,2,22110,6:08:33,Akshita Bhutta,85,whisper,False
1658,3,24362,6:46:05,Shriya Bhattacharya,83,whisper,True
1659,1,18279,5:04:42,Anushka Sachin Mandar,100,whisper+youtube,False
1659,2,22824,6:20:27,Tanushka Saho,93,whisper+youtube,False
1659,3,26074,7:14:37,Sachin Chandra,91,whisper+youtube,True
1660,1,13252,3:40:55,Shubh Maharotra,76,whisper+youtube,False
1660,2,28478,7:54:41,Shubhadi Paldar,72,whisper,True
1660,3,26000,7:13:23,Shubi,71,youtube,True
1661,1,21399,5:56:42,Tahil Singh,93,youtube,False
1661,2,26385,7:19:48,Jasper Singh Sandhu,93,whisper+youtube,True
1661,3,15709,4:21:52,Swapnil Singh,91,youtube,False
1662,1,26116,7:15:19,Nidi Kamar,96,whisper+youtube,True
1662,2,26948,7:29:11,Ma Karya Niddhas Chandraipai,86,whisper+youtube,True
1662,3,22684,6:18:07,Nikhil Kumar,84,whisper+youtube,False
1663,1,22401,6:13:24,Kush Singh,100,whisper+youtube,False
1663,2,19757,5:29:20,Sagar Singh Kushwaha,100,whisper+youtube,False
1663,3,24006,6:40:09,Krish Singh,95,whisper+youtube,False
1664,1,23163,6:26:06,Sajab Rajabana Patish Ruti,85,whisper,False
1664,2,31286,8:41:29,Rudra Kanesh Singh,83,whisper+youtube,False
1664,3,25442,7:04:05,Satish K,80,youtube,True
1665,1,30064,8:21:07,Ananda Halder,100,whisper+youtube,False
1665,2,27438,7:37:21,Ananya Sharma,88,whisper+youtube,True
1665,3,27641,7:40:44,Anand Pande,85,whisper+youtube,True
1666,1,26690,7:24:53,Perika Nail Jaya Kumar,94,whisper+youtube,True
1666,2,29177,8:06:20,Dika T Ner,88,whisper+youtube,True
1666,3,12446,3:27:29,Air Di,86,youtube,False
1667,1,18055,5:00:58,Arviyan Abhay Kumar Pachore,96,whisper,False
1667,2,22210,6:10:13,Krishna Jayant Kumar Barochia,96,whisper+youtube,False
1667,3,28219,7:50:22,Aman Kumar Raai,95,whisper+youtube,True
1668,1,21391,5:56:34,Vertika Singh,96,youtube,False
1668,2,27546,7:39:09,Karthikh Singh,94,whisper+youtube,True
1668,3,31735,8:48:58,Avira Deet Singh,94,whisper+youtube,False
1669,1,26757,7:26:00,Akshay J,78,whisper,True
1669,2,19297,5:21:40,Aksha Sharma,75,whisper,False
1669,3,28459,7:54:22,Akshad Agraal,73,youtube,True
1670,1,29097,8:05:00,Nishika Jen and,76,youtube,True
1670,2,26004,7:13:27,Ich wollte ja nicht gleich mal aussehen,72,whisper,True
1670,3,25354,7:02:37,Ich kann es nicht,72,whisper,True
1671,1,26741,7:25:44,Jigisha Dharaskar,100,whisper+youtube,True
1671,2,19359,5:22:42,Prakhar Mishra,83,whisper+youtube,False
1671,3,29007,8:03:30,Disha Chakraarti,81,whisper+youtube,True
1672,1,25857,7:11:00,Niha Kohi,90,youtube,True
1672,2,27939,7:45:42,Kohli,80,youtube,True
1672,3,15254,4:14:17,Oh,64,youtube,False
1673,1,29940,8:19:03,Sakriti Dev,87,whisper,False
1674,1,29075,8:04:38,Aasta pancholi,100,whisper+youtube,True
1674,2,27760,7:42:43,Tasha Chahar,87,whisper+youtube,True
1674,3,20735,5:45:38,Ash Panchan Singh,86,youtube,False
1675,1,28452,7:54:15,Aditya Sajjan,83,whisper+youtube,True
1675,2,27022,7:30:25,Ria Walsan,81,youtube,True
1675,3,26300,7:18:23,Yamini Masan,78,whisper+youtube,True
1676,1,26511,7:21:54,Shreya Malik,100,whisper+youtube,True
1676,2,28486,7:54:49,Shreya Kumari,87,whisper+youtube,True
1676,3,24086,6:41:29,Mahi Sharma,85,whisper+youtube,True
1677,1,31813,8:50:16,harsh,85,whisper+youtube,False
1677,2,26801,7:26:44,Harsh girl,83,whisper,True
1677,3,26249,7:17:32,Harsh,80,youtube,True
1678,1,26774,7:26:17,Nupur Sagar,94,whisper,True
1678,2,26644,7:24:07,I we will call you upon the stage when,80,whisper+youtube,True
1678,3,12370,3:26:13,Chinak Sharma No,78,youtube,False
1680,1,26491,7:21:34,Tandariya Dube,94,whisper+youtube,True
1680,2,30251,8:24:14,Dubet,77,youtube,False
1680,3,24865,6:54:28,Duresh Kumar Singh,72,youtube,True
1681,1,31103,8:38:26,Priyanchu Sharma,98,youtube,False
1681,2,27977,7:46:20,Pratush Sharma,95,whisper+youtube,True
1681,3,10416,2:53:39,Priya Bharma,95,whisper+youtube,False
1682,1,27041,7:30:44,Lakshmi Shraia,95,whisper+youtube,True
1682,2,29016,8:03:39,Shri Padi Lakshmi Sharanya,91,whisper+youtube,True
1682,3,28693,7:58:16,Ashmita Sar,83,whisper+youtube,True
1683,1,27439,7:37:22,Ana Sharma,91,whisper+youtube,True
1683,2,26359,7:19:22,Pran Shia,91,whisper+youtube,True
1683,3,28496,7:54:59,Shardul Rana,90,whisper+youtube,True
1684,1,26449,7:20:52,Babar Addi Badrinath,100,whisper+youtube,True
1684,2,9533,2:38:56,Adita Din Josie,85,youtube,False
1684,3,26530,7:22:13,Aditi Narendha,85,whisper,True
1685,1,29474,8:11:17,Karan Khatri,100,whisper+youtube,False
1685,2,24948,6:55:51,Arun Khatri,94,whisper+youtube,True
1685,3,23077,6:24:40,Kartik Karnal,93,whisper+youtube,False
1686,1,26698,7:25:01,Shanika Dhag,100,whisper+youtube,True
1686,2,9154,2:32:37,Sanra Sanjay Dang Supervisor Dr,89,whisper+youtube,False
1686,3,30370,8:26:13,Dave Sarai first,80,youtube,False
1687,1,24094,6:41:37,Ashita Verma,82,whisper,True
1687,2,20591,5:43:14,Dipayankar Riyabel Chobam Varma,81,whisper,False
1687,3,9589,2:39:52,IU Sarma Huh,77,youtube,False
1688,1,26316,7:18:39,Watsal Arora,99,whisper+youtube,True
1688,2,10904,3:01:47,Aryan Vinay Vaja,79,whisper,False
1688,3,19709,5:28:32,Aryan Krishna Avasti,77,whisper,False
1689,1,18463,5:07:46,Us Singh Badora,87,youtube,False
1689,2,26385,7:19:48,Jasper Singh Sandhu,82,whisper,True
1690,1,28349,7:52:32,Ryan Santosh Joseph,100,whisper+youtube,True
1690,2,9676,2:41:19,Rohar Nidi Santos third rank,96,whisper+youtube,False
1690,3,25399,7:03:22,Amro Robin Joseph,87,whisper+youtube,True
1691,1,29424,8:10:27,Amit Gunjan Jha,94,whisper+youtube,False
1691,2,28452,7:54:15,Aditya Sajjan,87,whisper+youtube,True
1691,3,23344,6:29:07,Adityan Dayanandan,87,whisper,False
1692,1,29376,8:09:39,Palavi Mohan,100,whisper+youtube,True
1692,2,14949,4:09:12,Mayank Khan Pal,88,whisper+youtube,False
1692,3,21177,5:53:00,Mohak Nithin Gopali,83,whisper,False
1693,1,29937,8:19:00,Aditi Singh,100,whisper+youtube,False
1693,2,22502,6:15:05,Adita Prattab Singh,100,whisper+youtube,False
1693,3,21898,6:05:01,Adita Prattab Singh,100,whisper+youtube,False
1694,1,24307,6:45:10,Karthik Am,78,whisper,True
1694,2,22873,6:21:16,Bhava Mu,78,youtube,False
1694,3,23926,6:38:49,Bhavishya Kamal,77,whisper,False
1695,1,16885,4:41:28,Abhinav Vasishta,83,whisper+youtube,False
1695,2,20102,5:35:05,Abhai Bhal,79,youtube,False
1695,3,26091,7:14:54,Diksha Bharat,78,youtube,True
1696,1,28064,7:47:47,Arja Sharma,89,whisper+youtube,True
1696,2,21862,6:04:25,Samas Rajas Chandrashekar,88,whisper+youtube,False
1696,3,26102,7:15:05,Samar Fazad,87,whisper,True
1697,1,29924,8:18:47,Nithya Santosh,100,whisper+youtube,False
1697,2,28815,8:00:18,Aditya Kumar Sahu,84,whisper+youtube,True
1697,3,28927,8:02:10,Aditya Raj Singh,79,whisper+youtube,True
1698,1,22930,6:22:13,Miss Ashita Singh,100,whisper+youtube,False
1698,2,30421,8:27:04,Anushta Singh,100,whisper+youtube,False
1698,3,29027,8:03:50,Rakshita Krithi Singh,98,whisper+youtube,True
1699,1,26768,7:26:11,Lokeshwarya,71,whisper,True
1699,2,15847,4:24:10,lashwaran,66,youtube,False
1699,3,30676,8:31:19,Lesh Puri,65,youtube,False
1700,1,12510,3:28:33,Tiwari Parth Anand,90,whisper,False
1700,2,13332,3:42:15,Rithik Tiwari,87,whisper,False
1700,3,8749,2:25:52,Tarti Sharma,81,youtube,False
1701,1,25869,7:11:12,Asharia sayati,85,youtube,True
1701,2,10581,2:56:24,11 others in absentia for the award of B,82,whisper+youtube,False
1701,3,10644,2:57:27,absentia for the award of Bachelor of,77,youtube,False
1702,1,23356,6:29:19,Punal Kumar,93,youtube,False
1702,2,22093,6:08:16,Udual Kumar,87,youtube,False
1702,3,28884,8:01:27,Shweta Anil Kumar Nayar,87,whisper+youtube,True
1703,1,29074,8:04:37,Astha Pancholi,82,whisper+youtube,True
1703,2,19843,5:30:46,Anul bank,82,whisper+youtube,False
1703,3,28553,7:55:56,Manas Patak,81,whisper+youtube,True
1704,1,27071,7:31:14,Palak Sony,94,youtube,True
1704,2,12827,3:33:50,So mala,82,youtube,False
1704,3,29383,8:09:46,Palavi Moan,78,youtube,True
1705,1,24054,6:40:57,Miss Tanisha Yadav,88,whisper+youtube,True
1705,2,22823,6:20:26,Miss Tanushkar Sahu,87,youtube,False
1705,3,27398,7:36:41,Hemanshu Mishra,82,whisper,True
1706,1,26710,7:25:13,Sruti Giri,100,whisper+youtube,True
1706,2,28793,7:59:56,Shri Gori Pande,94,whisper+youtube,True
1706,3,10691,2:58:14,Himman Shu Diwari,81,youtube,False
1707,1,26576,7:22:59,Naven Pervin,92,whisper+youtube,True
1707,2,22324,6:12:07,Shaheen Parveen,85,whisper,False
1707,3,11115,3:05:18,you have been presented,83,whisper+youtube,False
1708,1,25895,7:11:38,The Pakshi Gwani,92,youtube,True
1708,2,29168,8:06:11,Minakshi S,72,whisper+youtube,True
1708,3,28034,7:47:17,Lakshmi,71,youtube,True
1709,1,18555,5:09:18,Shinja Sar,91,whisper+youtube,False
1709,2,27562,7:39:25,Shivaj Sharma,91,whisper+youtube,True
1709,3,29017,8:03:40,Shriadi Lakshmi Sharanya,89,whisper+youtube,True
1710,1,26731,7:25:34,Vinali Shahu,92,whisper+youtube,True
1710,2,26838,7:27:21,Krishna Ram Kumar Sahu,86,youtube,True
1710,3,28426,7:53:49,Ria Rahul Gaar,85,whisper+youtube,True
1711,1,14077,3:54:40,Boyr Chaitanya Baal Krishna,91,whisper+youtube,False
1711,2,19233,5:20:36,Laksh Sachin Bharat Dhuaj,83,whisper+youtube,False
1711,3,27420,7:37:03,Bhavira Chan,79,youtube,True
1712,1,26631,7:23:54,Tisha Chaudhri,94,whisper+youtube,True
1712,2,27760,7:42:43,Tasha Chahar,86,whisper+youtube,True
1712,3,20553,5:42:36,Ishant Mishra Huh?,86,youtube,False
1713,1,26465,7:21:08,Ridi Bhattia,96,whisper,True
1713,2,24884,6:54:47,Krishna Girdhari Bhawan,88,whisper+youtube,True
1713,3,28251,7:50:54,Samridhi Khasthagir,84,whisper+youtube,True
1714,1,26624,7:23:47,Aperna Sajiv,87,youtube,True
1714,2,12069,3:21:12,Aran Sakena,81,youtube,False
1714,3,25040,6:57:23,Pranshu Sajan,79,whisper,True
1715,1,21652,6:00:55,Adita Rajesh,100,whisper+youtube,False
1715,2,28927,8:02:10,Aditya Raj Singh,99,whisper+youtube,True
1715,3,19803,5:30:06,Aditya Raj Shivasta,99,whisper+youtube,False
1716,1,26146,7:15:49,Devansh Daga,72,whisper,True
1716,2,12180,3:23:03,tanish,58,youtube,False
1717,1,28042,7:47:25,Ashish Bhallav Goswami,100,whisper+youtube,True
1717,2,11104,3:05:07,as chancellor of VIT BAL University,86,youtube,False
1717,3,19038,5:17:21,to take the name as I go,82,youtube,False
1718,1,26361,7:19:24,Harlin Martin,100,whisper+youtube,True
1718,2,24948,6:55:51,Arin Katri,81,youtube,True
1718,3,28545,7:55:48,Mahin Nain,80,whisper,True
1719,1,26423,7:20:26,Navanil Das,100,whisper+youtube,True
1719,2,29803,8:16:46,Nahal Vas,81,youtube,False
1719,3,21906,6:05:09,Das,80,youtube,False
1720,1,31775,8:49:38,Bhuvika Agraval,93,whisper,False
1720,2,26293,7:18:16,Agarwal,77,youtube,True
1720,3,17373,4:49:36,Agarwal,77,youtube,False
1721,1,21795,6:03:18,Shreyasi Gupta,100,whisper+youtube,False
1721,2,28736,7:58:59,Shubham Raj Sharma,96,whisper+youtube,True
1721,3,13429,3:43:52,Pratik Raj Mishra,94,whisper+youtube,False
1722,1,24361,6:46:04,Miss Shria Bhachara,88,whisper+youtube,True
1722,2,22417,6:13:40,Miss Harika Sun Bha,85,youtube,False
1722,3,13026,3:37:09,Hushan Bhanna,83,whisper,False
1723,1,27439,7:37:22,Ana Sharma,98,whisper+youtube,True
1723,2,27151,7:32:34,Man Sharma,95,youtube,True
1723,3,10345,2:52:28,Manjari Sarma,90,whisper,False
1724,1,10602,2:56:45,Sam Jan,80,youtube,False
1724,2,8956,2:29:19,Kisser Purusam Jada Supervisor Dr,79,youtube,False
1724,3,19529,5:25:32,Utsav Ja,77,youtube,False
1725,1,26687,7:24:50,Shayanthika Lester,86,whisper+youtube,True
1725,2,10651,2:57:34,Akas Sakshana,84,whisper+youtube,False
1725,3,25869,7:11:12,Asharia sayati,84,youtube,True
1726,1,14322,3:58:45,Anika Mishra,92,whisper+youtube,False
1726,2,19014,5:16:57,Sha Nay,85,youtube,False
1726,3,17083,4:44:46,Ishita Khalsa Bhanik,84,whisper,False
1728,1,9215,2:33:38,Justin,72,youtube,False
1728,2,29311,8:08:34,Jesia,70,youtube,True
1728,3,9534,2:38:57,Jocsi,58,whisper,False
1729,1,26819,7:27:02,Devanshi Shukla,100,whisper+youtube,True
1729,2,28753,7:59:16,Manish Kumar Shukla,90,whisper+youtube,True
1729,3,17541,4:52:24,Dean Shuas,86,youtube,False
1730,1,18488,5:08:11,Sahesh Preet Kaur,75,whisper,False
1730,2,10937,3:02:20,I present unto you Mr,74,whisper+youtube,False
1730,3,26753,7:25:56,Prithi S,70,whisper,True
1731,1,26060,7:14:23,Rakshit Rajohhit,100,whisper+youtube,True
1731,2,21597,6:00:00,Akshat Raj,89,whisper+youtube,False
1731,3,17395,4:49:58,Ankit Raj Pagaj,86,whisper+youtube,False
1732,1,26541,7:22:24,Javeed Ahmed,99,whisper+youtube,True
1732,2,18592,5:09:55,Sadhar Ja,79,youtube,False
1732,3,24126,6:42:09,Miss Janvi WHMA,78,youtube,True
1733,1,26736,7:25:39,Kushi Badani,100,whisper+youtube,True
1733,2,28579,7:56:22,Kushi Pandit,85,whisper+youtube,True
1733,3,19340,5:22:23,Hush Bman,83,youtube,False
1734,1,26964,7:29:27,Annie Paul,100,whisper+youtube,True
1734,2,22850,6:20:53,Anima Vishwanath Pal,86,whisper,False
1734,3,21924,6:05:27,Vrishti Nainesh Kumar Patel,80,whisper,False
1735,1,10697,2:58:20,Aditya Ravath and,84,whisper+youtube,False
1735,2,21278,5:54:41,Ketan Aknath Pat,80,youtube,False
1735,3,15311,4:15:14,Naya Sharat Benoy,77,youtube,False
1736,1,19803,5:30:06,Aditya Raj Shivasta,89,whisper+youtube,False
1736,2,20315,5:38:38,Arian Shivasta,87,youtube,False
1736,3,17123,4:45:26,Priya Shrivastava,86,whisper,False
1737,1,18150,5:02:33,Taran Deep Singh Juneja,88,whisper,False
1737,2,28917,8:02:00,Aman Deep Singh,83,whisper,True
1737,3,28470,7:54:33,Deepak Kumar,83,whisper+youtube,True
1738,1,26372,7:19:35,Roshan Roy Cheri,100,whisper+youtube,True
1738,2,26964,7:29:27,Charini Roy,97,whisper+youtube,True
1738,3,13774,3:49:37,Peskar Ishan Sachin,83,whisper+youtube,False
1739,1,26706,7:25:09,Ananya Jaina,95,whisper+youtube,True
1739,2,23996,6:39:59,Ananya Jain,88,whisper+youtube,True
1739,3,17741,4:55:44,Tanya Jen,84,youtube,False
1740,1,26500,7:21:43,Idra Chaudhri,100,whisper+youtube,True
1740,2,14276,3:57:59,Chirak Chaudhary,88,whisper,False
1740,3,17000,4:43:23,Virra Chadri,82,youtube,False
1741,1,26750,7:25:53,Aritri Mangal,100,whisper+youtube,True
1741,2,9513,2:38:36,Mayang Sait,80,whisper,False
1741,3,27806,7:43:29,Rita Magrawal,80,whisper,True
1742,1,28270,7:51:13,Ana Mishra,88,whisper+youtube,True
1742,2,26521,7:22:04,Rishtar Anna,87,whisper+youtube,True
1742,3,10072,2:47:55,Nissant Kumar second rank,85,youtube,False
1743,1,26091,7:14:54,Diksha Bharat,88,youtube,True
1743,2,19105,5:18:28,Bhargavi Praash Deodsha,85,youtube,False
1743,3,26381,7:19:44,Adash Kumar Bharma,78,youtube,True
1744,1,26919,7:28:42,Kevin Ebby-Devitt,100,whisper+youtube,True
1744,2,29990,8:19:53,Sara Joby David,91,whisper+youtube,False
1744,3,29367,8:09:30,Dalvi,71,youtube,False
1745,1,18869,5:14:32,Neha Ansh Nigam,87,whisper,False
1745,2,16696,4:38:19,Sneha Mishra,84,youtube,False
1745,3,10213,2:50:16,Niha,76,youtube,False
1746,1,26807,7:26:50,Mayuk Mukharji,98,whisper+youtube,True
1746,2,28168,7:49:31,Ayush Kumar,79,whisper+youtube,True
1746,3,27834,7:43:57,Mahulk Kumar,74,youtube,True
1747,1,26827,7:27:10,Prasanna Ji Oja,98,whisper+youtube,True
1747,2,22724,6:18:47,An Johan,79,youtube,False
1747,3,26359,7:19:22,Pran Shia,76,youtube,True
1748,1,27145,7:32:28,Mohit Kumar Sa,100,youtube,True
1748,2,24941,6:55:44,Rohit Kumar,98,whisper+youtube,True
1748,3,10162,2:49:25,Rohit Kumar,98,whisper+youtube,False
1749,1,29176,8:06:19,Devika T,85,whisper+youtube,True
1749,2,26682,7:24:45,Devika Peeke,85,whisper+youtube,True
1749,3,31356,8:42:39,Vedika Vive Gangil,81,whisper+youtube,False
1750,1,22401,6:13:24,Kush Singh,88,youtube,False
1750,2,18463,5:07:46,Us Singh Badora,85,youtube,False
1750,3,28783,7:59:46,Ayushman Kumar Singh,83,whisper+youtube,True
1751,1,25145,6:59:08,Aprajika Sharva,76,whisper,True
1751,2,26779,7:26:22,Apparajita,71,whisper,True
1751,3,16554,4:35:57,Prajit Dubet,69,youtube,False
1752,1,14846,4:07:29,Shankar Anikit Anil,86,youtube,False
1752,2,24033,6:40:36,Miss Divyani Sharma,86,whisper+youtube,True
1752,3,24105,6:41:48,Debiani Sharma,85,whisper+youtube,True
1753,1,26104,7:15:07,Sakshi Sharma,100,whisper+youtube,True
1753,2,14277,3:58:00,Saksham Sharma,100,whisper+youtube,False
1753,3,15068,4:11:11,Kashi Sharma,99,whisper+youtube,False
1754,1,26469,7:21:12,Tartafia Chaudhri,81,whisper,True
1754,2,27663,7:41:06,Nari Sarah Chandra Narayana Rao,80,youtube,True
1754,3,26948,7:29:11,Ma Karya Niddhas Chandraipai,77,whisper,True
1755,1,26548,7:22:31,Anway Arsha,98,whisper+youtube,True
1755,2,27438,7:37:21,Ananya Sharma,91,whisper+youtube,True
1755,3,10918,3:02:01,Lavanya Bashira in absentia for the awards of,87,whisper+youtube,False
1756,1,26066,7:14:29,Hardik Mithilesh Kumar Singh,100,whisper+youtube,True
1756,2,24658,6:51:01,Hari Ji Singh,100,whisper+youtube,True
1756,3,15891,4:24:54,Harish Kumar Shukla,92,youtube,False
1758,1,23154,6:25:57,Shalesh Kumar,97,whisper+youtube,False
1758,2,28815,8:00:18,Aditya Kumar Sahu,97,whisper+youtube,True
1758,3,26838,7:27:21,Krishna Ram Kumar Sahu,92,youtube,True
1759,1,12878,3:34:41,Rida Raj,81,whisper,False
1759,2,29027,8:03:50,Rakshita Krithi Singh,78,whisper,True
1759,3,20696,5:44:59,Raul Nidhi,77,youtube,False
1760,1,31665,8:47:48,Aman Kumar Anil Verma,74,whisper,False
1760,2,28884,8:01:27,Shweta Anil Kumar Nayar,74,whisper,True
1760,3,24146,6:42:29,Seenimasan S,71,whisper,True
1761,1,26439,7:20:42,Kanjul Verma,100,whisper,True
1761,2,31665,8:47:48,Aman Kumar Anil Verma,88,whisper,False
1761,3,29614,8:13:37,Anjila Varma,83,whisper,False
1762,1,26676,7:24:39,And our Nidhashana,84,whisper+youtube,True
1762,2,26948,7:29:11,Ma Karya Niddhas Chandraipai,69,whisper,True
1762,3,22622,6:17:05,Harsha Agraal,68,youtube,False
1763,1,21593,5:59:56,Mahaz Shafi,86,youtube,False
1763,2,23283,6:28:06,Sheh Saniya Meh,83,whisper,False
1763,3,26249,7:17:32,Meda Sanjeev Harshev,77,whisper,True
1764,1,28848,8:00:51,Rinal Shankar,100,whisper+youtube,True
1764,2,10727,2:58:50,Rinal Sankar,98,whisper,False
1764,3,30882,8:34:45,Nirmal Han,84,youtube,True
1765,1,31403,8:43:26,Mitun Kartik,96,youtube,False
1765,2,31878,8:51:21,Midun Kar,86,youtube,False
1765,3,24307,6:45:10,Karthik M,78,youtube,False
1766,1,26512,7:21:55,Shrea Malik,97,whisper+youtube,True
1766,2,24086,6:41:29,Mahi Sharma,88,whisper+youtube,False
1766,3,28487,7:54:50,Shrea Kumari,82,whisper+youtube,True
1767,1,29634,8:13:57,Navya Pillai,100,whisper+youtube,True
1767,2,22913,6:21:56,Shiva Nandan Pi,79,youtube,False
1767,3,31190,8:39:53,Anjila Prashad Nayar,78,whisper,True
1768,1,31312,8:41:55,Pratam Bhakna,96,whisper+youtube,False
1768,2,13282,3:41:25,Om Prasad Bahira,84,whisper+youtube,False
1768,3,22582,6:16:25,Parth Baloni,81,whisper,False
1769,1,12719,3:32:02,Aman Sharma,100,whisper+youtube,False
1769,2,27439,7:37:22,Ana Sharma,93,whisper+youtube,True
1769,3,21625,6:00:28,Aryan Sharma,92,whisper+youtube,False
1770,1,26385,7:19:48,Jasper Singh Sandhu,100,whisper+youtube,True
1770,2,20223,5:37:06,Dhiraj Singh Jawan,95,youtube,False
1770,3,27970,7:46:13,Aman Kumar Singh,90,whisper+youtube,True
1771,1,28381,7:53:04,Rudra Nayat Raindra,100,whisper+youtube,True
1771,2,19172,5:19:35,Anik Ranjan,90,whisper+youtube,False
1771,3,27663,7:41:06,Nari Sarah Chandra Narayana Rao,82,youtube,True
1772,1,28251,7:50:54,Samridhi Khasthagir,100,whisper+youtube,True
1772,2,13877,3:51:20,or Sri Krishna Kashab,83,whisper+youtube,False
1772,3,21862,6:04:25,Sam Rajas Chandra Shakhar,82,youtube,False
1773,1,13560,3:46:03,Anish Kumar Gupta,100,whisper+youtube,False
1773,2,17947,4:59:10,Anish Kumar Jaisman,100,whisper+youtube,False
1773,3,28773,7:59:36,Manish Kumar Bhivan,99,whisper+youtube,True
1774,1,10691,2:58:14,Himanshu Diwari,85,whisper,False
1774,2,28573,7:56:16,Jiya Tiwari,85,whisper,True
1774,3,26716,7:25:19,Pinataki Priya,77,youtube,True
1775,1,29650,8:14:13,Aditya Patil,100,whisper+youtube,True
1775,2,28095,7:48:18,Aditya Rajiv Patil,100,whisper+youtube,True
1775,3,28927,8:02:10,Aditya Raj Singh,99,whisper+youtube,True
1776,1,27591,7:39:54,Siman Gupta Now,100,whisper+youtube,True
1776,2,10437,2:54:00,Sarang's Gupta,95,whisper+youtube,False
1776,3,10153,2:49:16,Sivanee Gupta,95,whisper+youtube,False
1777,1,29236,8:07:19,Vikas Kumar Singh,100,whisper+youtube,True
1777,2,27876,7:44:39,Vikas Kumar,100,whisper+youtube,True
1777,3,24470,6:47:53,Vive Kumar Vish Karma,100,whisper+youtube,False
1778,1,31857,8:51:00,Ashwin Jair,89,whisper,False
1778,2,28085,7:48:08,Ashwin M,81,whisper+youtube,True
1778,3,28545,7:55:48,Mahin Nain,81,whisper,True
1779,1,28195,7:49:58,Aryan Singh Omrakash,99,whisper,True
1779,2,14277,3:58:00,Rakesh Kumar Singh,95,whisper+youtube,False
1779,3,19481,5:24:44,Giriraj Parsever Om Singh,90,whisper,False
1780,1,26284,7:18:07,Anul Sharma,96,whisper+youtube,True
1780,2,31596,8:46:39,Anmul Sharma,95,youtube,False
1780,3,17623,4:53:46,Devia Anzel Rahul Sharma,89,whisper,False
1781,1,29296,8:08:19,Anshul Jive Shwai,85,whisper+youtube,True
1781,2,26140,7:15:43,Anshul Madhan,85,whisper+youtube,True
1781,3,26283,7:18:06,Anshul Sharma,85,whisper+youtube,True
1782,1,29236,8:07:19,Vikas Kumar Singh,100,whisper+youtube,True
1782,2,27876,7:44:39,Vikas Kumar,100,whisper+youtube,True
1782,3,14060,3:54:23,Sasvat Vikram Singh,97,whisper+youtube,False
1783,1,31365,8:42:48,Suad Pramman,90,youtube,False
1783,2,17144,4:45:47,Suti Raguani,78,youtube,False
1783,3,28977,8:03:00,Praa Kumari,76,youtube,True
1784,1,27445,7:37:28,Samre Deetrapathi,87,whisper+youtube,True
1784,2,17663,4:54:26,Samar Prithi Shrivastava,84,whisper,False
1784,3,17239,4:47:22,Samar Prith Singh,82,whisper,False
1785,1,27480,7:38:03,Rishika Ratesh Shavasti,100,whisper+youtube,True
1785,2,27652,7:40:55,Rishet Mishra,85,whisper+youtube,True
1785,3,19709,5:28:32,Aryan Krishna Avasti,84,whisper,False
1786,1,28005,7:46:48,Arja Jain,96,whisper+youtube,True
1786,2,24809,6:53:32,Saurav Jaini,92,whisper+youtube,False
1786,3,26706,7:25:09,Ananya Jaina,86,whisper+youtube,True
1787,1,9533,2:38:56,Adita Din Josie,90,whisper+youtube,False
1787,2,15234,4:13:57,One second please sit down,75,whisper,False
1788,1,27749,7:42:32,Athar Papsar,91,whisper+youtube,True
1788,2,29821,8:17:04,Ataru Shastra,80,youtube,True
1788,3,17821,4:57:04,Parthvi Kalpesh Bhai Mishra,80,whisper,False
1789,1,27284,7:34:47,Kunal Goyal,100,whisper+youtube,True
1789,2,9464,2:37:47,Kunal,85,whisper+youtube,False
1789,3,27347,7:35:50,Kunal,80,youtube,True
1790,1,30854,8:34:17,Sanchuk Gastto,84,youtube,True
1790,2,9357,2:36:00,Sekobansi Bhukumar Singh,78,whisper,False
1790,3,31574,8:46:17,Shruti Singh,76,whisper,False
1791,1,13719,3:48:42,Mitali Aasti,79,youtube,False
1791,2,28177,7:49:40,Shitej Mandal,78,whisper+youtube,True
1791,3,18287,5:04:50,Koshi Malvia,78,youtube,False
1792,1,32027,8:53:50,Manav Nathani,100,whisper+youtube,False
1792,2,28233,7:50:36,Mand Athars Nithin,88,whisper+youtube,True
1792,3,28026,7:47:09,Manav Naresh Patil,82,whisper,True
1793,1,18318,5:05:21,Goya,77,youtube,False
1793,2,30528,8:28:51,Goyel,73,youtube,True
1793,3,21178,5:53:01,Gopali,69,youtube,False
1794,1,28773,7:59:36,Manish Kumar Bhivan,100,whisper+youtube,True
1794,2,15891,4:24:54,Harish Kumar Shukla,100,youtube,False
1794,3,13560,3:46:03,Anish Kumar Gupta,100,whisper+youtube,False
1795,1,29482,8:11:25,Sana Yasmin,100,whisper+youtube,True
1795,2,9951,2:45:54,automation as San Anon,85,youtube,False
1795,3,26353,7:19:16,Lakshmi Kana,82,whisper+youtube,True
1796,1,18018,5:00:21,Ria Ben Dhaves Kumar Patel,91,whisper+youtube,False
1796,2,20599,5:43:22,Ria Bell,90,youtube,False
1796,3,14332,3:58:55,Aditya Bheeli,79,whisper,False
1797,1,30259,8:24:22,Supriya Mishram,100,whisper+youtube,True
1797,2,12969,3:36:12,Priyanu Misra,94,whisper+youtube,False
1797,3,30479,8:28:02,Hardik Mishra up,88,youtube,True
1798,1,26880,7:28:03,Rajid Chailesh Shivastra,86,whisper+youtube,True
1798,2,29413,8:10:16,Abhi Rami Suresh,80,youtube,True
1798,3,24658,6:51:01,Hari Ji Singh,77,whisper,False
1799,1,21698,6:01:41,Bhwano Gil,76,youtube,False
1799,2,14332,3:58:55,Bheeli,60,whisper,False
1799,3,16844,4:40:47,Vagela,60,youtube,False
1800,1,27429,7:37:12,Yash Porwal,100,whisper+youtube,True
1800,2,13371,3:42:54,Yash Porwal,100,whisper+youtube,False
1800,3,13604,3:46:47,Hakhre Ayush Dhananjay,88,whisper,False
1801,1,28114,7:48:37,Shre Agrawal,92,whisper+youtube,True
1801,2,30751,8:32:34,Shahara Vagraal,89,youtube,True
1801,3,26177,7:16:20,Sneha Agarwal,89,whisper+youtube,True
1802,1,28065,7:47:48,Arjav Sharma,100,whisper+youtube,True
1802,2,28736,7:58:59,Shubham Raj Sharma,91,whisper+youtube,True
1802,3,16333,4:32:16,Rajarian Sharma,88,youtube,False
1803,1,28633,7:57:16,Vayun Singh,100,whisper+youtube,True
1803,2,28783,7:59:46,Ayushman Kumar Singh,93,whisper+youtube,True
1803,3,28195,7:49:58,Aryan Singh Omrakash,92,whisper+youtube,True
1804,1,28502,7:55:05,Pushkar Singh,100,whisper+youtube,True
1804,2,31330,8:42:13,Pushkar Singh,100,youtube,True
1804,3,30420,8:27:03,Anushka Singh,95,whisper+youtube,True
1805,1,30178,8:23:01,Rekans Raje Deshbok,100,whisper+youtube,True
1805,2,28736,7:58:59,Shubham Raj Sharma,88,whisper+youtube,True
1805,3,9926,2:45:29,Praat Raj second rank,86,youtube,False
1806,1,31696,8:48:19,Rajiv Ranjan Pratab Singh,98,whisper+youtube,False
1806,2,24658,6:51:01,Hari Ji Singh,92,whisper+youtube,False
1806,3,29746,8:15:49,Anubha Kumar Singh,90,whisper+youtube,True
1807,1,13560,3:46:03,Anish Kumar Gupta,98,whisper+youtube,False
1807,2,16564,4:36:07,Anerudha Gupta,95,youtube,False
1807,3,28445,7:54:08,Tanisha Gupta,91,whisper+youtube,True
1808,1,30676,8:31:19,Lesh Puri,95,youtube,True
1808,2,17821,4:57:04,Pari Kalpesh Bhai mystery,82,youtube,False
1808,3,27907,7:45:10,Priyanshu Nilesh Chaudhry,74,whisper,True
1809,1,28072,7:47:55,Kashinath Ar,85,whisper+youtube,True
1809,2,15068,4:11:11,Kashi Sharma,78,whisper+youtube,False
1809,3,19111,5:18:34,Isha Prasanth Kashikar,76,whisper+youtube,False
1810,1,26431,7:20:34,Kushagra,85,whisper+youtube,True
1810,2,14532,4:02:15,Kushagar Patak,83,whisper+youtube,False
1810,3,13748,3:49:11,Kushagra Sodia,80,youtube,False
1811,1,20742,5:45:45,Vishal Panda,100,youtube,False
1811,2,23477,6:31:20,Miss Priyanka Vishu Karma,89,whisper+youtube,False
1811,3,14154,3:55:57,Pad 3 is requested to proceed for lunch,84,youtube,False
1812,1,28792,7:59:55,Sri Gauri Pandey,100,whisper+youtube,True
1812,2,30231,8:23:54,Gori Pande,89,youtube,True
1812,3,27176,7:32:59,Adria Pande,85,youtube,True
1813,1,12783,3:33:06,Ayush Pandey,93,whisper+youtube,False
1813,2,29909,8:18:32,Kushell Patel,89,whisper+youtube,True
1813,3,22509,6:15:12,Hush Manik Parate,87,whisper+youtube,False
1814,1,31034,8:37:17,Aditya Krish,78,whisper,True
1814,2,30234,8:23:57,Aditya Pandey,78,whisper,True
1814,3,30010,8:20:13,Aditya Rao,78,whisper,True
1815,1,31286,8:41:29,Rudra Kanesh Singh,100,whisper+youtube,False
1815,2,18413,5:06:56,Rudra Pratap Singh Chohan,100,whisper+youtube,False
1815,3,27545,7:39:08,Kartikesh Singh,96,whisper+youtube,True
1816,1,30010,8:20:13,Aditya Rao,78,whisper,True
1816,2,27915,7:45:18,Akshant Rastogi,78,whisper+youtube,True
1816,3,21420,5:57:03,Vashnav Prammod Ah,75,youtube,False
1817,1,29256,8:07:39,Anshul Devar,96,whisper+youtube,True
1817,2,28184,7:49:47,Abinasha Dash,87,whisper+youtube,True
1817,3,10691,2:58:14,Himman Shu Diwari,86,youtube,False
1818,1,14669,4:04:32,sit on the chair in the,84,whisper+youtube,False
1818,2,9073,2:31:16,Kchana Sivakumar,83,whisper+youtube,False
1818,3,26475,7:21:18,Kaf Chi,82,whisper+youtube,True
1819,1,28148,7:49:11,Abhishek Singhvi,100,whisper+youtube,True
1819,2,13967,3:52:50,Abhishek Singh,100,whisper+youtube,False
1819,3,21091,5:51:34,Abhishek Kumar Singh,97,youtube,False
1820,1,28745,7:59:08,Varun Verma,100,whisper+youtube,True
1820,2,28948,8:02:31,Arjun Anup Nay here,75,youtube,True
1820,3,29539,8:12:22,Daran Neymar,72,youtube,True
1821,1,27797,7:43:20,Tisha Chandwani,100,whisper+youtube,True
1821,2,26631,7:23:54,Tisha Chaudhri,89,whisper,True
1821,3,26333,7:18:56,Tanish Chawan,84,youtube,True
1822,1,28773,7:59:36,Manish Kumar Bhivan,92,whisper+youtube,True
1822,2,28219,7:50:22,Aman Kumar Raai,91,whisper+youtube,True
1822,3,27971,7:46:14,Aman Kumar Singh,91,whisper+youtube,True
1823,1,31295,8:41:38,Jalash Sharma,95,youtube,True
1823,2,17199,4:46:42,Patil Jaya Sharad,88,whisper,False
1823,3,27439,7:37:22,Ana Sharma,84,youtube,True
1824,1,27977,7:46:20,Pratush Sharma,100,whisper+youtube,True
1824,2,23780,6:36:23,Aayush Sharma,96,whisper+youtube,False
1824,3,24063,6:41:06,Arush Sharma,95,whisper+youtube,False
1825,1,28783,7:59:46,Ayushman Kumar Singh,100,whisper+youtube,True
1825,2,28168,7:49:31,Ayush Kumar,100,whisper+youtube,True
1825,3,13550,3:45:53,Ayush Kumar,96,whisper,False
1826,1,27640,7:40:43,Anand Pandey,100,whisper+youtube,True
1826,2,30064,8:21:07,Ananda Halder,87,whisper+youtube,True
1826,3,20357,5:39:20,Aryan Abhiji Desh Pande,86,youtube,False
1827,1,30234,8:23:57,Aditya Pandey,100,whisper+youtube,True
1827,2,27176,7:32:59,Adria Pande,88,youtube,True
1827,3,8859,2:27:42,Puspender Singh Pa V Ait Kumar Puroit,85,youtube,False
1828,1,30250,8:24:13,Anjali Dube,98,whisper,True
1828,2,25908,7:11:51,Dub Anju,87,youtube,False
1828,3,26491,7:21:34,Tandariya Dube,83,whisper,True
1829,1,27507,7:38:30,Swapnel Wadlamani,98,whisper+youtube,True
1829,2,29204,8:06:47,Ashwin Abedasan,77,whisper+youtube,True
1829,3,27867,7:44:30,Vaka Suhail Abhas,73,whisper,True
1830,1,27572,7:39:35,Abhas Badoria,100,whisper+youtube,True
1830,2,14210,3:56:53,Abhishek Bhar Gowad,88,whisper,False
1830,3,19105,5:18:28,Bhargavi Praash Deodsha,86,whisper+youtube,False
1831,1,22055,6:07:38,Akash Sharma,100,whisper+youtube,False
1831,2,19297,5:21:40,Aksha Sharma,100,whisper+youtube,False
1831,3,15076,4:11:19,Kash Sharma,99,whisper+youtube,False
1832,1,28259,7:51:02,Riti Chopra,95,whisper+youtube,True
1832,2,26255,7:17:38,Pimaan Shurao Fethi Bhotla,70,whisper,True
1833,1,27319,7:35:22,Tripurari Singh,100,whisper,True
1833,2,31286,8:41:29,Rudra Kanesh Singh,92,whisper+youtube,True
1833,3,17167,4:46:10,Trishi Singh,90,youtube,False
1834,1,29265,8:07:48,Sham Das,100,whisper+youtube,True
1834,2,23708,6:35:11,Shabbham Kumar Das,90,youtube,False
1834,3,24556,6:49:19,Swami Das,88,youtube,False
1835,1,30512,8:28:35,Ashish Vaj,92,whisper+youtube,True
1835,2,31200,8:40:03,Ash Raj,91,youtube,True
1835,3,29150,8:05:53,Ashwati Rajiv Nayar,87,whisper+youtube,True
1836,1,27553,7:39:16,Manisha Singh,99,whisper+youtube,True
1836,2,30394,8:26:37,Manthib Singh Chabra,98,whisper+youtube,True
1836,3,20965,5:49:28,Many Singh,92,youtube,False
1837,1,27599,7:40:02,Himmani Zombre,97,whisper+youtube,True
1837,2,25004,6:56:47,The Himmanu Sharma,96,whisper+youtube,False
1837,3,18387,5:06:30,Shani Sharma,93,whisper+youtube,False
1838,1,28018,7:47:01,Mohammad Faz,91,whisper+youtube,True
1838,2,25968,7:12:51,Modi Aika,77,youtube,True
1838,3,29228,8:07:11,Faraz Ahmad Khan,73,whisper,True
1839,1,27683,7:41:26,Paga Shetej,84,whisper+youtube,True
1839,2,29454,8:10:57,Akshit Bharma,82,whisper+youtube,True
1839,3,18455,5:07:38,Akshita Parih,81,whisper,False
1840,1,27772,7:42:55,Sheikh Riyaz,98,whisper+youtube,True
1840,2,22370,6:12:53,Hari Priya,88,whisper+youtube,False
1840,3,31707,8:48:30,Shri Rita Shah,84,whisper,False
1841,1,27608,7:40:11,Rianju Gautam,90,whisper,True
1841,2,25015,6:56:58,Pranau Gutta,89,whisper+youtube,False
1841,3,29440,8:10:43,Gautam Singh Koshik,87,whisper+youtube,True
1842,1,29139,8:05:42,Joshua M,80,youtube,True
1842,2,28737,7:59:00,Shoubam Raj Sharma Huh,71,youtube,True
1843,1,30577,8:29:40,Mahi Jin Dal,100,whisper+youtube,True
1843,2,27789,7:43:12,Mahi Jan,97,youtube,True
1843,3,28545,7:55:48,Mahin Nain,90,whisper,True
1844,1,30983,8:36:26,part singh raat,93,youtube,True
1844,2,32037,8:54:00,Vaishnavi Singh Parihar,93,whisper+youtube,False
1844,3,17239,4:47:22,Samar Prith Singh,89,whisper,False
1845,1,13560,3:46:03,Anish Kumar Gupta,96,whisper+youtube,False
1845,2,16564,4:36:07,Anerudha Gupta,95,youtube,False
1845,3,28445,7:54:08,Tanisha Gupta,93,whisper+youtube,True
1847,1,27516,7:38:39,Yash Vishal Rajkotiya,78,whisper,True
1847,2,30137,8:22:20,Anushka Das,76,youtube,True
1847,3,12088,3:21:31,Vas,74,youtube,False
1848,1,31468,8:44:31,Suman Sagar,100,whisper+youtube,False
1848,2,20167,5:36:10,Hemant Sagar,89,whisper,False
1848,3,21735,6:02:18,Susant Sharma,89,whisper+youtube,False
1849,1,30211,8:23:34,Akshad Vanjani,97,youtube,True
1849,2,29450,8:10:53,Akshet Varma,80,whisper,True
1849,3,31494,8:44:57,Chip Rakash Mandhani,80,youtube,False
1850,1,20357,5:39:20,Aryan Abhiji Desh Pande,98,youtube,False
1850,2,27640,7:40:43,Anand Pandey,93,whisper+youtube,True
1850,3,16853,4:40:56,Aryan Faresh Patel,93,whisper+youtube,False
1851,1,30497,8:28:20,Joy,80,youtube,True
1851,2,21437,5:57:20,Joya,75,youtube,False
1851,3,10530,2:55:33,Moal,73,youtube,False
1852,1,30303,8:25:06,Nikil Kumar,98,youtube,True
1852,2,22684,6:18:07,Nikhil Kumar,100,whisper+youtube,False
1852,3,26066,7:14:29,Hardik Mithilesh Kumar Singh,90,whisper+youtube,True
1853,1,22988,6:23:11,Baha Rangira C,92,whisper+youtube,False
1853,2,29286,8:08:09,Tanvi Patkare,85,whisper,True
1853,3,12166,3:22:49,Rachi ta,84,youtube,False
1854,1,19085,5:18:08,I request all of you kindly be seated,84,whisper+youtube,False
1854,2,18791,5:13:14,I request please be seated,84,whisper+youtube,False
1854,3,29413,8:10:16,Abhi Rami Suresh,80,youtube,True
1855,1,30062,8:21:05,Adi Ali,95,youtube,True
1855,2,13945,3:52:28,Adi Jain,81,whisper,False
1855,3,16356,4:32:39,Imtisal Sahil Sari,79,youtube,False
1856,1,10804,3:00:07,Anura Yadav,87,youtube,False
1856,2,8956,2:29:19,Kisser Purusam Jada Supervisor Dr,80,youtube,False
1856,3,28065,7:47:48,Arjav Sharma,79,whisper+youtube,True
1857,1,12332,3:25:35,Shaare Singh,93,whisper,False
1857,2,28243,7:50:46,Ashwarya Singh Baghel,93,whisper+youtube,True
1857,3,20178,5:36:21,Surya Prattab Singh,92,youtube,False
1858,1,28132,7:48:55,Raghavendra Singh,100,whisper+youtube,True
1858,2,28304,7:51:47,Deendra Singh,92,whisper+youtube,True
1858,3,17937,4:59:00,Narendra Singh Chan,91,youtube,False
1859,1,27955,7:45:58,Yash Arya,100,whisper+youtube,True
1859,2,23717,6:35:20,Aryan Ashish,90,whisper+youtube,False
1859,3,16853,4:40:56,Aryan Faresh Patel,86,whisper,False
1860,1,28645,7:57:28,Ashi Paderia,77,whisper+youtube,True
1860,2,24857,6:54:20,Ali Akbar Punala,76,youtube,False
1860,3,25508,7:05:11,Abina pi,75,youtube,False
1861,1,28623,7:57:06,Anipra Pandya,100,whisper+youtube,True
1861,2,18160,5:02:43,Nihira Pandey,91,whisper+youtube,False
1861,3,27176,7:32:59,Adria Pande,83,youtube,True
1862,1,30470,8:27:53,Rohan Mishra,100,whisper+youtube,True
1862,2,28801,8:00:04,Rouhani Maheshwari,88,whisper+youtube,True
1862,3,12394,3:26:37,Chan Mishnra,88,youtube,False
1863,1,9926,2:45:29,Praat Raj second rank,82,youtube,False
1863,2,28927,8:02:10,Aditya Raj Singh,78,whisper+youtube,True
1863,3,29835,8:17:18,Raj Dendra Bors,77,whisper+youtube,True
1864,1,27271,7:34:34,Aryan Gupta,100,whisper,True
1864,2,15349,4:15:52,Aryan Gupta,100,youtube,False
1864,3,10437,2:54:00,Sarang's Gupta,96,whisper+youtube,False
1865,1,21061,5:51:04,Nitisha Gar,83,youtube,False
1865,2,30628,8:30:31,Gaurav Ashok,80,whisper,True
1865,3,29804,8:16:47,Giaz Anshika Tab,79,whisper,True
1866,1,27101,7:31:44,Marini Madan Moan Naidu,98,youtube,True
1866,2,17682,4:54:45,Mahhar Naidu Dara,91,youtube,False
1866,3,15750,4:22:33,Raman Naidu,87,youtube,False
1867,1,28033,7:47:16,Lakshmi Venkata,100,whisper+youtube,True
1867,2,26353,7:19:16,Lakshmi Kana,88,whisper+youtube,True
1867,3,9869,2:44:32,Lakshmi Saloni,88,whisper,False
1868,1,30294,8:24:57,Shubam Singh,99,youtube,True
1868,2,24873,6:54:36,Akash Shibham Pratab Singh,100,whisper+youtube,False
1868,3,29746,8:15:49,Anubha Kumar Singh,92,whisper+youtube,True
1869,1,29342,8:09:05,Sania Shoria,90,whisper+youtube,True
1869,2,30190,8:23:13,Suani Shinha,84,whisper+youtube,True
1869,3,26720,7:25:23,Student sending on the right side please take your seats,84,whisper+youtube,True
1870,1,24721,6:52:04,Sathant Varma,88,whisper+youtube,False
1870,2,30768,8:32:51,Athar Veda,85,whisper,True
1870,3,28672,7:57:55,Sankar Verma,81,whisper,True
1871,1,30275,8:24:38,Aman Jasal,96,youtube,True
1871,2,26292,7:18:15,Aman Agarwal,91,whisper+youtube,True
1871,3,19655,5:27:38,Himmanu Moan Ja,82,youtube,False
1872,1,28005,7:46:48,Arja Jain,89,whisper,True
1872,2,18693,5:11:36,Anushri Jai Sarkar,89,whisper,False
1872,3,31058,8:37:41,Harsh Jan,81,youtube,True
1873,1,28736,7:58:59,Shubham Raj Sharma,100,whisper+youtube,True
1873,2,14313,3:58:36,Sakam Sharma Huh?,95,whisper+youtube,False
1873,3,19862,5:31:05,Shashank Sharma Huh?,90,youtube,False
1874,1,30538,8:29:01,Vivid Prahep,70,youtube,True
1875,1,19397,5:23:20,Abhishek Mishra,94,whisper+youtube,False
1875,2,21811,6:03:34,Miss Abhilasha Tamra,90,whisper+youtube,False
1875,3,27248,7:34:11,Abhishek Kumar Ja,87,whisper+youtube,True
1876,1,28614,7:56:57,Roshni Sharma,100,whisper+youtube,True
1876,2,18387,5:06:30,Shani Sharma,91,youtube,False
1876,3,21587,5:59:50,Jai Shri Sharma,90,whisper,False
1877,1,29247,8:07:30,Daran Pravin Coacher,100,whisper+youtube,True
1877,2,9563,2:39:26,Pranjal Khare,88,whisper+youtube,False
1877,3,27888,7:44:51,Radhin Lakma Everyone prair,88,whisper+youtube,True
1878,1,27524,7:38:47,Sarthag Gupta,100,whisper+youtube,True
1878,2,23746,6:35:49,Sarthak Das Gupta,100,whisper+youtube,False
1878,3,10437,2:54:00,Sarang's Gupta,96,whisper+youtube,False
1879,1,27200,7:33:23,Mukesh Di,85,whisper+youtube,True
1879,2,10293,2:51:36,Mukesh Lothi,85,whisper+youtube,False
1879,3,29584,8:13:07,Naman Mukesh,80,whisper,True
1880,1,28917,8:02:00,Aman Deep Singh,80,whisper,True
1880,2,18150,5:02:33,Taran Deep Singh Juneja,76,whisper,False
1880,3,20357,5:39:20,Aryan Abhiji Desh Pande,76,youtube,False
1881,1,27580,7:39:43,Vaishnavi Tyre,95,whisper+youtube,True
1881,2,19038,5:17:21,to take the name as I go,78,youtube,False
1881,3,26697,7:25:00,Shanika Thage,75,whisper,True
1882,1,18047,5:00:50,Ananya Shwasta,77,whisper,False
1882,2,12956,3:35:59,Aryan Shuvastar,76,whisper,False
1882,3,28792,7:59:55,Sri Gauri Pandey,75,whisper,True
1883,1,29670,8:14:33,Nikhil Nambiya,97,whisper,True
1883,2,18587,5:09:50,Nehil Nama,88,whisper+youtube,False
1883,3,14277,3:58:00,Nehil Kumar Ambar,83,whisper,False
1884,1,29650,8:14:13,Aditya Patil,100,whisper+youtube,True
1884,2,28095,7:48:18,Aditya Rajiv Patil,100,whisper+youtube,True
1884,3,13056,3:37:39,Aditya Paal,96,whisper+youtube,False
1885,1,21914,6:05:17,Miss Shambhabi Chave,92,whisper+youtube,False
1885,2,24445,6:47:28,Ashish Chauda,89,whisper+youtube,False
1885,3,31522,8:45:25,Nakshi Chadri,81,youtube,False
1886,1,10214,2:50:17,Neha Saho,86,whisper,False
1886,2,28161,7:49:24,Rohan Sahu,82,whisper+youtube,True
1886,3,9658,2:41:01,Saha Priyang Si second rank,80,youtube,False
1887,1,29836,8:17:19,Raj Devendra Borse,100,whisper+youtube,True
1887,2,29684,8:14:47,Raj Bo,92,youtube,True
1887,3,10011,2:46:54,Hurse Raj,87,youtube,False
1888,1,29007,8:03:30,Disha Chakraarti,86,whisper+youtube,True
1888,2,17926,4:58:49,Sharmishta Chakraarti,86,youtube,False
1888,3,27867,7:44:30,Vaka Suhail Abhas,76,whisper,True
1889,1,29840,8:17:23,Rahul Teotia,100,whisper+youtube,True
1889,2,17143,4:45:46,Tuti Raghuvanshi,78,whisper,False
1889,3,24995,6:56:38,Raghunandand Tomar,75,whisper,False
1890,1,26230,7:17:13,Anit Kumar,100,whisper+youtube,True
1890,2,16138,4:29:01,Ankit Kumar,100,youtube,False
1890,3,23265,6:27:48,Anil Kumar,96,whisper+youtube,False
1892,1,10804,3:00:07,Anura Yadav,86,youtube,False
1892,2,28621,7:57:04,Anipra Pandia,80,whisper+youtube,True
1892,3,20396,5:39:59,Yada,77,youtube,False
1893,1,29126,8:05:29,Vismaya Vinod Nayam,100,whisper,True
1893,2,28527,7:55:30,Vijay Vinod Mani,97,whisper+youtube,True
1893,3,15001,4:10:04,Nisarg Vinod Kumar Gajar,96,whisper+youtube,False
1894,1,28322,7:52:05,Amita Agarwal,79,whisper+youtube,True
1894,2,13803,3:50:06,Adita,75,youtube,False
1894,3,27135,7:32:18,Adit,73,youtube,True
1895,1,27761,7:42:44,Tashar Chahar,100,whisper+youtube,True
1895,2,26631,7:23:54,Tisha Chaudhri,86,whisper,True
1895,3,18443,5:07:26,Anusha Chandraar,84,whisper+youtube,False
1896,1,29493,8:11:36,Rakshittita Sharma,100,whisper+youtube,True
1896,2,19297,5:21:40,Aksha Sharma,99,whisper+youtube,False
1896,3,28616,7:56:59,Rashni Sharma,98,whisper+youtube,True
1897,1,12719,3:32:02,Aman Sharma,91,whisper+youtube,False
1897,2,27332,7:35:35,Sarthag Sambhav,90,whisper+youtube,True
1897,3,12654,3:30:57,Samaj Satya,85,whisper,False
1898,1,15001,4:10:04,Nisarg Vinod Kumar Gajar,77,whisper,False
1898,2,17007,4:43:30,Gaurav Gupta,76,whisper,False
1898,3,15199,4:13:22,You are graduate,75,youtube,False
1899,1,28645,7:57:28,Ashi Paderia,98,whisper+youtube,True
1899,2,29659,8:14:22,as it's a partial,85,youtube,True
1899,3,16716,4:38:39,Maharshi Patel,84,youtube,False
1900,1,28527,7:55:30,Vijay Vinod Mani,89,whisper+youtube,True
1900,2,12847,3:34:10,Privedi Nopur Vijay,89,whisper,False
1900,3,18514,5:08:37,Vijay WHMA,89,youtube,False
1901,1,23004,6:23:27,Vaishnavi Joshi,98,whisper+youtube,False
1901,2,24470,6:47:53,Vivek Kumar Vishukarma,93,whisper+youtube,False
1901,3,28385,7:53:08,Vivek Shahi,89,whisper+youtube,True
1902,1,23835,6:37:18,Korakopula Chakrita Gaur,84,whisper,False
1902,2,18787,5:13:10,request the graduands kindly be seated,82,whisper+youtube,False
1902,3,29472,8:11:15,Karan Khatri,81,whisper+youtube,True
1903,1,20379,5:39:42,Aryan Singh Rathur,89,whisper+youtube,False
1903,2,9656,2:40:59,Saho Priyangsi,83,whisper,False
1903,3,18055,5:00:58,Arviyan Abhay Kumar Pachore,79,whisper,False
1904,1,28858,8:01:01,Divya Mathur,100,whisper+youtube,True
1904,2,22548,6:15:51,Di Mamta,80,whisper,False
1904,3,28996,8:03:19,Devanshi Mahatur,79,whisper,True
1905,1,27868,7:44:31,Makka Sohil Abbas,100,whisper+youtube,True
1905,2,12827,3:33:50,So mala,82,youtube,False
1905,3,26161,7:16:04,Vishal Malval,82,whisper+youtube,True
1906,1,29869,8:17:52,pandi jas,82,youtube,True
1906,2,12294,3:24:57,Ayash Kandri,80,whisper,False
1906,3,14422,4:00:25,Sreya Saniya,80,whisper,False
1907,1,27498,7:38:21,Piyush Kakyal,96,whisper+youtube,True
1907,2,22781,6:19:44,Kamia Vishu karma,80,youtube,False
1907,3,24353,6:45:56,Hush Anandan Karika,79,youtube,False
1908,1,15882,4:24:45,Muhammad Munavar Ali Mani,96,youtube,False
1908,2,30218,8:23:41,Mohammad Amidh Hussain,92,whisper+youtube,True
1908,3,16789,4:39:52,Muhammad Sakib Shahab,90,youtube,False
1909,1,28917,8:02:00,Aman Deep Singh,100,whisper+youtube,True
1909,2,28219,7:50:22,Aman Kumar Raai,100,whisper+youtube,True
1909,3,27970,7:46:13,Aman Kumar Singh,100,whisper+youtube,True
1910,1,14789,4:06:32,Harsh Vardhan Singh Radhaar,100,whisper,False
1910,2,14376,3:59:39,Harsh Pratap Singh,100,whisper+youtube,False
1910,3,24658,6:51:01,Hari Ji Singh,97,whisper+youtube,False
1911,1,13226,3:40:29,Divyansh Sharma,89,whisper,False
1911,2,12969,3:36:12,Priyanshu Misra,88,whisper,False
1911,3,24033,6:40:36,Miss Divyani Sharma,87,youtube,False
1912,1,32194,8:56:37,Make an easy Hey,77,youtube,False
1912,2,26948,7:29:11,Ma Karya Niddhas Chandraipai,75,whisper,True
1912,3,9010,2:30:13,Madhu Gadanathan,74,whisper,False
1913,1,28875,8:01:18,Ranjali Tripathi,100,whisper+youtube,True
1913,2,12599,3:30:02,Ranjal Tiwari,85,whisper,False
1913,3,28402,7:53:25,Ria Raul Galka,80,whisper+youtube,True
1914,1,22502,6:15:05,Aditya Pratap Singh,100,whisper+youtube,False
1914,2,21898,6:05:01,Aditya Pratap Singh,100,whisper+youtube,False
1914,3,22038,6:07:21,Debian Shiv Pratap Singh,100,whisper,False
1915,1,29413,8:10:16,Abhi Rami Suresh,84,youtube,True
1915,2,9407,2:36:50,sambi ai,82,youtube,False
1915,3,28042,7:47:25,Ashish Bhallav Goswami,82,whisper,True
1916,1,18197,5:03:20,Ayos Lunga,78,whisper,False
1916,2,18279,5:04:42,Anushka Sachin Mandar,77,youtube,False
1916,3,28026,7:47:09,Manav Naresh Patil,73,whisper,True
1917,1,25024,6:57:07,Kesha Kumar Cha,88,whisper+youtube,False
1917,2,19065,5:17:48,Chandan Kumar Verma,87,whisper+youtube,False
1917,3,27761,7:42:44,Tashar Chahar,85,whisper+youtube,True
1918,1,16000,4:26:43,Naman Kundan,78,youtube,False
1918,2,20450,5:40:53,Mayan,77,youtube,False
1918,3,18228,5:03:51,Adya Sundrial,76,whisper,False
1919,1,18018,5:00:21,Ria Ben Dhaves Kumar Patel,88,whisper,False
1919,2,28815,8:00:18,Aditya Kumar Sahu,87,whisper+youtube,True
1919,3,31160,8:39:23,Gupta Arian Arun Kumar,82,youtube,True
1920,1,17623,4:53:46,Devia Anzel Rahul Sharma,87,whisper,False
1920,2,31841,8:50:44,Dan Shagraal,85,youtube,False
1920,3,27151,7:32:34,Man Sharma,83,youtube,True
1921,1,29500,8:11:43,Mansi Gutta,100,whisper+youtube,True
1921,2,19450,5:24:13,Manas Gupta,95,youtube,False
1921,3,17849,4:57:32,Mania Gupta,95,youtube,False
1922,1,27390,7:36:33,Manas Bhatt,100,whisper+youtube,True
1922,2,12460,3:27:43,Manav Harish Bhai Patel,93,whisper+youtube,False
1922,3,16570,4:36:13,Many Bharat,86,youtube,False
1923,1,29107,8:05:10,Kushi Kumari,100,whisper+youtube,True
1923,2,20427,5:40:30,Hush Kuma,96,whisper+youtube,False
1923,3,19324,5:22:07,Shashi Kumar Yadav,87,youtube,False
1924,1,29820,8:17:03,Atharva Shastrakar,100,whisper+youtube,True
1924,2,28188,7:49:51,Shashank Asthana,90,whisper+youtube,True
1924,3,23746,6:35:49,Sarthak Das Gupta,82,whisper,False
1925,1,22201,6:10:04,Somal Tuvani,91,whisper,False
1925,2,18797,5:13:20,Thank you so much,84,whisper+youtube,False
1925,3,16817,4:40:20,Sumit Kumar Tiwari,83,whisper+youtube,False
1926,1,23056,6:24:19,Harsh Patel,90,whisper,False
1926,2,15120,4:12:03,Patel Harsh Rajendra,90,whisper,False
1926,3,22629,6:17:12,Gurtas Patel,89,whisper,False
1927,1,30154,8:22:37,Pranav Chaturvedi,100,whisper,True
1927,2,28496,7:54:59,Shardul Rana,83,whisper+youtube,True
1927,3,26324,7:18:47,Prabhad Cha,83,youtube,True
1928,1,27022,7:30:25,Ria Walsan,84,youtube,True
1928,2,28402,7:53:25,Ria Raul Galka,80,whisper,True
1928,3,28220,7:50:23,Aman Kumar Ry,79,youtube,True
1929,1,22972,6:22:55,Miss Priy Jaju,79,youtube,False
1929,2,26359,7:19:22,Pran Shia,79,youtube,True
1929,3,31130,8:38:53,Prag,77,youtube,True
1930,1,29204,8:06:47,Ashwin Abedasan,77,whisper+youtube,True
1930,2,28085,7:48:08,Ashwin M,77,whisper+youtube,True
1930,3,28719,7:58:42,Ashwin,77,whisper+youtube,True
1931,1,10746,2:59:09,Ashi Solani,86,youtube,False
1931,2,18797,5:13:20,Thank you so much,85,whisper+youtube,False
1931,3,9951,2:45:54,automation as San Anon,79,youtube,False
1932,1,9118,2:32:01,PBS save Parimala,81,youtube,False
1932,2,19645,5:27:28,Neman Amar Biru,79,youtube,False
1932,3,29246,8:07:29,Darshan Praveen Bocher,75,whisper,True
1933,1,27516,7:38:39,Yash Vishal Rajkotiya,100,whisper+youtube,True
1933,2,27916,7:45:19,ash rastoi,91,whisper+youtube,True
1933,3,31200,8:40:03,Ash Raj,89,youtube,True
1934,1,28371,7:52:54,Anushka Bajpay,100,whisper+youtube,True
1934,2,22486,6:14:49,The Yash Bajai,89,whisper+youtube,False
1934,3,19667,5:27:50,Balaji Ashok Patel,88,whisper+youtube,False
1935,1,27488,7:38:11,Ayushman Tavari,94,whisper+youtube,True
1935,2,28653,7:57:36,Aishwarya Tripathi,81,whisper+youtube,True
1935,3,8749,2:25:52,Tarti Sharma,78,youtube,False
1936,1,28866,8:01:09,Sanjana Lanka,100,whisper+youtube,True
1936,2,19172,5:19:35,Anik Ranjan,87,whisper+youtube,False
1936,3,26707,7:25:10,Ana Jana,85,whisper+youtube,True
1937,1,28219,7:50:22,Aman Kumar Raai,85,whisper+youtube,True
1937,2,31665,8:47:48,Aman Kumar Anil Verma,85,whisper+youtube,False
1937,3,28917,8:02:00,Aman Deep Singh,80,whisper,True
1938,1,19967,5:32:50,Abhishek Wa,89,youtube,False
1938,2,20261,5:37:44,Abhishek Tripati,89,youtube,False
1938,3,23718,6:35:21,Arian Ashish,87,whisper+youtube,False
1939,1,31356,8:42:39,Vedika Vive Gangil,100,whisper+youtube,False
1939,2,31665,8:47:48,Aman Kumar Anil Verma,82,whisper,False
1939,3,26690,7:24:53,Perika Nail Jaya Kumar,79,whisper,True
1940,1,28219,7:50:22,Aman Kumar Raai,100,whisper+youtube,True
1940,2,27970,7:46:13,Aman Kumar Singh,100,whisper+youtube,True
1940,3,31665,8:47:48,Aman Kumar Anil Verma,100,whisper+youtube,False
1941,1,26664,7:24:27,coordinators please have the students to take their seats,73,whisper,True
1942,1,13679,3:48:02,Ayush Kumar Singh,99,whisper+youtube,False
1942,2,13742,3:49:05,Ayush Singh,99,whisper+youtube,False
1942,3,12900,3:35:03,Arshit Singh,98,whisper+youtube,False
1943,1,27923,7:45:26,Vivek Chohan,100,whisper+youtube,True
1944,1,28692,7:58:15,Asmita Sarkar,99,whisper+youtube,True
1944,2,31347,8:42:30,Amita Manish Sakre,98,youtube,True
1944,3,17947,4:59:10,Anish Kumar Jaisman,86,whisper,False
1945,1,27409,7:36:52,Krishna Chandra,100,whisper,True
1945,2,14077,3:54:40,boy chatanya Bal Krishna,90,youtube,False
1945,3,27797,7:43:20,Tisha Chandwani,90,whisper+youtube,True
1946,1,28268,7:51:11,Ananya Mishra,100,whisper+youtube,True
1946,2,27438,7:37:21,Ananya Sharma,94,whisper+youtube,True
1946,3,14322,3:58:45,Anika Mishra,88,youtube,False
1947,1,27398,7:36:41,Hemanshu Mishra,100,whisper+youtube,True
1947,2,25004,6:56:47,Himanshu Sharva,94,whisper+youtube,False
1947,3,12969,3:36:12,Priyanshu Misra,88,whisper,False
1948,1,28917,8:02:00,Aman Deep Singh,100,whisper+youtube,True
1948,2,27970,7:46:13,Aman Kumar Singh,100,whisper+youtube,True
1948,3,18150,5:02:33,Taran Deep Singh Juneja,100,whisper,False
1949,1,27384,7:36:27,Aryan Singh,94,whisper+youtube,True
1949,2,28196,7:49:59,Aryan Singh,94,whisper+youtube,True
1949,3,26047,7:14:10,Aryan Singh Rajthu,94,whisper+youtube,False
1950,1,28211,7:50:14,Risha Barua,94,whisper+youtube,True
1950,2,13216,3:40:19,Tara Sanish,82,whisper,False
1950,3,12402,3:26:45,Rashi Baranal,82,youtube,False
1951,1,28321,7:52:04,Asmita Agarwal,100,whisper+youtube,True
1951,2,16189,4:29:52,Adit Agarwal,89,youtube,False
1951,3,27806,7:43:29,Rita Magrawal,88,whisper+youtube,True
1952,1,29940,8:19:03,Sakriti Dev,77,whisper,True
1952,2,21192,5:53:15,Ashi Hey,77,youtube,False
1952,3,22428,6:13:51,Karthik Krishna Devi,76,whisper,False
1953,1,28470,7:54:33,Deepak Kumar,94,whisper+youtube,True
1953,2,12746,3:32:29,Deepak Kumar,94,whisper+youtube,False
1953,3,12468,3:27:51,Netya Dharmesh Kumar Shah,89,whisper,False
1954,1,27516,7:38:39,Yash Vishal Rajkotiya,90,whisper+youtube,True
1954,2,31385,8:43:08,Aayush Vishu Karma,89,youtube,True
1954,3,27945,7:45:48,Wak Yash Adwaram,85,whisper+youtube,True
1955,1,29746,8:15:49,Anubha Kumar Singh,100,whisper+youtube,True
1955,2,16504,4:35:07,Anubha Kumar,99,youtube,False
1955,3,30420,8:27:03,Anushka Singh,98,whisper+youtube,True
1956,1,28219,7:50:22,Aman Kumar Raai,100,whisper+youtube,True
1956,2,27970,7:46:13,Aman Kumar Singh,100,whisper+youtube,True
1956,3,31665,8:47:48,Aman Kumar Anil Verma,100,whisper+youtube,False
1957,1,27345,7:35:48,Sumit Kumar,100,whisper,True
1957,2,16817,4:40:20,Sumit Kumar Tiwari,100,whisper+youtube,False
1957,3,13394,3:43:17,Surjit Kumar,98,whisper+youtube,False
1958,1,28445,7:54:08,Tanisha Gupta,100,whisper+youtube,True
1958,2,13560,3:46:03,Anish Kumar Gupta,100,whisper+youtube,False
1958,3,29084,8:04:47,Amisha Gupta,97,whisper+youtube,True
1959,1,29577,8:13:00,Ishita Mishra,100,whisper+youtube,True
1959,2,27651,7:40:54,Rishit Mishra,99,whisper+youtube,True
1959,3,20553,5:42:36,Ishant Mishra Huh?,94,youtube,False
1960,1,29722,8:15:25,Anand Bunal,90,whisper+youtube,True
1960,2,30122,8:22:05,Anand R,85,whisper+youtube,True
1960,3,9822,2:43:45,Anand,85,whisper+youtube,False
1961,1,30569,8:29:32,Nihalik Kumari,99,youtube,True
1961,2,22684,6:18:07,Nikhil Kumar,88,whisper,False
1961,3,9158,2:32:41,Nila Anweth Kumar,88,whisper,False
1962,1,29386,8:09:49,Astha Mastani,93,whisper,True
1962,2,27916,7:45:19,ash rastoi,85,whisper+youtube,True
1962,3,30211,8:23:34,Akshad Vanjani,82,youtube,True
1963,1,30815,8:33:38,Joti Kumari,97,youtube,True
1963,2,22210,6:10:13,Krishna Jayant Kumar Barochia,85,whisper,False
1963,3,26690,7:24:53,Perika Nail Jaya Kumar,80,whisper,True
1964,1,28109,7:48:32,Kumar Vashnav,99,whisper+youtube,True
1964,2,17947,4:59:10,Anish Kumar Jaisman,95,whisper+youtube,False
1964,3,13560,3:46:03,Anish Kumar Gupta,95,whisper+youtube,False
1965,1,31375,8:42:58,Vishnu Prattab Chopra,100,youtube,True
1965,2,23477,6:31:20,Miss Priyanka Vishu Karma,92,whisper+youtube,False
1965,3,18413,5:06:56,Rudra Pratap Singh Chohan,92,whisper,False
1966,1,30167,8:22:50,Kushi Shivhare,100,whisper+youtube,True
1966,2,15532,4:18:55,Manas Shivasa Huh?,85,youtube,False
1966,3,28737,7:59:00,Shoubam Raj Sharma Huh,81,youtube,True
1967,1,26381,7:19:44,Adash Kumar Bharma,100,whisper+youtube,True
1967,2,28169,7:49:32,Aush Kumar,94,whisper+youtube,True
1967,3,16538,4:35:41,Aayush Kumar Singh,91,youtube,False
1968,1,24033,6:40:36,Miss Divyani Sharma,95,youtube,False
1968,2,13226,3:40:29,Divyansh Sharma,95,whisper,False
1968,3,27562,7:39:25,Shivaj Sharma,88,whisper+youtube,True
1969,1,31847,8:50:50,Adved Shri Juham,80,whisper,False
1969,2,27303,7:35:06,Shish Dvd,74,whisper,True
1969,3,27200,7:33:23,Mukesh Di,71,whisper,True
1970,1,28894,8:01:37,Maruth Prishan,100,whisper+youtube,True
1970,2,13877,3:51:20,Ar Sri Krishna Kasiad,85,whisper+youtube,False
1970,3,13625,3:47:08,Part Krishna,85,whisper+youtube,False
1971,1,28527,7:55:30,Vijay Vinod Mani,100,whisper+youtube,True
1971,2,14855,4:07:38,Vira Manet,94,whisper+youtube,False
1971,3,29126,8:05:29,Vismaya Vinod Nayam,92,whisper,True
1972,1,28079,7:48:02,Shashank Anand,100,whisper+youtube,True
1972,2,18048,5:00:51,ana shastav,94,whisper+youtube,False
1972,3,31761,8:49:24,Shashank Raman,92,whisper+youtube,True
1973,1,31168,8:39:31,Tak Aush Deepak,97,youtube,True
1973,2,13604,3:46:47,Hakhre Ayush Dhananjay,92,whisper,False
1973,3,22076,6:07:59,Ayush Kapkar,92,whisper+youtube,False
1974,1,20341,5:39:04,Mayan Singh,100,whisper+youtube,False
1974,2,30910,8:35:13,Mayang Singh,97,youtube,True
1974,3,28195,7:49:58,Aryan Singh Omrakash,96,whisper+youtube,True
1975,1,29150,8:05:53,Ashwati Rajiv Nayar,97,whisper+youtube,True
1975,2,21597,6:00:00,Akshat Raj,89,whisper+youtube,False
1975,3,13634,3:47:17,Mati Raj Prashan,87,whisper+youtube,False
1976,1,31228,8:40:31,Jes Dubet,88,youtube,True
1976,2,29045,8:04:08,Rashi Dube,88,whisper+youtube,True
1976,3,30251,8:24:14,Dubet,74,youtube,True
1977,1,25835,7:10:38,Disha Jadab,94,youtube,False
1977,2,23830,6:37:13,Jaya Mishra,86,whisper+youtube,False
1977,3,19415,5:23:38,Jaya Dipti Mishra,86,whisper+youtube,False
1978,1,30937,8:35:40,Ankush silva,95,youtube,True
1978,2,15088,4:11:31,Anushka Shir Saga,86,whisper+youtube,False
1978,3,30420,8:27:03,Anushka Singh,83,whisper+youtube,True
1979,1,30266,8:24:29,Rajnis Kumar Singh,99,youtube,True
1979,2,13560,3:46:03,Anish Kumar Gupta,100,whisper+youtube,False
1979,3,17947,4:59:10,Anish Kumar Jaisman,100,whisper+youtube,False
1980,1,29454,8:10:57,Akshit Bharma,83,youtube,True
1980,2,19233,5:20:36,Laksh Sachin Bharat Dhuaj,83,whisper+youtube,False
1980,3,28072,7:47:55,Kashinath Ar,82,whisper,True
1981,1,27887,7:44:50,Rudhin Luxman Praveen,100,whisper+youtube,True
1981,2,29246,8:07:29,Darshan Praveen Bocher,94,whisper+youtube,True
1981,3,9123,2:32:06,Pravin Lalwani,85,whisper,False
1982,1,29211,8:06:54,Sun Nagpur,99,whisper+youtube,True
1982,2,28948,8:02:31,Arjun Anup Nay here,72,youtube,True
1982,3,27620,7:40:23,Sunsam,70,youtube,True
1983,1,28357,7:52:40,Afiya Chaudhry,93,whisper,True
1983,2,14022,3:53:45,Ramaditya Chaudhary,87,whisper,False
1983,3,26469,7:21:12,Tartafia Chaudhri,83,whisper,True
1984,1,20211,5:36:54,Nayan Jain,100,whisper+youtube,False
1984,2,23996,6:39:59,Ananya Jain,92,whisper+youtube,False
1984,3,8697,2:25:00,Jai Hind Nandri,90,whisper+youtube,False
1985,1,31243,8:40:46,Prahar Jasal,95,youtube,True
1985,2,13886,3:51:29,Bharti Jai Pratash,84,whisper,False
1985,3,21463,5:57:46,pranav jawar,83,youtube,False
1986,1,13429,3:43:52,Pratik Raj Mishra,94,whisper+youtube,False
1986,2,25826,7:10:29,Shria Raj Gupta,91,youtube,False
1986,3,12878,3:34:41,Rida Raj,90,whisper,False
1987,1,29898,8:18:21,Mehul Singh,100,whisper+youtube,True
1987,2,30546,8:29:09,Samip Singh Chil Mehrotra,83,whisper,True
1987,3,26066,7:14:29,Hardik Mithilesh Kumar Singh,82,whisper,True
1988,1,28840,8:00:43,Argya Chakravati,98,whisper+youtube,True
1988,2,10809,3:00:12,Argan Chgar,83,whisper,False
1988,3,23254,6:27:37,Jaya Chako Josa,79,whisper,False
1989,1,31266,8:41:09,Ananya Singh,100,whisper+youtube,True
1989,2,28195,7:49:58,Aryan Singh Omrakash,93,whisper+youtube,True
1989,3,20379,5:39:42,Aryan Singh Rathur,93,whisper+youtube,False
1990,1,24809,6:53:32,Saurav Jaini,82,whisper,False
1990,2,8809,2:26:52,Sapna pray,81,youtube,False
1990,3,20178,5:36:21,Surya Prattab Singh,80,youtube,False
1991,1,28479,7:54:42,Shuhodep Halar,92,whisper+youtube,True
1991,2,28815,8:00:18,Aditya Kumar Sahu,76,whisper+youtube,True
1991,3,14248,3:57:31,Halder,75,youtube,False
1992,1,29424,8:10:27,Amit Gunjan Jha,100,whisper+youtube,True
1992,2,28311,7:51:54,Amit Gupta,93,whisper+youtube,True
1992,3,26262,7:17:45,Vaish Ajit Unan,92,whisper+youtube,True
1993,1,28510,7:55:13,Mohan Chaturvedi,100,whisper+youtube,True
1993,2,17265,4:47:48,Harve Mishra,83,whisper+youtube,False
1993,3,27925,7:45:28,Vive Ch Johan,83,youtube,True
1994,1,29584,8:13:07,Naman Mukesh,100,whisper+youtube,True
1994,2,25110,6:58:33,Miss Sudesh Napan,89,whisper+youtube,False
1994,3,21888,6:04:51,Miss Kuhu Mitesh Champan area,85,whisper+youtube,False
1995,1,29358,8:09:21,Adash Jain,89,whisper,True
1995,2,22101,6:08:24,Harsh Jain,89,whisper,False
1995,3,20324,5:38:47,Ashi Jan,88,youtube,False
1996,1,12370,3:26:13,Chinak Sharma No,76,whisper+youtube,False
1996,2,30873,8:34:36,Chin Hope,72,youtube,True
1996,3,29755,8:15:58,Chin may I am,72,youtube,True
1997,1,31393,8:43:16,Rajan Kumar Singh,100,youtube,True
1997,2,28927,8:02:10,Aditya Raj Singh,100,whisper+youtube,True
1997,3,17409,4:50:12,Ranjan Kumar,100,whisper+youtube,False
1998,1,28470,7:54:33,Deepak Kumar,100,whisper+youtube,True
1998,2,12746,3:32:29,Deepak Kumar,100,whisper+youtube,False
1998,3,28884,8:01:27,Kumar,85,whisper+youtube,True
1999,1,28692,7:58:15,Asmita Sarkar,100,whisper+youtube,True
1999,2,14332,3:58:55,Aditya Sarkar,90,whisper,False
1999,3,31347,8:42:30,Amita Manish Sakre,87,youtube,True
2000,1,28277,7:51:20,Ayushi Gupta,100,whisper+youtube,True
2000,2,16955,4:42:38,Yashi Gupta,99,whisper+youtube,False
2000,3,18745,5:12:28,Kushi Gupta,91,youtube,False
2001,1,29204,8:06:47,Ashwin Abedasan,95,whisper+youtube,True
2001,2,28080,7:48:03,Shashank Anand Ashin Ny,90,whisper+youtube,True
2001,3,24556,6:49:19,Swami Das,82,youtube,False
2002,1,14789,4:06:32,Harsh Vardhan Singh Radhaar,83,whisper+youtube,False
2002,2,21771,6:02:54,Madhavi Chattranshi,77,whisper,False
2002,3,27101,7:31:44,Marini Madan Moan Naidu,76,youtube,True
2003,1,29228,8:07:11,Faraz Ahmad Khan,100,whisper+youtube,True
2003,2,14753,4:05:56,Ahmed Khan,100,whisper+youtube,False
2003,3,31068,8:37:51,Muhammad Ayan Khan,90,youtube,True
2004,1,10760,2:59:23,Aniket Kumar Singh,98,whisper+youtube,False
2004,2,28927,8:02:10,Aditya Raj Singh,95,whisper+youtube,True
2004,3,22930,6:22:13,Aksita Singh,95,whisper,False
2005,1,19037,5:17:20,Saurabh Kumar Rajdev,94,whisper+youtube,False
2005,2,14095,3:54:58,Shoubhham Kumar,89,whisper+youtube,False
2005,3,21286,5:54:49,Sor Kumar Chave,86,youtube,False
2006,1,30549,8:29:12,Sam Singh,99,whisper+youtube,True
2006,2,28917,8:02:00,Aman Deep Singh,92,whisper+youtube,True
2006,3,17239,4:47:22,Samar Prith Singh,90,whisper,False
2007,1,12309,3:25:12,Harsha Jangri,92,whisper+youtube,False
2007,2,14465,4:01:08,Arushi Puri,83,whisper,False
2007,3,14532,4:02:15,Arushi Puri,83,youtube,False
2008,1,24427,6:47:10,Priyanchu Kumar Singh,100,whisper+youtube,False
2008,2,12740,3:32:23,Priyanshu Singh,100,whisper+youtube,False
2008,3,17458,4:51:01,Priyani Singh,100,whisper+youtube,False
2009,1,26330,7:18:53,Tanish Chauhan,100,whisper+youtube,True
2009,2,27760,7:42:43,Tasha Chahar,91,whisper+youtube,True
2009,3,24985,6:56:28,Kanish Chohan,89,whisper+youtube,False
2010,1,20351,5:39:14,Akand Pratap Singh,98,whisper,False
2010,2,22502,6:15:05,Aditya Pratap Singh,98,whisper,False
2010,3,22038,6:07:21,Debian Shiv Pratap Singh,98,whisper,False
2011,1,29189,8:06:32,Le Joseph Kavalam,100,whisper+youtube,True
2011,2,28350,7:52:33,Joseph,80,youtube,True
2011,3,9534,2:38:57,Jocsi,61,whisper,False
2012,1,20526,5:42:09,Kesha Shri,91,youtube,False
2012,2,30742,8:32:25,Shree Khan Patnaayar,89,whisper,True
2012,3,26221,7:17:04,Shreya Sharma,83,whisper+youtube,True
2013,1,21420,5:57:03,Vashnav Prammod Ah,97,youtube,False
2013,2,13282,3:41:25,Om Prasad Bahira,88,whisper+youtube,False
2013,3,16907,4:41:50,Shri Pati Vaibhav Maitre,87,whisper,False
2014,1,22617,6:17:00,Saty Bhushan Bhaira,77,whisper,False
2014,2,31375,8:42:58,Vishnu Prattab Chopra,73,youtube,True
2014,3,26466,7:21:09,Bhya Huh?,73,youtube,True
2015,1,30190,8:23:13,Suhanish Sinha,100,whisper+youtube,True
2015,2,12333,3:25:36,Sha Singh,88,youtube,False
2015,3,10717,2:58:40,Takur Shujan Singsh and,86,youtube,False
2016,1,29560,8:12:43,Abinav Gupta,100,whisper+youtube,True
2016,2,29084,8:04:47,Amisha Gupta,88,whisper+youtube,True
2016,3,31160,8:39:23,Gupta Arian Arun Kumar,87,youtube,True
2017,1,23154,6:25:57,Shah Krishy Chalesh Kumar,99,whisper+youtube,False
2017,2,14184,3:56:27,Sashan Kumar Singhumar,99,whisper+youtube,False
2017,3,14059,3:54:22,Shashat Vikram Singh,96,youtube,False
2018,1,29967,8:19:30,Kiran Agraal,100,whisper+youtube,True
2018,2,27806,7:43:29,Rita Magrawal,93,whisper+youtube,True
2018,3,29797,8:16:40,Kiran Kumar,86,youtube,True
2019,1,28286,7:51:29,Harsh Saxena,100,whisper+youtube,True
2019,2,13298,3:41:41,Shana Sharish Kumar,92,whisper+youtube,False
2019,3,15120,4:12:03,Patel Harsh Rajendra,86,whisper,False
2020,1,29440,8:10:43,Gautam Singh Koshik,100,whisper+youtube,True
2020,2,13742,3:49:05,Aushi Singh,100,whisper+youtube,False
2020,3,31286,8:41:29,Rudra Kanesh Singh,95,whisper+youtube,True
2021,1,27271,7:34:34,Aryan Gupta,100,whisper,True
2021,2,15349,4:15:52,Aryan Gupta,100,youtube,False
2021,3,10437,2:54:00,Sarang's Gupta,96,whisper+youtube,False
2022,1,30825,8:33:48,Archet Prasad,97,youtube,True
2022,2,29976,8:19:39,Archa Prashad Nayer,93,youtube,True
2022,3,26634,7:23:57,Niranjadam Hari Prasad,88,whisper,True
2023,1,21597,6:00:00,Akshat Raj,100,whisper+youtube,False
2023,2,29150,8:05:53,Ashwati Rajiv Nayar,94,whisper+youtube,True
2023,3,31200,8:40:03,Ash Raj,92,youtube,True
2024,1,32037,8:54:00,Vaishnavi Singh Parihar,100,whisper+youtube,False
2024,2,25238,7:00:41,Pri Singh,91,youtube,False
2024,3,17239,4:47:22,Samar Prith Singh,91,whisper,False
2025,1,22516,6:15:19,Yash Krishnani,91,whisper+youtube,False
2025,2,12710,3:31:53,Yash Kashab,91,whisper+youtube,False
2025,3,22752,6:19:15,Anjali Yash Krishnani,86,whisper,False
2026,1,26221,7:17:04,Shreya Sharma,88,whisper+youtube,True
2026,2,14878,4:08:01,Dhaval Harsh Pandit,83,whisper,False
2026,3,13649,3:47:32,Shreya Daga,83,whisper,False
2027,1,20479,5:41:22,Kavari Singh,96,whisper,False
2027,2,27545,7:39:08,Kartikesh Singh,94,whisper+youtube,True
2027,3,29746,8:15:49,Anubha Kumar Singh,92,whisper+youtube,True
2028,1,14949,4:09:12,Modit Mayank Mishra,100,whisper,False
2028,2,20372,5:39:35,Mayang Mishra,97,youtube,False
2028,3,23830,6:37:13,Jaya Mishra,92,whisper+youtube,False
2029,1,27284,7:34:47,Umang Sharma,100,whisper+youtube,True
2029,2,12719,3:32:02,Aman Sharma,94,whisper+youtube,False
2029,3,27151,7:32:34,Man Sharma,93,youtube,True
2030,1,28653,7:57:36,Aishwarya Tripathi,90,whisper+youtube,True
2030,2,22192,6:09:55,Mansi Tripathi,89,whisper,False
2030,3,26206,7:16:49,Kushi Tripathi,87,whisper+youtube,True
2031,1,26449,7:20:52,Babar Addi Badrinath,100,whisper+youtube,True
2031,2,19135,5:18:58,Bavar Om Somnath,87,whisper,False
2031,3,13282,3:41:25,Om Prasad Bahira,87,whisper+youtube,False
2032,1,30896,8:34:59,Animesh Kumar,100,youtube,True
2032,2,13560,3:46:03,Anish Kumar Gupta,100,whisper+youtube,False
2032,3,17947,4:59:10,Anish Kumar Jaisman,100,whisper+youtube,False
2033,1,27651,7:40:54,Rishit Mishra,100,whisper+youtube,True
2033,2,29577,8:13:00,Ishita Mishra,99,whisper+youtube,True
2033,3,23977,6:39:40,Rashmi Mishra,95,whisper+youtube,False
2034,1,30479,8:28:02,Hardik Mishra up,100,youtube,True
2034,2,17265,4:47:48,Harvek Mishra,97,whisper+youtube,False
2034,3,17477,4:51:20,Harvek Mishra,92,whisper,False
2035,1,27712,7:41:55,Pandan Raj,98,whisper,True
2035,2,27234,7:33:57,Raji Branjan,88,whisper+youtube,True
2035,3,31696,8:48:19,Rajiv Ranjan Pratab Singh,88,whisper+youtube,False
2036,1,27332,7:35:35,Sarthag Sambhav,100,whisper+youtube,True
2036,2,12577,3:29:40,Sauraj Saha,89,whisper+youtube,False
2036,3,31707,8:48:30,Srita Saha,85,youtube,False
2037,1,26213,7:16:56,Kushi Ramesh Pandey,100,whisper+youtube,True
2037,2,28579,7:56:22,Kushi Pandit,94,whisper+youtube,True
2037,3,23096,6:24:59,Riyanshu Kumar Pandey,92,whisper+youtube,False
2038,1,30622,8:30:25,Saksham Gupta,100,youtube,True
2038,2,27524,7:38:47,Sarthag Gupta,94,whisper+youtube,True
2038,3,29084,8:04:47,Amisha Gupta,92,whisper+youtube,True
2039,1,14128,3:55:31,Shivangi Kumar,100,whisper+youtube,False
2039,2,24966,6:56:09,Chidej Kumar Shivas,97,whisper,False
2039,3,22038,6:07:21,Debian Shiv Pratap Singh,97,whisper,False
2041,1,28810,8:00:13,Vansprith Kaur Khannuja,99,whisper,True
2041,2,30742,8:32:25,Shree Khan Patnaayar,87,whisper,True
2041,3,21837,6:04:00,Batan Aar Hussein Khan,82,youtube,False
2042,1,30964,8:36:07,Alo Kumar Mishra,97,youtube,True
2042,2,13578,3:46:21,Yvraj Kumar Jal,86,youtube,False
2042,3,30287,8:24:50,Dup Kumar Mark,83,youtube,True
2043,1,29960,8:19:23,Kirdan Agrawal,85,whisper+youtube,True
2043,2,29769,8:16:12,Goran Sharma,83,whisper+youtube,True
2043,3,26293,7:18:16,Agarwal,80,youtube,True
2044,1,29699,8:15:02,Fabio Sebastian,100,youtube,True
2044,2,12495,3:28:18,Kabir Ashikali Saptyani,75,whisper,False
2044,3,25557,7:06:00,Satikan,69,youtube,False
2045,1,28736,7:58:59,Shubham Raj Sharma,87,whisper+youtube,True
2045,2,13491,3:44:54,Subana shukla,95,whisper+youtube,False
2045,3,21076,5:51:19,Shu Rana,80,youtube,False
2046,1,27929,7:45:32,Arnaf Sinha,100,whisper+youtube,True
2046,2,28195,7:49:58,Aryan Singh Omrakash,90,whisper+youtube,True
2046,3,31268,8:41:11,Ana Singh,89,youtube,True
2047,1,24214,6:43:37,Jyoti Singh Rajput,99,whisper+youtube,False
2047,2,24658,6:51:01,Hari Ji Singh,88,whisper,False
2047,3,26119,7:15:22,Yura Singh,83,whisper,True
2048,1,27697,7:41:40,Jeremy Zach Jacob,100,whisper+youtube,True
2048,2,32022,8:53:45,Achi,58,youtube,False
2048,3,18684,5:11:27,back,58,youtube,False
2049,1,28311,7:51:54,Amit Gupta,100,whisper+youtube,True
2049,2,29084,8:04:47,Amisha Gupta,96,whisper+youtube,True
2049,3,29424,8:10:27,Amit Gunjan Jha,93,whisper+youtube,True
2050,1,28049,7:47:32,Arfaam Azaz,94,whisper+youtube,True
2050,2,22817,6:20:20,Alina Azam Khan,83,whisper+youtube,False
2050,3,10904,3:01:47,Aryan Vinay Vaja,78,whisper,False
2051,1,18018,5:00:21,Ria Ben Dhaves Kumar Patel,94,whisper+youtube,False
2051,2,16853,4:40:56,Aryan Faresh Patel,92,whisper+youtube,False
2051,3,23096,6:24:59,Priyanu Kumar Pande,92,whisper+youtube,False
2052,1,28018,7:47:01,Mohammad Faz,91,whisper+youtube,True
2052,2,25462,7:04:25,Muhammad Ashi,90,youtube,False
2052,3,22279,6:11:22,Gyan Ranjya Mohanta,88,whisper+youtube,False
2053,1,14714,4:05:17,so all the graduates please be seated on the chair,81,whisper+youtube,False
2053,2,20083,5:34:46,Hardik,80,youtube,False
2053,3,28793,7:59:56,Shri Gori Pande,75,youtube,True
2054,1,13065,3:37:48,Mani Anish Jitendra,82,whisper,False
2054,2,12180,3:23:03,tanish,78,youtube,False
2054,3,31347,8:42:30,Amita Manish Sakre,76,youtube,True
2055,1,10835,3:00:38,Karan Gandhi Karan Gandha,93,whisper+youtube,False
2055,2,27362,7:36:05,Ara Katlana,89,whisper+youtube,True
2055,3,14077,3:54:40,boy chatanya Bal Krishna,86,whisper+youtube,False
2056,1,23932,6:38:55,Bharat Jain,97,whisper+youtube,False
2056,2,14233,3:57:16,Bhavyaans Jain,97,whisper,False
2056,3,27419,7:37:02,Bavera Jan,92,whisper+youtube,True
2057,1,31034,8:37:17,Aditya Krish,100,whisper+youtube,True
2057,2,21843,6:04:06,Harsh Aditya,92,whisper+youtube,False
2057,3,18877,5:14:40,Aditya Koshwa,92,whisper+youtube,False
2058,1,25851,7:10:54,Navika Meatra,90,youtube,False
2058,2,14322,3:58:45,Anika Mishra,86,whisper+youtube,False
2058,3,29530,8:12:13,Anika Kothara,81,whisper+youtube,True
2059,1,19111,5:18:34,Isha Prasanth Kashikar,80,whisper+youtube,False
2059,2,30167,8:22:50,Kushi Shivhare,76,whisper+youtube,True
2059,3,28579,7:56:22,Kushi Pandit,76,whisper+youtube,True
2060,1,28437,7:54:00,Shubham Gupta,94,whisper+youtube,True
2060,2,25826,7:10:29,Shria Raj Gupta,92,youtube,False
2060,3,12226,3:23:49,Disha Gupta Shivani Patel,90,whisper,False
2061,1,26249,7:17:32,Harsh,80,youtube,True
2061,2,31813,8:50:16,harsh,80,youtube,False
2061,3,29605,8:13:28,Harshi,77,youtube,True
2062,1,29464,8:11:07,Kishle Devari,76,whisper,True
2062,2,28653,7:57:36,Aishwarya Tripathi,74,whisper,True
2062,3,12599,3:30:02,Tibari,73,youtube,False
2063,1,28792,7:59:55,Sri Gauri Pandey,100,whisper+youtube,True
2063,2,12502,3:28:25,Sai Shruti Pandey,95,whisper+youtube,False
2063,3,26711,7:25:14,Sri Giri,90,youtube,True
2064,1,30218,8:23:41,Mohammad Amidh Hussain,93,whisper+youtube,True
2064,2,23311,6:28:34,Raveen Mohan,84,whisper,False
2064,3,27145,7:32:28,Mohit Kumar Sa,81,youtube,True
2065,1,28385,7:53:08,Vivek Shahi,100,whisper+youtube,True
2065,2,13919,3:52:02,Visual Vites Shaha,85,youtube,False
2065,3,29296,8:08:19,Anshul Jive Shwai,84,whisper,True
2066,1,31791,8:49:54,Manini Thabra,97,whisper+youtube,False
2066,2,30394,8:26:37,Manthib Singh Chabra,94,whisper+youtube,True
2066,3,17386,4:49:49,Malia cha,85,whisper+youtube,False
2067,1,23265,6:27:48,Anil Kumar,93,whisper+youtube,False
2067,2,19219,5:20:22,Ronit Kumar Mandal,92,whisper+youtube,False
2067,3,25679,7:08:02,Alna Kumari,89,youtube,False
2068,1,28797,8:00:00,Ruhani Maheshwari,100,whisper+youtube,True
2068,2,14789,4:06:32,Rehan Ahmed Mansuri,87,whisper+youtube,False
2068,3,30470,8:27:53,Rohan Mishra,84,whisper+youtube,True
2069,1,27915,7:45:18,Akshant Rastogi,87,whisper+youtube,True
2069,2,26986,7:29:49,Anmeisha Rathor,82,whisper,True
2069,3,28100,7:48:23,Akshon Mehrotra,79,whisper+youtube,True
2070,1,26140,7:15:43,Anul Madan,80,whisper+youtube,True
2070,2,21712,6:01:55,Manoj Kumar Pradhan,80,whisper+youtube,False
2070,3,10833,3:00:36,Rahul Raj,80,whisper+youtube,False
2071,1,27563,7:39:26,Shivanch Sharma,100,whisper+youtube,True
2071,2,18387,5:06:30,Shani Sharma,97,whisper+youtube,False
2071,3,22297,6:11:40,Shrian Sharma,93,youtube,False
2072,1,29950,8:19:13,Samriti Agrawal,100,whisper+youtube,True
2072,2,17234,4:47:17,Shrishi Agarwal,87,youtube,False
2072,3,15940,4:25:43,Sanskriti Agraal,87,youtube,False
2073,1,29990,8:19:53,Sara Joby David,100,whisper+youtube,True
2073,2,23300,6:28:23,Miss Moy Dvi Naga Saradwani,91,whisper+youtube,False
2073,3,30370,8:26:13,Dave Sarai first,88,youtube,True
2074,1,27663,7:41:06,Nari Sarah Chandra Narayana Rao,100,whisper+youtube,True
2074,2,9123,2:32:06,Sangram Sanjay Rao,90,whisper,False
2074,3,12427,3:27:10,Satya Sovan Rao,90,whisper,False
2075,1,28233,7:50:36,Mand Athars Nithin,100,whisper+youtube,True
2075,2,28545,7:55:48,Mahin Nain,90,whisper+youtube,True
2075,3,18180,5:03:03,Atarva pande,85,youtube,False
2076,1,19038,5:17:21,to take the name as I go,82,youtube,False
2076,2,28948,8:02:31,Arjun Anup Nay here,81,youtube,True
2076,3,25950,7:12:33,Ano Did I go,79,youtube,False
2077,1,21625,6:00:28,Aryan Sharma,91,whisper+youtube,False
2077,2,27663,7:41:06,Nari Sarah Chandra Narayana Rao,89,whisper+youtube,True
2077,3,28195,7:49:58,Aryan Singh Omrakash,86,whisper+youtube,True
2078,1,20351,5:39:14,Akand Pratap Singh,100,whisper,False
2078,2,18413,5:06:56,Rudra Pratap Singh Chohan,100,whisper,False
2078,3,21898,6:05:01,Aditya Pratap Singh,100,whisper,False
2079,1,20022,5:33:45,Sachin Kumar are,100,youtube,False
2079,2,14184,3:56:27,Sashan Kumar Singhumar,96,whisper+youtube,False
2079,3,28815,8:00:18,Aditya Kumar Sahu,95,whisper+youtube,True
2080,1,28573,7:56:16,Jiya Tiwari,98,whisper,True
2080,2,12599,3:30:02,Tibari,73,youtube,False
2080,3,24639,6:50:42,Jishala,67,youtube,False
2081,1,29976,8:19:39,Archa Prashad Nayer,96,youtube,True
2081,2,30825,8:33:48,Archet Prasad,92,youtube,True
2081,3,31432,8:43:55,Anjila Prashad Nayar,90,whisper,True
2082,1,30805,8:33:28,Colola Harish,91,youtube,True
2082,2,21689,6:01:32,Tatish Akur Koshel,77,youtube,False
2082,3,10607,2:56:50,Hush Kouler,77,youtube,False
2083,1,29960,8:19:23,Kirdan Agrawal,92,whisper+youtube,True
2083,2,28459,7:54:22,Akshad Agraal,91,whisper+youtube,True
2083,3,13877,3:51:20,Ar Sri Krishna Kasiad,89,whisper,False
2084,1,26847,7:27:30,Tamaku Jan,78,youtube,True
2084,2,28349,7:52:32,Ryan Santosh Joseph,77,whisper,True
2084,3,14949,4:09:12,Jan B,74,whisper,False
2085,1,28496,7:54:59,Shardul Rana,100,whisper+youtube,True
2085,2,27439,7:37:22,Ana Sharma,93,whisper+youtube,True
2085,3,28616,7:56:59,Rashni Sharma,82,youtube,True
2086,1,25024,6:57:07,Kesha Kumar Cha,97,whisper+youtube,False
2086,2,19065,5:17:48,Chandan Kumar Verma,96,whisper+youtube,False
2086,3,14095,3:54:58,Shoubhham Kumar,91,youtube,False
2087,1,27937,7:45:40,Koli Jyoti Swaru,100,whisper+youtube,True
2087,2,10163,2:49:26,Rohit Kumar Sahu,80,whisper+youtube,False
2087,3,27145,7:32:28,Mohit Kumar Sa,76,youtube,True
2088,1,21061,5:51:04,Nitisha Gar,95,youtube,False
2088,2,23728,6:35:31,Miss Banisha Takur,77,youtube,False
2088,3,26330,7:18:53,Tanish Chauhan,73,whisper,True
2089,1,24804,6:53:27,Riya Shkumar Singh,100,whisper,False
2089,2,14620,4:03:43,Riya Singh,100,whisper+youtube,False
2089,3,17457,4:51:00,Riyanshi Singh,100,whisper+youtube,False
2090,1,29126,8:05:29,Vismaya Vinod Nayam,91,whisper,True
2090,2,27688,7:41:31,Suayam Winorth,79,whisper,True
2090,3,9183,2:33:06,in Kaya,78,youtube,False
2091,1,28226,7:50:29,Saurav Kunt,90,whisper,True
2091,2,15076,4:11:19,Kash Sharma,86,whisper+youtube,False
2091,3,27361,7:36:04,Arav Katlana,83,whisper+youtube,True
2092,1,29776,8:16:19,Rahul Kumar Jha,100,whisper+youtube,True
2092,2,26166,7:16:09,Rahul Kumar,100,whisper+youtube,True
2092,3,27247,7:34:10,Abhishe Kumar Ja,95,whisper+youtube,True
2093,1,28906,8:01:49,Sanvi Anand,100,whisper+youtube,True
2093,2,28079,7:48:02,Shashank Anand,92,whisper+youtube,True
2093,3,9837,2:44:00,Agni Hutri Ahira Anan,90,whisper+youtube,False
2094,1,27945,7:45:48,Wak Yash Adwaram,96,whisper+youtube,True
2094,2,21023,5:50:26,Yash Agarwal,87,youtube,False
2094,3,28168,7:49:31,Ayush Kumar,81,whisper+youtube,True
2095,1,29219,8:07:02,Prahard Saka,92,whisper+youtube,True
2095,2,8809,2:26:52,Sapna pray,83,youtube,False
2095,3,9898,2:45:01,Asena Sakina second rank,80,youtube,False
2096,1,29566,8:12:49,Sarveesh Kumar,100,whisper+youtube,True
2096,2,13298,3:41:41,Shana Sharish Kumar,91,whisper,False
2096,3,23154,6:25:57,Shalesh Kumar,91,youtube,False
2097,1,29028,8:03:51,Rakshittita Kriti Singh,97,whisper+youtube,True
2097,2,15299,4:15:02,Priti Naran Singh,92,youtube,False
2097,3,17167,4:46:10,Trishi Singh,86,youtube,False
2099,1,20357,5:39:20,Aryan Abhiji Desh Pande,78,youtube,False
2099,2,26015,7:13:38,Ich will bis zum nächsten Mal,75,whisper,False
2099,3,27101,7:31:44,Marini Madan Moan Naidu,71,youtube,True
2100,1,30890,8:34:53,Rajat Bansan,100,whisper+youtube,True
2100,2,24268,6:44:31,Anushka Rajput,86,whisper+youtube,False
2100,3,27234,7:33:57,Raji Branjan,86,whisper+youtube,True
2101,1,29358,8:09:21,Adash Jain,98,whisper,True
2101,2,22101,6:08:24,Harsh Jain,91,whisper,False
2101,3,31058,8:37:41,Harsh Jan,88,youtube,True
2102,1,27361,7:36:04,Arav Katlana,99,whisper+youtube,True
2102,2,21837,6:04:00,Batan Aar Hussein Khan,85,youtube,False
2102,3,23879,6:38:02,Gaurav Kassanya,82,whisper,False
2103,1,14233,3:57:16,Bhavyaans Jain,96,whisper,False
2103,2,23932,6:38:55,Bharat Jain,96,whisper+youtube,False
2103,3,27419,7:37:02,Bavera Jan,90,whisper+youtube,True
2104,1,29722,8:15:25,Anand Bansal,100,whisper+youtube,True
2104,2,30890,8:34:53,Rajat Bansan,88,whisper+youtube,True
2104,3,26707,7:25:10,Ana Jana,88,whisper+youtube,True
2105,1,28486,7:54:49,Shreya Kumari,100,whisper+youtube,True
2105,2,23539,6:32:22,Raya Kumari,92,whisper+youtube,False
2105,3,24043,6:40:46,Miss Somia Sharma Kumari,91,youtube,False
2106,1,13974,3:52:57,Arun Gupta,99,whisper+youtube,False
2106,2,31160,8:39:23,Gupta Arian Arun Kumar,94,youtube,True
2106,3,30796,8:33:19,Arian Vimmel Eankar,84,youtube,True
2107,1,9627,2:40:30,Deepanksu Srivastava,99,whisper+youtube,False
2107,2,31931,8:52:14,Uttar deep shivasa,92,youtube,False
2107,3,20627,5:43:50,Utkar Shivasta,91,youtube,False
2108,1,14878,4:08:01,Aslita Pal,89,whisper+youtube,False
2108,2,28096,7:48:19,Adita Rajiv Patel,85,whisper+youtube,True
2108,3,8859,2:27:42,Puspender Singh Pa V Ait Kumar Puroit,84,youtube,False
2109,1,29406,8:10:09,Abhirami Suresh,100,whisper+youtube,True
2109,2,9353,2:35:56,Abra Yakub supervisor Dr,82,youtube,False
2109,3,22795,6:19:58,Surash K,74,youtube,False
2110,1,19091,5:18:14,Anushia Anushia is,86,whisper+youtube,False
2110,2,27481,7:38:04,Rishika Ret Shawasti,84,whisper+youtube,True
2110,3,10918,3:02:01,Lavanya Bashira in absentia for the awards of,80,whisper,False
2111,1,29352,8:09:15,Mansi Patvardhan,100,whisper+youtube,True
2111,2,28553,7:55:56,Manas Patak,91,whisper+youtube,True
2111,3,22509,6:15:12,Harsh Manik Parate,89,whisper+youtube,False
2112,1,21720,6:02:03,Chandran Shu Sarkar,88,whisper+youtube,False
2112,2,21076,5:51:19,Shu Rana,83,youtube,False
2112,3,17491,4:51:34,Kanesh Kashukla,82,youtube,False
2113,1,27375,7:36:18,Abhinav Kumar,100,whisper+youtube,True
2113,2,28108,7:48:31,Kumar Vaishnav,96,whisper+youtube,True
2113,3,14376,3:59:39,Abhay Kumar,93,whisper,False
2114,1,26838,7:27:21,Krishna Ram Kumar Sahu,100,youtube,True
2114,2,28815,8:00:18,Aditya Kumar Sahu,93,whisper+youtube,True
2114,3,22210,6:10:13,Krishna Jayant Kumar Barochia,93,whisper+youtube,False
2115,1,28340,7:52:23,Marmi Chetan Joshi,100,whisper,True
2115,2,23254,6:27:37,is Joy Chako Joseph,87,whisper+youtube,False
2115,3,20847,5:47:30,Agria Jooshi,84,youtube,False
2116,1,28783,7:59:46,Ayushman Kumar Singh,99,whisper+youtube,True
2116,2,30420,8:27:03,Anushka Singh,98,whisper+youtube,True
2116,3,29746,8:15:49,Anubha Kumar Singh,95,whisper+youtube,True
2117,1,29878,8:18:01,Virat Jan,98,whisper+youtube,True
2117,2,12594,3:29:57,Aviral Jind,84,whisper,False
2117,3,14830,4:07:13,Viraj Mani,82,whisper,False
2118,1,9611,2:40:14,Sagnik Sen,89,whisper+youtube,False
2118,2,18426,5:07:09,Abdu Sa Safik,84,youtube,False
2118,3,26624,7:23:47,Aperna Sajiv,83,whisper+youtube,True
2119,1,26015,7:13:38,Ich will bis zum nächsten Mal,72,whisper,True
2119,2,25595,7:06:38,Vishu Kalar,71,youtube,True
2119,3,29908,8:18:31,Kushal Patil,71,whisper,True
2120,1,27833,7:43:56,Mehul Kumar,100,whisper+youtube,True
2120,2,29776,8:16:19,Rahul Kumar Jha,92,whisper+youtube,True
2120,3,26166,7:16:09,Rahul Kumar,92,whisper+youtube,True
2121,1,23780,6:36:23,Ayesh Sharma,92,whisper+youtube,False
2121,2,22055,6:07:38,Akash Sharma,92,whisper+youtube,False
2121,3,31295,8:41:38,Jalash Sharma,92,youtube,False
2122,1,27545,7:39:08,Kartikesh Singh,100,whisper+youtube,True
2122,2,14303,3:58:26,Rakkesh Kumar Singh,99,whisper+youtube,False
2122,3,31286,8:41:29,Rudra Kanesh Singh,97,whisper+youtube,False
2123,1,19091,5:18:14,Anushia Anushia is,89,whisper+youtube,False
2123,2,30166,8:22:49,Kushi Shivare,85,whisper+youtube,True
2123,3,26214,7:16:57,Kushi Romesh Pande,84,whisper+youtube,True
2124,1,25004,6:56:47,Himanshu Sharva,94,whisper+youtube,False
2124,2,26795,7:26:38,This is not a time to be impatient,82,whisper+youtube,True
2124,3,31017,8:37:00,himu sikar,82,youtube,False
2125,1,24033,6:40:36,Miss Divyani Sharma,99,whisper+youtube,False
2125,2,24106,6:41:49,Miss Dyanka Sharma,94,whisper+youtube,False
2125,3,13226,3:40:29,Divyansh Sharma,93,whisper,False
2126,1,22151,6:09:14,Debian Shiv Bhutta,82,whisper,False
2126,2,14255,3:57:38,Dutta,80,youtube,False
2126,3,28663,7:57:46,Aditya Dashputra,78,whisper+youtube,True
2127,1,22076,6:07:59,Ayush Kapkar,100,whisper+youtube,False
2127,2,28168,7:49:31,Ayush Kumar,92,whisper+youtube,True
2127,3,13679,3:48:02,Ayush Kumar Singh,92,whisper+youtube,False
2128,1,28211,7:50:14,Risha Barua,100,whisper+youtube,True
2128,2,22236,6:10:39,Rishabh Kabra,92,whisper+youtube,False
2128,3,14077,3:54:40,Boyr Chaitanya Baal Krishna,80,whisper,False
2129,1,10711,2:58:34,Nirmal Nath K,79,whisper+youtube,False
2129,2,26636,7:23:59,niran haripasha,76,whisper+youtube,True
2129,3,30882,8:34:45,Nirmal Han,74,youtube,True
2130,1,26316,7:18:39,Watsal Arora,87,whisper+youtube,True
2130,2,30010,8:20:13,Aditya Rao,86,whisper,True
2130,3,14332,3:58:55,Aditya Sarkar,85,whisper,False
2131,1,28243,7:50:46,Ashwarya Singh Baghel,100,whisper+youtube,True
2131,2,29332,8:08:55,Aishwarya Singh,100,whisper+youtube,True
2131,3,27553,7:39:16,Manisha Singh,94,whisper+youtube,True
2132,1,29084,8:04:47,Amisha Gupta,100,whisper+youtube,True
2132,2,13560,3:46:03,Anish Kumar Gupta,97,whisper+youtube,False
2132,3,28311,7:51:54,Amit Gupta,96,whisper+youtube,True
2133,1,28295,7:51:38,Shre Pande,100,whisper+youtube,True
2133,2,14376,3:59:39,Shreskar Pandey,98,whisper+youtube,False
2133,3,28793,7:59:56,Shri Gori Pande,96,whisper+youtube,True
2134,1,27925,7:45:28,Vive Ch Johan,74,youtube,True
2134,2,26651,7:24:14,even can go smoothly,73,whisper,True
2134,3,29228,8:07:11,Faraz Ahmad Khan,70,whisper,True
2135,1,29985,8:19:48,Chelsea Patel,100,whisper+youtube,True
2135,2,20800,5:46:43,Patel,80,youtube,False
2135,3,18018,5:00:21,Patel,80,youtube,False
2136,1,18759,5:12:42,Yana Jain,93,whisper+youtube,False
2136,2,13577,3:46:20,Yuvraj Kumar Jaiswal,92,whisper+youtube,False
2136,3,27247,7:34:10,Abhishe Kumar Ja,82,whisper+youtube,True
2137,1,31907,8:51:50,Meridul Krishan Shavla,100,whisper+youtube,False
2137,2,27409,7:36:52,Krishna Chandra,95,whisper+youtube,True
2137,3,14077,3:54:40,boy chatanya Bal Krishna,94,whisper+youtube,False
2138,1,29007,8:03:30,Disha Chakraarti,100,whisper+youtube,True
2138,2,26091,7:14:54,Diksha Bharat,86,youtube,True
2138,3,23254,6:27:37,is Joy Chako Joseph,85,youtube,False
2139,1,30438,8:27:21,Sadhan Mahajan,97,whisper+youtube,True
2139,2,27848,7:44:11,Siddharth Singh Malan,93,whisper+youtube,True
2139,3,23580,6:33:03,Siam Mahajan,88,whisper,False
2140,1,28824,8:00:27,Naveen Krishna,100,whisper+youtube,True
2140,2,18298,5:05:01,Disha Naven,88,youtube,False
2140,3,26576,7:22:59,Naven Pervin,80,youtube,True
2141,1,31665,8:47:48,Aman Kumar Anil Verma,100,whisper,False
2141,2,29614,8:13:37,Anjila Varma,95,whisper+youtube,True
2141,3,26439,7:20:42,Kanjul Verma,88,whisper,True
2142,1,30528,8:28:51,Arpit Goyal,100,whisper,True
2142,2,12361,3:26:04,Arpe Gopta,82,whisper,False
2142,3,9702,2:41:45,master of computer applications go,79,youtube,False
2143,1,31769,8:49:32,Shatee Soni,95,whisper,False
2143,2,29342,8:09:05,Sonia Shya,87,youtube,True
2143,3,14714,4:05:17,so all the graduates please be seated on the chair,87,whisper+youtube,False
2144,1,29510,8:11:53,Puna Gupta,100,whisper+youtube,True
2144,2,27964,7:46:07,Gupta,80,youtube,True
2144,3,28538,7:55:41,Gupta,80,youtube,True
2145,1,31463,8:44:26,Hardik Nagpal,100,youtube,True
2145,2,15473,4:17:56,Nagpal,80,youtube,False
2145,3,20083,5:34:46,Hardik,80,youtube,False
2146,1,21712,6:01:55,Manoj Kumar Pradhan,97,whisper+youtube,False
2146,2,13560,3:46:03,Anish Kumar Gupta,96,whisper+youtube,False
2146,3,28109,7:48:32,Kumar Vashnav,95,whisper+youtube,True
2147,1,16843,4:40:46,Dhruva Singh Pradip Singh Vagayala,86,whisper,False
2147,2,19233,5:20:36,Laksh Sachin Bharat Dhuaj,82,whisper,False
2147,3,20223,5:37:06,Dhiraj Singh Jawan,76,youtube,False
2148,1,31867,8:51:10,Sanjay Jiish,93,whisper+youtube,False
2148,2,22279,6:11:22,Gyan Ranjya Mohanta,78,whisper,False
2148,3,27789,7:43:12,Mahi Jan,77,youtube,True
2149,1,28188,7:49:51,Shashank Asthana,100,whisper+youtube,True
2149,2,28080,7:48:03,Shashank Anand Ashin Ny,97,whisper+youtube,True
2149,3,19211,5:20:14,Shams Shadan Khan,86,whisper+youtube,False
2150,1,26380,7:19:43,Adarish Kumar Verma,100,whisper+youtube,True
2150,2,16365,4:32:48,Arsh Kumar,95,youtube,False
2150,3,24865,6:54:28,Duresh Kumar Singh,94,whisper+youtube,False
2151,1,12510,3:28:33,Tiwari Parth Anand,96,whisper+youtube,False
2151,2,13216,3:40:19,Tara Sanish,79,whisper,False
2151,3,26664,7:24:27,coordinators please have the students to take their seats,78,whisper+youtube,True
2152,1,10697,2:58:20,Aditya Ravath and,86,whisper,False
2152,2,30010,8:20:13,Aditya Rao,84,whisper,True
2152,3,11107,3:05:10,admit you to the several degrees both in,82,youtube,False
2153,1,27915,7:45:18,Akshant Rastogi,100,whisper+youtube,True
2153,2,22768,6:19:31,Shishant Rao,78,whisper,False
2153,3,19091,5:18:14,Anusha As,78,whisper,False
2154,1,27975,7:46:18,Prattin Sharma,84,whisper+youtube,True
2154,2,28653,7:57:36,Aishwarya Tripathi,83,whisper,True
2154,3,8749,2:25:52,Tarti Sharma,79,youtube,False
2155,1,31529,8:45:32,Jaren is George,92,youtube,False
2155,2,26655,7:24:18,go smoothly this is your day of,87,whisper+youtube,True
2155,3,28608,7:56:51,George,85,whisper+youtube,True
2156,1,30606,8:30:09,Amitesh Mishra,100,youtube,True
2156,2,21888,6:04:51,Miss Kuhu Mitesh Champan area,89,youtube,False
2156,3,19397,5:23:20,Abhishek Mishra,87,whisper,False
2157,1,26949,7:29:12,Swati suchita samra,100,whisper+youtube,True
2157,2,24170,6:42:53,Shruti Satankar,87,whisper+youtube,False
2157,3,29016,8:03:39,Shri Padi Lakshmi Sharanya,86,whisper+youtube,True
2158,1,31429,8:43:52,Arin Balyan,100,youtube,True
2158,2,26438,7:20:41,Baba Omar Badrin,89,whisper+youtube,True
2158,3,20211,5:36:54,Nayan Jain,83,whisper,False
2159,1,28252,7:50:55,Samriti Kustagir,88,whisper+youtube,True
2159,2,31628,8:47:11,Named Rastogi,82,whisper,False
2159,3,28381,7:53:04,Rudra Nayat Raindra,78,whisper+youtube,True
2160,1,26341,7:19:04,Shreas Jen,89,whisper+youtube,True
2160,2,20325,5:38:48,Jain Rishan Kumar,86,whisper,False
2160,3,26511,7:21:54,Shreya Malik,83,whisper+youtube,True
2161,1,31485,8:44:48,Tan Simbal,85,youtube,True
2161,2,22201,6:10:04,Somal Tuvani,78,whisper,False
2161,3,16808,4:40:11,Tanir Ekal,78,youtube,False
2162,1,31942,8:52:25,part metal,95,whisper+youtube,False
2162,2,29659,8:14:22,as it's a partial,88,whisper+youtube,True
2162,3,14780,4:06:23,Arita Mittal,87,youtube,False
2163,1,26986,7:29:49,Anmeisha Rathor,81,whisper,True
2163,2,27518,7:38:41,Vishal Rajcotia,80,whisper+youtube,True
2163,3,9676,2:41:19,Rohar Nidi Santos third rank,79,youtube,False
2164,1,9533,2:38:56,Adita Din Josie,94,youtube,False
2164,2,21412,5:56:55,Adith Jo,93,youtube,False
2164,3,13544,3:45:47,Aditya Joshi,92,whisper+youtube,False
2165,1,31688,8:48:11,Rahul Rahul Galot,92,youtube,False
2165,2,9451,2:37:34,Rahul,85,whisper+youtube,False
2165,3,29840,8:17:23,Rahul Teotia,83,whisper,True
2166,1,28402,7:53:25,Ria Raul Galka,100,whisper+youtube,True
2166,2,22370,6:12:53,Hari Priya,93,whisper+youtube,False
2166,3,22972,6:22:55,Kriya Raju,90,whisper,False
2167,1,29204,8:06:47,Ashwin Abedasan,85,whisper+youtube,True
2167,2,28085,7:48:08,Ashwin M,85,whisper+youtube,True
2167,3,28719,7:58:42,Ashwin,85,whisper+youtube,True
2168,1,20914,5:48:37,Nishtal Gupta,97,youtube,False
2168,2,28445,7:54:08,Tanisha Gupta,95,whisper+youtube,True
2168,3,13560,3:46:03,Anish Kumar Gupta,95,whisper+youtube,False
2169,1,24094,6:41:37,Ashita Verma,95,whisper,False
2169,2,29450,8:10:53,Akshet Varma,91,whisper,True
2169,3,14532,4:02:15,Akash Visra,86,whisper+youtube,False
2170,1,28545,7:55:48,Mahin Nain,87,whisper+youtube,True
2170,2,14322,3:58:45,Anika Mishra,90,whisper+youtube,False
2170,3,27101,7:31:44,Marini Madan Moan Naidu,81,youtube,True
2171,1,28427,7:53:50,Shreya Asthana,100,whisper+youtube,True
2171,2,12703,3:31:46,Shre Wash,88,whisper+youtube,False
2171,3,29016,8:03:39,Shri Padi Lakshmi Sharanya,87,whisper+youtube,True
2172,1,28452,7:54:15,Aditya Sajjan,100,whisper+youtube,True
2172,2,28927,8:02:10,Aditya Raj Singh,88,whisper+youtube,True
2172,3,19245,5:20:48,Aditi Shakhan,83,youtube,False
2173,1,27619,7:40:22,Sunam Mehta,100,whisper+youtube,True
2173,2,28968,8:02:51,Megha Sonavad,82,whisper+youtube,True
2173,3,13402,3:43:25,Suman Kumar Mishra,76,whisper,False
2174,1,13886,3:51:29,Bharti Jai Pratash,87,whisper,False
2174,2,20102,5:35:05,Abhai Bhal,86,youtube,False
2174,3,31312,8:41:55,Pratam Bhakna,86,whisper+youtube,True
2175,1,20687,5:44:50,Abhishek Choham,93,whisper,False
2175,2,27248,7:34:11,Abhishek Kumar Ja,87,whisper+youtube,True
2175,3,24445,6:47:28,Ashish Chauda,81,whisper,False
2176,1,14277,3:58:00,Rakesh Kumar Singh,88,whisper+youtube,False
2176,2,17013,4:43:36,Akshhat Kumar,82,whisper+youtube,False
2176,3,27145,7:32:28,Mohit Kumar Sa,78,youtube,True
2177,1,28243,7:50:46,Ashwarya Singh Baghel,90,whisper+youtube,True
2177,2,29332,8:08:55,Aishwarya Singh,89,whisper+youtube,True
2177,3,14878,4:08:01,Nukoor Singh,87,whisper,False
2178,1,24222,6:43:45,Shivani Thakur,98,whisper+youtube,False
2178,2,10711,2:58:34,Thakur Shwujan,95,whisper+youtube,False
2178,3,17183,4:46:26,Shalini Thakur,90,whisper,False
2179,1,31707,8:48:30,Srita Saha,78,youtube,False
2179,2,29150,8:05:53,Ashwati Rajiv Nayar,75,whisper+youtube,True
2179,3,25869,7:11:12,Asharia sayati,75,youtube,False
2180,1,32037,8:54:00,Vaishnavi Singh Parihar,100,whisper+youtube,False
2180,2,29332,8:08:55,Aishwarya Singh,93,whisper+youtube,True
2180,3,25238,7:00:41,Pri Singh,91,youtube,False
2181,1,28437,7:54:00,Shubham Gupta,100,whisper+youtube,True
2181,2,12756,3:32:39,Shruti Gupta,93,whisper+youtube,False
2181,3,27963,7:46:06,Shob Gopta,90,whisper+youtube,True
2182,1,30570,8:29:33,Mahi Jindal,100,whisper+youtube,True
2182,2,13065,3:37:48,Mani Anish Jitendra,86,whisper,False
2182,3,27789,7:43:12,Mahi Jan,83,youtube,True
2183,1,28702,7:58:25,Akshed Srivasta,80,whisper,True
2183,2,27518,7:38:41,Vishal Rajcotia,80,whisper+youtube,True
2183,3,13877,3:51:20,or Sri Krishna Kashab,79,youtube,False
2184,1,29940,8:19:03,Sakriti Dev,92,whisper,True
2184,2,26074,7:14:37,Sachin Chandra,95,whisper+youtube,False
2184,3,14103,3:55:06,Ria Sat Deva,88,whisper,False
2185,1,20553,5:42:36,Ishant Mishra Huh?,100,youtube,False
2185,2,27651,7:40:54,Rishit Mishra,94,whisper+youtube,True
2185,3,29577,8:13:00,Ishita Mishra,94,youtube,True
2186,1,31817,8:50:20,Nithin Chaturvedi,100,whisper+youtube,False
2186,2,19009,5:16:52,Aditi Chetri,83,whisper+youtube,False
2186,3,21178,5:53:01,Nitin,80,youtube,False
2187,1,29530,8:12:13,Anika Kotana,100,whisper+youtube,True
2187,2,14789,4:06:32,Alina Khan,87,whisper+youtube,False
2187,3,22817,6:20:20,Alina Azam Khan,87,whisper+youtube,False
2188,1,20357,5:39:20,Aryan Abhiji Desh Pande,99,youtube,False
2188,2,21741,6:02:24,Abhir Barman,85,whisper,False
2188,3,23234,6:27:17,Abhik Kyan,83,whisper,False
2189,1,28184,7:49:47,Abinasha Dash,100,whisper+youtube,True
2189,2,14376,3:59:39,Danish Ansari,89,whisper+youtube,False
2189,3,30137,8:22:20,Anushka Das,84,youtube,True
2190,1,28393,7:53:16,Samragi Chopra,100,whisper+youtube,True
2190,2,21862,6:04:25,Sam Rajas Chandra Shakhar,83,youtube,False
2190,3,23677,6:34:40,Chira Sharma,82,youtube,False
2191,1,28168,7:49:31,Ayush Kumar,100,whisper+youtube,True
2191,2,28783,7:59:46,Ayushman Kumar Singh,100,whisper+youtube,True
2191,3,14532,4:02:15,Ayush Kumar,100,whisper,False
2192,1,16662,4:37:45,Mahi Priya Dari,85,youtube,False
2192,2,23717,6:35:20,Aryan Ashish,80,whisper+youtube,False
2192,3,31006,8:36:49,Dear pita da,75,youtube,True
2193,1,10437,2:54:00,ma'am,86,whisper+youtube,False
2193,2,24738,6:52:21,Alina Saji,84,whisper+youtube,False
2193,3,9407,2:36:50,sambi ai,83,whisper+youtube,False
2194,1,31068,8:37:51,Muhammad Ayan Khan,100,youtube,True
2194,2,22127,6:08:50,Mohamma Takreem Khan,100,whisper+youtube,False
2194,3,14422,4:00:25,Muhammad Adil Khan,96,whisper,False
2195,1,26854,7:27:37,Appar Shiyadav,82,whisper,True
2195,2,27729,7:42:12,Apur Viyada,81,whisper,True
2195,3,20396,5:39:59,Yada,77,youtube,False
2196,1,28579,7:56:22,Kushi Pandit,100,whisper+youtube,True
2196,2,26214,7:16:57,Kushi Romesh Pande,95,whisper+youtube,False
2196,3,31033,8:37:16,Adit Krishit,88,whisper+youtube,True
2197,1,27419,7:37:02,Bavera Jan,92,whisper+youtube,True
2197,2,23932,6:38:55,Bharat Jain,97,whisper+youtube,False
2197,3,14233,3:57:16,Bhavyaans Jain,97,whisper,False
2198,1,30742,8:32:25,Shree Khan Patnaayar,82,whisper,True
2198,2,26512,7:21:55,Shrea Malik,78,whisper+youtube,True
2198,3,26969,7:29:32,Pat Sha,75,youtube,True
2199,1,22289,6:11:32,Devansh Khattri,97,whisper+youtube,False
2199,2,18723,5:12:06,Anvesha Chatter,87,whisper+youtube,False
2199,3,13793,3:49:56,Khandre Devans Vijay,86,whisper+youtube,False
2200,1,31735,8:48:58,Avira Deet Singh,100,whisper+youtube,False
2200,2,23464,6:31:07,Karaditya Singh,97,whisper+youtube,False
2200,3,29936,8:18:59,Aditya Singh,94,whisper+youtube,True
2201,1,26221,7:17:04,Shreya Sharma,90,whisper+youtube,True
2201,2,22297,6:11:40,Shreyan Sharma,90,whisper+youtube,False
2201,3,16765,4:39:28,Shri Shukla Ah,85,youtube,False
2202,1,29937,8:19:00,Aditi Singh,97,whisper+youtube,True
2202,2,14464,4:01:07,Adita Vikram Singh,93,whisper+youtube,False
2202,3,21898,6:05:01,Adita Prattab Singh,93,whisper+youtube,False
2203,1,31827,8:50:30,Vipin Gupta,96,whisper+youtube,False
2203,2,27964,7:46:07,Gupta,80,youtube,True
2203,3,27279,7:34:42,Gupta,80,youtube,True
2204,1,28682,7:58:05,Sarfaraj Ansari,100,whisper+youtube,True
2204,2,18633,5:10:36,Anushri Jai Sarkar,88,whisper,False
2204,3,27663,7:41:06,Nari Sarah Chandra Narayana Rao,82,youtube,True
2205,1,16173,4:29:36,Adla Prasad Reddi,84,youtube,False
2205,2,27284,7:34:47,Kunal Goyal,76,whisper+youtube,True
2205,3,32703,9:05:06,ready?,71,youtube,False
2206,1,9064,2:31:07,Supervisor Siddharth Maithi Mohan Lal,90,whisper,False
2206,2,21931,6:05:34,Mohit Sharma,85,whisper+youtube,False
2206,3,24086,6:41:29,Mahi Sharma,80,whisper+youtube,False
2207,1,9658,2:41:01,Saha Priyang Si second rank,99,whisper+youtube,False
2207,2,18488,5:08:11,Sah Pri call,95,youtube,False
2207,3,10029,2:47:12,Sriya Sahu,90,youtube,False
2208,1,30725,8:32:08,Shambhabi Kans,88,youtube,True
2208,2,27439,7:37:22,Ana Sharma,81,youtube,True
2208,3,12205,3:23:28,sham kumar kashab,80,youtube,False
2209,1,32037,8:54:00,Vaishnavi Singh Parihar,86,whisper,False
2209,2,15001,4:10:04,Vishwam Samir Kumar Patel,80,whisper+youtube,False
2209,3,12531,3:28:54,Vabhav,77,youtube,False
2211,1,26163,7:16:06,Vishal Malwal,100,whisper+youtube,False
2211,2,24436,6:47:19,Mala Krishna Kiriti,88,whisper+youtube,False
2211,3,23476,6:31:19,Priyanka Vishrukar Ma,85,whisper,False
2212,1,28875,8:01:18,Ranjali Tripathi,82,whisper,True
2212,2,28402,7:53:25,Ria Raul Galka,82,whisper+youtube,True
2212,3,14114,3:55:17,Manul Thiagi,79,youtube,False
2213,1,31898,8:51:41,Bashali Mandal,88,youtube,False
2213,2,29383,8:09:46,Palavi Moan,86,whisper+youtube,True
2213,3,10861,3:01:04,MD Abhidali,82,whisper+youtube,False
2214,1,30646,8:30:49,Sreshtha Dazeshwal,84,whisper,True
2214,2,21587,5:59:50,Jai Shri Sharma,83,whisper,False
2214,3,21515,5:58:38,Jai Shri Sharma,83,whisper,False
2215,1,28562,7:56:05,Isha,80,whisper,True
2215,2,25843,7:10:46,Isha Knight,80,youtube,False
2215,3,19111,5:18:34,Isha Prasanth Kashikar,80,whisper,False
2216,1,30796,8:33:19,Arian Vimmel Eankar,91,youtube,True
2216,2,10904,3:01:47,Aryan Vinay Vaja,89,whisper,False
2216,3,29878,8:18:01,Virat Jan,84,whisper+youtube,True
2217,1,14846,4:07:29,Shankar Anikit Anil,85,whisper+youtube,False
2217,2,26874,7:27:57,Alanchid Shakkehna,83,whisper,True
2217,3,12069,3:21:12,Aran Sakena,82,youtube,False
2218,1,26177,7:16:20,Sneha Agarwal,100,whisper+youtube,False
2218,2,28114,7:48:37,Shre Agrawal,85,whisper+youtube,True
2218,3,19757,5:29:20,Sagar Singh Kushwaha,83,whisper+youtube,False
2219,1,28815,8:00:18,Aditya Kumar Sahu,100,whisper+youtube,True
2219,2,10046,2:47:29,Aditya Raj Kumar,100,whisper,False
2219,3,16347,4:32:30,Aditya Kumar Gautam,100,youtube,False
2220,1,27761,7:42:44,Tashar Chahar,88,whisper+youtube,True
2220,2,22417,6:13:40,Miss Harika Sun Bha,84,youtube,False
2220,3,23926,6:38:49,Bhavishya Kamal,84,whisper,False
2221,1,29055,8:04:18,Samriti Jaswal,99,whisper+youtube,True
2221,2,26389,7:19:52,Jaswan Singh Sandhu,83,youtube,True
2221,3,29950,8:19:13,Samriti Agrawal,83,whisper+youtube,True
2222,1,27456,7:37:39,Devanshu Jena,100,whisper+youtube,True
2222,2,13951,3:52:34,Divan's Jan,82,whisper+youtube,False
2222,3,19647,5:27:30,Hemanshu Mohan Jha,79,whisper,False
2223,1,28710,7:58:33,Pude Kukreja,88,whisper+youtube,True
2223,2,12586,3:29:49,Kumaran,62,youtube,False
2223,3,26887,7:28:10,Kundan,60,youtube,True
2224,1,31574,8:46:17,Shruti Singh,100,whisper+youtube,False
2224,2,24462,6:47:45,Shrut Prada Singh,100,whisper+youtube,False
2224,3,12900,3:35:03,Arshit Singh,93,whisper+youtube,False
2225,1,28161,7:49:24,Rohan Sahu,100,whisper+youtube,True
2225,2,10163,2:49:26,Rohit Kumar Sahu,91,youtube,False
2225,3,10687,2:58:10,Pran Shu Chachan,90,whisper+youtube,False
2226,1,26904,7:28:27,Nikil Dhand,71,youtube,True
2226,2,12438,3:27:21,Mahindra Dhani,71,whisper,False
2226,3,18268,5:04:31,Dhani Behl,71,whisper,False
2227,1,31494,8:44:57,Shri Prakash Mandhani,100,whisper+youtube,False
2227,2,24873,6:54:36,Akash Shiv Shankar,100,whisper+youtube,False
2227,3,22038,6:07:21,Debian Shiv Pratap Singh,91,whisper,False
2228,1,31439,8:44:02,Nitan Kumar Mishra,95,youtube,True
2228,2,14121,3:55:24,Nitin Kumar,100,whisper+youtube,False
2228,3,22684,6:18:07,Nikil Kumar,94,whisper+youtube,False
2229,1,28195,7:49:58,Aryan Singh Omrakash,100,whisper+youtube,True
2229,2,20379,5:39:42,Aryan Singh Rathur,100,whisper+youtube,False
2229,3,27384,7:36:27,Aryan Singh,97,whisper,True
2230,1,31887,8:51:30,Ashweta Vinod,98,whisper+youtube,False
2230,2,10918,3:02:01,Lavanya Bashira in absentia for the awards of,87,whisper+youtube,False
2230,3,11108,3:05:11,in absentia in the various disciplines for which,82,whisper+youtube,False
2231,1,31034,8:37:17,Aditya Krish,80,whisper,True
2231,2,30234,8:23:57,Aditya Pandey,80,whisper,True
2231,3,30010,8:20:13,Aditya Rao,80,whisper,True
2232,1,30420,8:27:03,Anushka Singh,100,whisper+youtube,True
2232,2,21317,5:55:20,Anushka Singh,100,youtube,False
2232,3,29746,8:15:49,Anubha Kumar Singh,100,whisper+youtube,True
2233,1,27807,7:43:30,Britam Agraal,98,whisper+youtube,True
2233,2,23643,6:34:06,Miss Ritu Agraal,91,whisper+youtube,False
2233,3,28322,7:52:05,Amita Agarwal,88,whisper+youtube,True
2234,1,30430,8:27:13,Ashish Kumar,99,whisper+youtube,True
2234,2,13290,3:41:33,Ashish Kumar,99,whisper+youtube,False
2234,3,31961,8:52:44,Ashesh Kumar Nandan,98,whisper,False
2235,1,28815,8:00:18,Aditya Kumar Sahu,97,whisper+youtube,True
2235,2,26838,7:27:21,Krishna Ram Kumar Sahu,92,youtube,True
2235,3,10163,2:49:26,Rohit Kumar Sahu,92,youtube,False
2236,1,26333,7:18:56,Tanish Chawan,87,whisper+youtube,True
2236,2,13216,3:40:19,Tara Sanish,81,whisper,False
2236,3,9757,2:42:40,Tanis,80,whisper+youtube,False
2237,1,30092,8:21:35,Ananda Mukherjee,100,whisper+youtube,True
2237,2,21669,6:01:12,Anurag Roy Mukherjee,93,whisper+youtube,False
2237,3,29584,8:13:07,Naman Mukesh,80,whisper,True
2238,1,27498,7:38:21,Piyush Kakyal,83,whisper,True
2238,2,8824,2:27:07,Rosan Sures Raanu say,82,youtube,False
2238,3,23163,6:26:06,Sajab Rajabana Patish Ruti,80,whisper,False
2239,1,28437,7:54:00,Shubham Gupta,100,whisper+youtube,True
2239,2,10449,2:54:12,Sarans Gupta Huh?,90,youtube,False
2239,3,24926,6:55:29,The Hush Gupta,89,youtube,False
2240,1,28589,7:56:32,Aryan Mandlik,100,whisper+youtube,True
2240,2,13346,3:42:29,Arihan Mandari,87,whisper,False
2240,3,12191,3:23:14,Aayush man rehyan,84,youtube,False
2241,1,29036,8:03:59,Amriita Surana,98,whisper+youtube,True
2241,2,15449,4:17:32,Are you succ Santa,83,youtube,False
2241,3,17575,4:52:58,Are you sure,83,youtube,False
2242,1,30312,8:25:15,Raghuraj,85,whisper+youtube,True
2242,2,12577,3:29:40,Sauraj Saha,83,whisper+youtube,False
2242,3,31951,8:52:34,Shri Rash Pillai,77,whisper,False
2243,1,30589,8:29:52,man sandal,86,youtube,True
2243,2,18278,5:04:41,Anushka Satin Mandaker,85,whisper+youtube,False
2243,3,10308,2:51:51,Manis Rana,83,whisper,False
2244,1,26128,7:15:31,Yura Singh,100,whisper+youtube,False
2244,2,19541,5:25:44,Yovraj Pratap Singh,100,whisper+youtube,False
2244,3,17057,4:44:20,Yuvra Singh Naruka,98,youtube,False
2245,1,29539,8:12:22,Daran Neymar,94,whisper+youtube,True
2245,2,18150,5:02:33,Taran Deep Singh Juneja,88,whisper,False
2245,3,28917,8:02:00,Aman Deep Singh,84,whisper,True
2246,1,28303,7:51:46,Devendra Singh,100,whisper+youtube,True
2246,2,24904,6:55:07,Devendra Singh,100,whisper+youtube,False
2246,3,10747,2:59:10,Devendra Singh,100,whisper,False
2247,1,30971,8:36:14,Sojal buna,90,youtube,True
2247,2,13026,3:37:09,Kushal Bana,76,youtube,False
2247,3,20254,5:37:37,Suyash Bandi,74,youtube,False
2248,1,29924,8:18:47,Vitan Patel,92,whisper+youtube,True
2248,2,21924,6:05:27,Vrishti Nainesh Kumar Patel,93,whisper+youtube,False
2248,3,12226,3:23:49,Disha Gupta Shivani Patel,87,whisper,False
2249,1,12900,3:35:03,Arshit Singh,84,whisper+youtube,False
2249,2,23465,6:31:08,Adit Singh,82,whisper+youtube,False
2249,3,26750,7:25:53,Aritri Mangal,81,whisper+youtube,True
2250,1,21023,5:50:26,Yash Agarwal,98,youtube,False
2250,2,28461,7:54:24,Akshed Agarwal,91,whisper+youtube,True
2250,3,26042,7:14:05,Akshet Agarwal,91,whisper+youtube,False
2251,1,28597,7:56:40,Harsh Dhankar,100,whisper+youtube,True
2251,2,14878,4:08:01,Dhaval Harsh Pandit,90,whisper,False
2251,3,13298,3:41:41,Shana Sharish Kumar,84,whisper,False
2252,1,31633,8:47:16,Anushka Raj,100,youtube,True
2252,2,24268,6:44:31,Anushka Rajput,99,whisper+youtube,False
2252,3,10847,3:00:50,Anushuman Raj,95,whisper,False
2253,1,31761,8:49:24,Shashank Raman,100,whisper+youtube,False
2253,2,12719,3:32:02,Aman Sharma,92,whisper+youtube,False
2253,3,28079,7:48:02,Shashank Anand,92,whisper+youtube,True
2254,1,22101,6:08:24,Harsh Jain,100,whisper+youtube,False
2254,2,31058,8:37:41,Harsh Jan,94,youtube,True
2254,3,12309,3:25:12,Harshita Jangri,94,whisper+youtube,False
2255,1,29247,8:07:30,Daran Pravin Coacher,88,whisper+youtube,True
2255,2,30983,8:36:26,part singh raat,78,youtube,True
2255,3,16421,4:33:44,Kulkarnney Arnav Dhanjay,77,youtube,False
2256,1,30768,8:32:51,Athar Veda,80,whisper,True
2256,2,28767,7:59:30,Vedant,80,youtube,True
2256,3,17701,4:55:04,Vedant,80,youtube,False
2257,1,28947,8:02:30,Arjun Anoop Nayar,100,whisper+youtube,True
2257,2,27663,7:41:06,Nari Sarah Chandra Narayana Rao,81,youtube,True
2257,3,25290,7:01:33,Arjun M,80,youtube,False
2258,1,28553,7:55:56,Manas Patak,100,whisper+youtube,True
2258,2,29354,8:09:17,Many patan,91,whisper+youtube,True
2258,3,28026,7:47:09,Manav Naresh Patil,86,whisper,True
2259,1,13858,3:51:01,Anikesh Sharma,95,whisper+youtube,False
2259,2,13226,3:40:29,Divyansh Sharma,94,whisper,False
2259,3,24063,6:41:06,Arush Sharma,92,whisper+youtube,False
2260,1,26155,7:15:58,Anmol Shrotriya,100,whisper,False
2260,2,26284,7:18:07,Anul Sharma,84,whisper+youtube,True
2260,3,31596,8:46:39,Anmul Sharma,83,youtube,True
2261,1,30108,8:21:51,Jansin Saji,88,whisper,True
2261,2,14772,4:06:15,Josie Sai Shardul,85,youtube,False
2261,3,13945,3:52:28,Adi Jain,81,whisper+youtube,False
2262,1,29045,8:04:08,Rashi Dube,100,whisper+youtube,True
2262,2,23387,6:29:50,Akhil Gube,76,whisper,False
2263,1,21923,6:05:26,Miss Rishi Naesh Kumar Patel,90,whisper+youtube,False
2263,2,28203,7:50:06,Risha Badua,80,whisper+youtube,True
2263,3,14594,4:03:17,Rishi Kal,80,whisper,False
2264,1,28987,8:03:10,Andria Kash Ship,88,youtube,True
2264,2,15088,4:11:31,Anushka Shir Saga,84,youtube,False
2264,3,24328,6:45:31,Shri Vardhan Sharma,81,whisper,False
2265,1,28672,7:57:55,Sankar Verma,98,whisper,True
2265,2,17219,4:47:02,Anushka Varma Nam Deo,84,whisper,False
2265,3,23737,6:35:40,Sanjani Varma,84,whisper,False
2266,1,30378,8:26:21,Heman Twarma,93,whisper+youtube,True
2266,2,12719,3:32:02,Aman Sharma,82,whisper+youtube,False
2266,3,23888,6:38:11,Himmanshu Vishu Karma,82,youtube,False
2267,1,26146,7:15:49,Devansh Daga,91,whisper+youtube,False
2267,2,10904,3:01:47,Vani Shagarwal,83,whisper,False
2267,3,31841,8:50:44,Dan Shagraal,82,youtube,False
2268,1,31951,8:52:34,Shri Rash Pillai,89,whisper,False
2268,2,26715,7:25:18,Pina Pee Priya,80,whisper+youtube,True
2268,3,22913,6:21:56,Shiva Nandan Pi,78,youtube,False
2269,1,28815,8:00:18,Aditya Kumar Sahu,93,whisper+youtube,True
2269,2,24156,6:42:39,An Sahu,92,whisper+youtube,False
2269,3,8774,2:26:17,Santas Kumar Sahu,90,youtube,False
2270,1,20351,5:39:14,Akand Pratap Singh,100,whisper,False
2270,2,21898,6:05:01,Aditya Pratap Singh,100,whisper,False
2270,3,22038,6:07:21,Debian Shiv Pratap Singh,100,whisper+youtube,False
2271,1,28177,7:49:40,Shitej Mandal,97,whisper+youtube,True
2271,2,31494,8:44:57,Chip Rakash Mandhani,89,whisper+youtube,True
2271,3,12460,3:27:43,Manav Harish Bhai Patel,86,whisper+youtube,False
2272,1,12577,3:29:40,Sauraj Saha,85,whisper,False
2272,2,14628,4:03:51,Arab saxa,83,youtube,False
2272,3,27332,7:35:35,Sarthag Sambhav,81,whisper,True
2273,1,29342,8:09:05,Sania Shoria,90,whisper,True
2273,2,19031,5:17:14,Sanya Maurya,87,whisper,False
2273,3,29016,8:03:39,Shri Padi Lakshmi Sharanya,85,whisper+youtube,True
2274,1,21625,6:00:28,Aryan Parabh Gaikloth,83,whisper,False
2274,2,9951,2:45:54,automation as San Anon,78,youtube,False
2274,3,28554,7:55:57,Manas Parak,76,youtube,True
2275,1,19324,5:22:07,Shashi Kumar Yadav,100,youtube,False
2275,2,30430,8:27:13,Ashish Kumar,99,whisper+youtube,True
2275,3,13290,3:41:33,Ashish Kumar,99,whisper+youtube,False
2276,1,16614,4:36:57,Kalash Prattab God,88,youtube,False
2276,2,26651,7:24:14,even can go smoothly,77,whisper,True
2276,3,15837,4:24:00,You partney,76,youtube,False
2277,1,14714,4:05:17,so all the graduates please be seated on the chair,85,whisper+youtube,False
2277,2,14507,4:01:50,So this tree,81,youtube,False
2277,3,26644,7:24:07,I we will call you upon the stage when,71,youtube,True
2278,1,31448,8:44:11,Ravni Kaur,99,whisper+youtube,True
2278,2,18488,5:08:11,Sahesh Preet Kaur,90,whisper,False
2278,3,27632,7:40:35,Raini Kumari,80,whisper+youtube,True
2279,1,9357,2:36:00,Gold Medalist,87,whisper+youtube,False
2279,2,28402,7:53:25,Ria Raul Galka,78,whisper,True
2279,3,21178,5:53:01,Gopali,68,youtube,False
2280,1,29396,8:09:59,Harshad Bihani,99,whisper+youtube,True
2280,2,12460,3:27:43,Manav Harish Bhai Patel,88,whisper,False
2280,3,22417,6:13:40,Miss Harika Sun Bha,84,youtube,False
2281,1,17007,4:43:30,Gaurav Gupta,96,whisper+youtube,False
2281,2,28311,7:51:54,Amit Gupta,92,whisper+youtube,True
2281,3,20922,5:48:45,Adit Gupta,88,youtube,False
2282,1,28968,8:02:51,Mega Sonawat,100,whisper+youtube,True
2282,2,27619,7:40:22,Sunam Mehta,78,whisper,True
2282,3,24976,6:56:19,Saratak Mishra,74,youtube,False
2283,1,27907,7:45:10,Priyanshu Nilesh Chaudhry,100,whisper,True
2283,2,31522,8:45:25,Nilakshi Chaudhary,91,whisper,True
2283,3,24542,6:49:05,Miss Priyanchi Podar,83,youtube,False
2285,1,29045,8:04:08,Rashi Dube,82,whisper+youtube,True
2285,2,19431,5:23:54,Anish Desai,80,whisper,False
2285,3,29256,8:07:39,Anshul Devar,78,whisper,True
2286,1,21523,5:58:46,Aditi Shvastav,96,youtube,False
2286,2,19803,5:30:06,Aditya Raj Shivasta,96,whisper+youtube,False
2286,3,17362,4:49:25,Aditi Shvasta,95,youtube,False
2287,1,29177,8:06:20,Dika T Ner,88,whisper+youtube,True
2287,2,12446,3:27:29,Air Di,86,youtube,False
2287,3,26690,7:24:53,Perika Nail Jaya Kumar,83,whisper,True
2288,1,28251,7:50:54,Samridhi Khasthagir,91,whisper+youtube,True
2288,2,27663,7:41:06,Nari Sarah Chandra Narayana Rao,84,youtube,True
2288,3,31628,8:47:11,Named Rastogi,84,whisper,True
2289,1,31522,8:45:25,Nilakshi Chaudhary,97,whisper+youtube,True
2289,2,27907,7:45:10,Priyanshu Nilesh Chaudhry,83,whisper,True
2289,3,26330,7:18:53,Tanish Chauhan,71,whisper,True
2290,1,29776,8:16:19,Rahul Kumar Jha,100,whisper+youtube,True
2290,2,26166,7:16:09,Rahul Kumar,100,whisper+youtube,False
2290,3,27834,7:43:57,Mahulk Kumar,96,whisper+youtube,True
2291,1,29168,8:06:11,Menon,85,whisper+youtube,True
2291,2,12438,3:27:21,Mahendrani,61,youtube,False
2291,3,27740,7:42:23,Manish,61,whisper,True
2292,1,10602,2:56:45,Sam Jan,90,youtube,False
2292,2,29358,8:09:21,Adash Jain,90,whisper,True
2292,3,18567,5:09:30,Anushri Jai Sava,86,whisper,False
2293,1,18947,5:15:50,Vikas Patag,87,whisper,False
2293,2,14464,4:01:07,Adita Vikram Singh,80,youtube,False
2293,3,30768,8:32:51,Athar Veda,80,whisper,True
2294,1,22436,6:13:59,Satyam Jain,95,whisper+youtube,False
2294,2,10602,2:56:45,Sam Jan,92,youtube,False
2294,3,21587,5:59:50,Jai Shri Sharma,89,whisper,False
2295,1,26904,7:28:27,Nikil Dhand,96,youtube,True
2295,2,28831,8:00:34,Dan Nidhi Yes,85,youtube,True
2295,3,28233,7:50:36,Mand Athars Nithin,79,whisper,True
2296,1,27553,7:39:16,Manisha Singh,100,whisper+youtube,True
2296,2,30394,8:26:37,Manthib Singh Chabra,96,whisper+youtube,True
2296,3,13530,3:45:33,Anvith Imanshu Kumar Singh,90,whisper,False
2297,1,28195,7:49:58,Aryan Singh Omrakash,100,whisper+youtube,True
2297,2,27384,7:36:27,Aryan Singh,100,whisper+youtube,True
2297,3,26047,7:14:10,Aryan Singh Rajthu,100,whisper+youtube,False
2298,1,28101,7:48:24,Akshun Mehotra,100,whisper+youtube,True
2298,2,13866,3:51:09,Mehata Ayush Leelesh,82,whisper,False
2298,3,13151,3:39:14,akshhat mishra,80,youtube,False
2299,1,28528,7:55:31,Vijay Vinod Man,89,whisper+youtube,True
2299,2,13456,3:44:19,Manan said,80,youtube,False
2299,3,26750,7:25:53,Aritri Mangal,80,whisper+youtube,True
2300,1,29016,8:03:39,Shri Padi Lakshmi Sharanya,79,whisper+youtube,True
2300,2,14356,3:59:19,Adita Baheli Bahi,77,youtube,False
2300,3,27041,7:30:44,Lakshmi Shraia,77,whisper+youtube,True
2301,1,28753,7:59:16,Manish Kumar Shukla,85,whisper+youtube,True
2301,2,27740,7:42:23,Manish,85,whisper+youtube,True
2301,3,27553,7:39:16,Manisha Singh,83,whisper+youtube,True
2302,1,29366,8:09:29,Shetej Dalvi,92,whisper+youtube,True
2302,2,18287,5:04:50,Koshi Malvia,87,whisper+youtube,False
2302,3,30577,8:29:40,Mahi Jin Dal,85,youtube,True
2303,1,30983,8:36:26,part singh raat,98,youtube,True
2303,2,15107,4:11:50,a Singh Raat,100,whisper+youtube,False
2303,3,32037,8:54:00,Vaishnavi Singh Parihar,98,whisper+youtube,False
2304,1,30054,8:20:57,aroma eske Okay,82,whisper+youtube,True
2304,2,26316,7:18:39,Watsal Arora,70,whisper,True
2304,3,21825,6:03:48,Supreme Aroda,70,whisper,False
2305,1,30082,8:21:25,Rohit Sunil,100,whisper+youtube,True
2305,2,30190,8:23:13,Suani Shinha,78,youtube,True
2305,3,26720,7:25:23,Student sending on the right side please take your seats,77,whisper+youtube,True
2306,1,28114,7:48:37,Shre Agrawal,100,whisper+youtube,True
2306,2,28461,7:54:24,Akshed Agarwal,86,whisper+youtube,True
2306,3,29016,8:03:39,Shri Padi Lakshmi Sharanya,76,whisper,True
2307,1,28815,8:00:18,Aditya Kumar Sahu,87,whisper+youtube,True
2307,2,28663,7:57:46,Aditya Dashputra,79,whisper+youtube,True
2307,3,23025,6:23:48,Arit Shukla,76,youtube,False
2308,1,26140,7:15:43,Anshul Madhan,100,whisper+youtube,False
2308,2,18279,5:04:42,Anushka Sachin Mandar,91,whisper+youtube,False
2308,3,12339,3:25:42,Anul Dan,83,youtube,False
2309,1,17623,4:53:46,Devia Anzel Rahul Sharma,93,whisper+youtube,False
2309,2,28065,7:47:48,Arjav Sharma,92,whisper+youtube,True
2309,3,28736,7:58:59,Shubham Raj Sharma,88,whisper+youtube,True
2310,1,32874,9:07:57,Uh next VIT valor security team please,76,youtube,False
2310,2,25119,6:58:42,she's,71,youtube,False
2310,3,29016,8:03:39,Shri Padi Lakshmi Sharanya,70,whisper,True
2311,1,28125,7:48:48,Vas Arjun G,100,whisper+youtube,True
2311,2,22163,6:09:26,Apex Aryan Das,75,whisper,False
2311,3,12088,3:21:31,Vas,74,youtube,False
2312,1,23830,6:37:13,Jaya Mishra,92,whisper+youtube,False
2312,2,20347,5:39:10,Soyam Mishra,88,youtube,False
2312,3,19415,5:23:38,Jaya Dipti Mishra,88,whisper,False
2313,1,29909,8:18:32,Kushell Patel,100,whisper+youtube,True
2313,2,21924,6:05:27,Vrishti Nainesh Kumar Patel,93,whisper+youtube,False
2313,3,15001,4:10:04,Vishwam Samir Kumar Patel,93,whisper+youtube,False
2314,1,31259,8:41:02,Rhythm Jan,97,youtube,True
2314,2,28220,7:50:23,Aman Kumar Ry,73,youtube,True
2315,1,28502,7:55:05,Pushkar Singh,100,whisper+youtube,True
2315,2,31330,8:42:13,Pushkar Singh,100,youtube,True
2315,3,30420,8:27:03,Anushka Singh,95,whisper+youtube,True
2316,1,28459,7:54:22,Akshad Agraal,100,whisper+youtube,True
2316,2,26043,7:14:06,Akshhat Agarwal,99,whisper+youtube,False
2316,3,22622,6:17:05,Harsha Agraal,87,youtube,False
2317,1,30768,8:32:51,Athar Veda,95,whisper,True
2317,2,28096,7:48:19,Adita Rajiv Patel,86,whisper+youtube,True
2317,3,29150,8:05:53,Ashwati Rajiv Nayar,85,whisper+youtube,True
2318,1,26961,7:29:24,makaria nid chandesh by,98,whisper+youtube,True
2318,2,21771,6:02:54,Madhavi Chattranshi,81,whisper,False
2318,3,26500,7:21:43,Idra Chaudhri,81,whisper,True
2319,1,19359,5:22:42,Prakhar Mishra,100,whisper+youtube,False
2319,2,16050,4:27:33,Prahar Mishra,98,youtube,False
2319,3,13429,3:43:52,Pratik Raj Mishra,91,whisper,False
2320,1,27816,7:43:39,Sumit me,96,whisper+youtube,True
2320,2,13853,3:50:56,when you submit it to me,89,youtube,False
2320,3,28177,7:49:40,Shitej Mandal,82,whisper+youtube,True
2321,1,27848,7:44:11,Siddharth Singh Malan,100,whisper+youtube,True
2321,2,27970,7:46:13,Aman Kumar Singh,98,whisper+youtube,True
2321,3,20341,5:39:04,Mayan Singh,95,youtube,False
2322,1,30694,8:31:37,Saloni Choresya,83,whisper,True
2322,2,14714,4:05:17,so all the graduates please be seated on the chair,81,whisper,False
2322,3,26330,7:18:53,Tanish Chauhan,81,whisper+youtube,True
2323,1,17987,4:59:50,Srishti Shrivastava,86,whisper,False
2323,2,17907,4:58:30,Srishti Shrivastava,86,whisper,False
2323,3,17607,4:53:30,Lakshi Shvastav,81,youtube,False
2324,1,26855,7:27:38,Akan Shadav,81,youtube,True
2324,2,31494,8:44:57,Shri Prakash Mandhani,78,whisper+youtube,True
2324,3,20396,5:39:59,Yada,77,youtube,False
2325,1,26187,7:16:30,Ishika Goyal,100,whisper+youtube,False
2325,2,26655,7:24:18,go smoothly this is your day of,83,youtube,True
2325,3,18318,5:05:21,Goya,77,youtube,False
2326,1,29936,8:18:59,Aditya Singh,100,whisper+youtube,True
2326,2,28927,8:02:10,Aditya Raj Singh,100,whisper+youtube,True
2326,3,14422,4:00:25,Aditya Vikram Singh,100,whisper+youtube,False
2327,1,30741,8:32:24,Aman Sony,94,youtube,True
2327,2,23666,6:34:29,Shivani Soni,98,whisper+youtube,False
2327,3,12719,3:32:02,Aman Sharma,93,whisper+youtube,False
2328,1,29549,8:12:32,Sautri Dhana,95,whisper+youtube,True
2328,2,26624,7:23:47,Upandar Satri Varus,82,whisper+youtube,True
2328,3,9837,2:44:00,Agni Hutri Ahira Anan,81,youtube,False
2329,1,12333,3:25:36,Sha Singh,98,whisper+youtube,False
2329,2,28195,7:49:58,Aryan Singh Omrakash,94,whisper+youtube,True
2329,3,20379,5:39:42,Aryan Singh Rathur,94,whisper+youtube,False
2330,1,29492,8:11:35,Lakshita Sharma,94,whisper+youtube,True
2330,2,27562,7:39:25,Shivaj Sharma,92,whisper+youtube,True
2330,3,26928,7:28:51,Astitus Shadma,90,whisper,True
2331,1,30589,8:29:52,man sandal,88,youtube,True
2331,2,28906,8:01:49,Sanvi Anand,83,whisper+youtube,True
2331,3,27553,7:39:16,Manisha Singh,82,whisper+youtube,True
2332,1,28848,8:00:51,Real shankar,75,youtube,True
2332,2,29722,8:15:25,Anand Bansal,75,whisper,True
2332,3,31538,8:45:41,Aman,75,youtube,True
2333,1,29106,8:05:09,Pushi Kumari,76,whisper+youtube,True
2333,2,27631,7:40:34,Ragini Kumari,76,whisper+youtube,True
2333,3,28977,8:03:00,Praa Kumari,76,whisper+youtube,True
2334,1,29746,8:15:49,Anubha Kumar Singh,96,whisper+youtube,True
2334,2,23265,6:27:48,Anil Kumar,95,whisper+youtube,False
2334,3,14048,3:54:11,Rancham Kumar,92,youtube,False
2335,1,31584,8:46:27,Vijetta Shivas,93,youtube,True
2335,2,23377,6:29:40,Virat Shivasta,86,youtube,False
2335,3,31707,8:48:30,Shri Rita Shah,81,whisper,False
2336,1,13649,3:47:32,Shreya Daga,91,whisper,False
2336,2,28115,7:48:38,Shre Agraal,87,whisper+youtube,True
2336,3,19013,5:16:56,Shreya Nayar,87,whisper,False
2337,1,30137,8:22:20,Anushka Das,100,whisper+youtube,True
2337,2,28184,7:49:47,Abinasha Dash,89,whisper+youtube,True
2337,3,19091,5:18:14,Anusha As,89,whisper,False
2338,1,13560,3:46:03,Anish Kumar Gupta,100,whisper+youtube,False
2338,2,28536,7:55:39,Anshnayan Gupta,94,whisper,True
2338,3,27271,7:34:34,Aryan Gupta,93,whisper,True
2339,1,27675,7:41:18,Amish Nair,100,whisper+youtube,True
2339,2,21888,6:04:51,Kuhu Mitesh Champa Nairya,88,whisper,False
2339,3,28546,7:55:49,Mi Nin,82,whisper+youtube,True
2340,1,31695,8:48:18,Rajeev Ranjan Patapsing,100,whisper+youtube,False
2340,2,14376,3:59:39,Harsh Pratap Singh,100,whisper,False
2340,3,19541,5:25:44,Yovraj Pratap Singh,100,whisper,False
2341,1,20563,5:42:46,Abhishek Varma,99,whisper+youtube,False
2341,2,26380,7:19:43,Adarish Kumar Verma,85,whisper,True
2341,3,29450,8:10:53,Akshet Varma,76,whisper,True
2342,1,28884,8:01:27,Shweta Anil Kumar Nayar,89,whisper,True
2342,2,31242,8:40:45,Anjila Prashad Nayar,88,whisper+youtube,True
2342,3,31432,8:43:55,Anjila Prashad Nayar,83,whisper,True
2343,1,29474,8:11:17,Karan Khatri,86,whisper+youtube,True
2343,2,10918,3:02:01,Lavanya Bashira in absentia for the awards of,86,whisper+youtube,False
2343,3,31997,8:53:20,Sharanya Basar,83,whisper,False
2344,1,28331,7:52:14,Sneha Sarkar,100,whisper+youtube,True
2344,2,23986,6:39:49,Neha Tamrakar,84,whisper,False
2344,3,18555,5:09:18,Shinja Sar,82,youtube,False
2345,1,31725,8:48:48,Rachit Singh Chohan,100,whisper+youtube,False
2345,2,18413,5:06:56,Rudy Pra Singh Chahan,100,whisper+youtube,False
2345,3,29027,8:03:50,Rakshita Krithi Singh,98,whisper+youtube,True
2346,1,23996,6:39:59,Miss Ana Jan,85,youtube,False
2346,2,23598,6:33:21,Miss Ana Bach,85,youtube,False
2346,3,23506,6:31:49,Miss Ana,85,youtube,False
2347,1,27390,7:36:33,Manas Bhatt,89,whisper+youtube,True
2347,2,22417,6:13:40,Miss Harika Sun Bha,88,whisper+youtube,False
2347,3,22110,6:08:33,Akshita Bhutta,84,whisper,False
2348,1,31877,8:51:20,Madhu Nath Kya,92,whisper,False
2348,2,9064,2:31:07,Supervisor Siddharth Maithi Mohan Lal,74,whisper,False
2348,3,26330,7:18:53,Tanish Chauhan,72,whisper,True
2349,1,29158,8:06:01,Roneth Thanesh,96,whisper+youtube,True
2349,2,26961,7:29:24,makaria nid chandesh by,82,whisper+youtube,True
2349,3,27235,7:33:58,Ron Gan,77,youtube,True
2350,1,28597,7:56:40,Harsh Dhankar,95,whisper,True
2350,2,13298,3:41:41,Shana Sharish Kumar,92,whisper,False
2350,3,14846,4:07:29,Shankar Anikit Anil,90,youtube,False
2351,1,23430,6:30:33,Adityan Bhad Hai,93,whisper,False
2351,2,28322,7:52:05,Amita Agarwal,82,whisper+youtube,True
2351,3,12106,3:21:49,Aditi Sharma,81,youtube,False
2352,1,28876,8:01:19,Tripati,78,youtube,True
2352,2,31200,8:40:03,Ash Raj,75,youtube,True
2352,3,28426,7:53:49,Ria Rahul Gaar,72,youtube,True
2353,1,26276,7:17:59,M Karuna Shri,81,whisper,True
2353,2,15311,4:15:14,Naya Sharat Benoy,79,youtube,False
2353,3,29016,8:03:39,Shri Padi Lakshmi Sharanya,78,whisper,True
2354,1,29421,8:10:24,Rajiva Loa,92,whisper+youtube,True
2354,2,22279,6:11:22,Gyan Ranjya Mohanta,85,whisper+youtube,False
2354,3,28736,7:58:59,Shubham Raj Sharma,80,whisper+youtube,True
2355,1,29027,8:03:50,Rakshita Krithi Singh,100,whisper+youtube,True
2355,2,22930,6:22:13,Aksita Singh,100,whisper+youtube,False
2355,3,12900,3:35:03,Arshit Singh,98,whisper+youtube,False
2356,1,28702,7:58:25,Akshed Srivasta,96,whisper+youtube,True
2356,2,17603,4:53:26,Sakshi Shrivastava,95,whisper+youtube,False
2356,3,21523,5:58:46,Aditi Shvastav,80,youtube,False
2357,1,28385,7:53:08,Vivek Shahi,80,whisper+youtube,True
2357,2,23154,6:25:57,Shah Krishy Chalesh Kumar,77,whisper+youtube,False
2357,3,26110,7:15:13,Shaki Sharma,75,youtube,False
2358,1,26324,7:18:47,Prabhad Cha,86,youtube,True
2358,2,29776,8:16:19,Rahul Kumar Jha,84,whisper,True
2358,3,20091,5:34:54,Anshul Abhay Phan,81,whisper+youtube,False
2359,1,31338,8:42:21,Kush Nayak,91,youtube,True
2359,2,28579,7:56:22,Kushi Pandit,85,whisper+youtube,True
2359,3,21888,6:04:51,Kuhu Mitesh Champa Nairya,85,whisper,False
2360,1,29096,8:04:59,Nishika Jain,100,whisper+youtube,True
2360,2,23958,6:39:21,Deeshika Jain,94,whisper+youtube,False
2360,3,24073,6:41:16,Anushka Jain,90,whisper,False
2361,1,21712,6:01:55,Manoj Kumar Pradhan,100,whisper+youtube,False
2361,2,31085,8:38:08,Ronak Agrahari,98,youtube,True
2361,3,28753,7:59:16,Manish Kumar Shukla,94,whisper+youtube,True
2362,1,31813,8:50:16,harsh,85,whisper+youtube,False
2362,2,26801,7:26:44,Harsh girl,83,whisper,True
2362,3,26249,7:17:32,Harsh,80,youtube,True
2363,1,26416,7:20:19,Ribhuvat Verma,81,whisper,True
2363,2,10405,2:53:28,Priya Varma,80,whisper,False
2363,3,13733,3:48:56,Vedans Kapoor,77,whisper,False
2364,1,28958,8:02:41,Nancy Singh,100,whisper+youtube,True
2364,2,20965,5:49:28,Many Singh,89,youtube,False
2364,3,31266,8:41:09,Ananya Singh,87,whisper,True
2365,1,26146,7:15:49,Devansh Daga,99,whisper,False
2365,2,23173,6:26:16,Da Dave A,85,youtube,False
2365,3,31006,8:36:49,Dear pita da,83,youtube,True
2366,1,29450,8:10:53,Akshet Varma,89,whisper+youtube,True
2366,2,24948,6:55:51,Arun Khatri,86,whisper+youtube,False
2366,3,10809,3:00:12,Argan Chgar,83,whisper,False
2367,1,27721,7:42:04,Manan Agrawal,100,whisper+youtube,True
2367,2,26292,7:18:15,Aman Agarwal,86,whisper,True
2367,3,22355,6:12:38,Airal Mandiata,82,youtube,False
2368,1,26184,7:16:27,Abhinav Chauhan,100,whisper,False
2368,2,17049,4:44:12,Vaibhav Chauhan,97,whisper+youtube,False
2368,3,24445,6:47:28,Miss Ashi Cha,81,youtube,False
2369,1,24522,6:48:45,Jan Salwani,90,whisper+youtube,False
2369,2,26806,7:26:49,Mayuk Mukarki,83,whisper+youtube,True
2369,3,19031,5:17:14,Sanya Maurya,83,whisper,False
2370,1,27466,7:37:49,Nehloh Das Gupta,90,whisper+youtube,True
2370,2,29075,8:04:38,Aasta pancholi,71,youtube,True
2371,1,27876,7:44:39,Vikas Kumar,94,whisper+youtube,True
2371,2,29236,8:07:19,Vikas Kumar Singh,94,whisper+youtube,True
2371,3,15001,4:10:04,Nisarg Vinod Kumar Gajar,91,whisper,False
2372,1,28331,7:52:14,Sneha Sarkar,83,whisper+youtube,True
2372,2,14422,4:00:25,Sreya Saniya,81,whisper,False
2372,3,9847,2:44:10,Saskatriti sena,79,youtube,False
2373,1,27683,7:41:26,Paga Shetej,90,whisper+youtube,True
2373,2,13003,3:36:46,Patnam para wenitasai,87,whisper+youtube,False
2373,3,12303,3:25:06,Prahar Pande,82,youtube,False
2374,1,28815,8:00:18,Aditya Kumar Sahu,100,whisper+youtube,True
2374,2,10046,2:47:29,Aditya Raj Kumar,100,whisper,False
2374,3,16347,4:32:30,Aditya Kumar Gautam,100,youtube,False
2375,1,28621,7:57:04,Anipra Pandia,89,whisper+youtube,True
2375,2,19227,5:20:30,Anupam Chandra,90,whisper+youtube,False
2375,3,28393,7:53:16,Samragi Chopra,84,whisper+youtube,True
2376,1,30844,8:34:07,S Vijaya Krishna,100,youtube,True
2376,2,22210,6:10:13,Krishna Jayant Kumar Barochia,94,whisper+youtube,False
2376,3,25065,6:57:48,Viyaral Krishna,91,whisper,False
2377,1,13429,3:43:52,Prati Raj Mishra,98,whisper+youtube,False
2377,2,12969,3:36:12,Priyanshu Misra,95,whisper+youtube,False
2377,3,13150,3:39:13,Akshad Misra,92,whisper+youtube,False
2378,1,18982,5:16:25,Sugjal Patel,100,whisper+youtube,False
2378,2,29908,8:18:31,Kushal Patil,82,whisper,True
2378,3,20800,5:46:43,Patel,80,youtube,False
2379,1,29614,8:13:37,Anjila Varma,94,whisper+youtube,True
2379,2,31665,8:47:48,Aman Kumar Anil Verma,94,whisper+youtube,False
2379,3,26439,7:20:42,Kanjul Verma,87,whisper,True
2380,1,27225,7:33:48,Gowami,77,youtube,True
2380,2,27608,7:40:11,Rianju Gautam,75,whisper+youtube,True
2380,3,30147,8:22:30,Swami,72,youtube,True
2381,1,28064,7:47:47,Arja Sharma,80,whisper+youtube,True
2381,2,21625,6:00:28,Aryan Sharma,79,whisper,False
2381,3,13165,3:39:28,Sharan Sanas,78,whisper,False
2382,1,26465,7:21:08,Ridi Bhattia,81,whisper,True
2382,2,27651,7:40:54,Rishit Mishra,75,whisper,True
2382,3,28251,7:50:54,Samridhi Khasthagir,73,whisper,True
2383,1,12226,3:23:49,Disha Gupta Shivani Patel,92,whisper+youtube,False
2383,2,28793,7:59:56,Shri Gori Pande,92,whisper+youtube,True
2383,3,12502,3:28:25,Shi Pande,91,youtube,False
2384,1,21751,6:02:34,Aditya Patak,92,whisper+youtube,False
2384,2,31432,8:43:55,Anjila Prashad Nayar,79,whisper,True
2384,3,31140,8:39:03,Anjila Prashad Nayar,79,whisper,True
2385,1,30412,8:26:55,Mandep Singh Chabra,100,whisper+youtube,False
2385,2,28918,8:02:01,Amandep Singh,98,whisper+youtube,True
2385,3,18413,5:06:56,Rudy Pra Singh Chahan,96,whisper+youtube,False
2386,1,26300,7:18:23,Yamini Masan,100,whisper+youtube,False
2386,2,29482,8:11:25,Sana Yasmin,87,whisper+youtube,True
2386,3,10437,2:54:00,ma'am,85,whisper+youtube,False
2387,1,28470,7:54:33,Deepak Kumar,83,whisper+youtube,True
2387,2,12746,3:32:29,Deepak Kumar,83,whisper+youtube,False
2387,3,27730,7:42:13,We are the go,70,youtube,True
2388,1,26309,7:18:32,Mitali Raat,100,whisper+youtube,False
2388,2,22964,6:22:47,Raabel Motikal Shibu,78,whisper,False
2388,3,16182,4:29:45,Gita Shri Roti Rdrapati,77,youtube,False
