id,name,status,expected_from,expected_to,seconds,timestamp,heard,confidence
0,KAVITA RAWAT,confident,6426,11826,8749.0,2:25:52,kavita raat supervisor Dr,97.0
1,SAPNA KHAPRE,possible,6426,11826,9563.0,2:39:26,Pranjal Khare,88.0
2,ROSHAN SURESHRAO BHANUSE,confident,6426,11826,8824.0,2:27:07,Rosan Sures Raanu say,94.0
3,GAJANAN NANAJI TIKHE,possible,6426,11826,11295.0,3:08:18,National Anthem,75.0
4,ATUL BARVE,confident,6426,11826,8857.0,2:27:40,Atul Barve,100.0
5,AMIT KUMAR PUROHIT,confident,6426,11826,8857.0,2:27:40,Amit Kumar Purohit,100.0
6,KAMIYA PITHODE,confident,6426,11826,8857.0,2:27:40,Kamiya Pithor De,100.0
7,VIKAS RAMESHRAO PALEKAR,confident,6426,11826,8920.0,2:28:43,Vikas paler,97.0
8,LAKSHMI R SURESH,confident,6426,11826,8945.0,2:29:08,Lakmi or Sures,95.0
9,KISHOR PURUSHOTTAM JADHAV,possible,6426,11826,8956.0,2:29:19,Kisser Purusam Jada Supervisor Dr,92.0
10,PRANITA PRAMOD DESHMUKH,confident,6426,11826,8977.0,2:29:40,Pranita Desmok Supervisor Dr,94.0
11,ANKIT SHRIVASTAVA,possible,6426,11826,10911.0,3:01:54,Wani Shagaral,83.0
12,DUSHYANT KHADSE,possible,6426,11826,10973.0,3:02:56,Administration who have been duly,76.0
13,N.MUTHUVADUGANATHAN,possible,6426,11826,9058.0,2:31:01,and mutaduan,73.0
14,KANCHANA SIVAKUMAR,confident,6426,11826,9064.0,2:31:07,Panchana Sivakumar,100.0
15,MOHAN LAL,confident,6426,11826,9064.0,2:31:07,Supervisor Siddharth Maithi Mohan Lal,100.0
16,SUMANT ARVINDRAO SARMOKADAM,confident,6426,11826,9089.0,2:31:32,Suman Arvindrao,100.0
17,P.V.S.S.A.PARIMALA,confident,6426,11826,9089.0,2:31:32,Parimala,85.0
18,NEERAJ SHARMA,confident,6426,11826,9123.0,2:32:06,Neeraj Sharma,100.0
19,SANGRAM SANJAYRAO DANDGE,confident,6426,11826,9123.0,2:32:06,Sangram Sanjay Rao,100.0
20,PAVAN MEHTA,confident,6426,11826,9158.0,2:32:41,Pawan Maheta,94.0
21,ANIRUDDHA PRAKASH KSHIRSAGAR,confident,6426,11826,9158.0,2:32:41,Aniru Suprakas,94.0
22,AMRUTA PASARKAR,confident,6426,11826,9187.0,2:33:10,Amruta Mayur Prasadkar,100.0
23,BOORAVILLI JYOTHI,confident,6426,11826,9187.0,2:33:10,Guravalli Jyoti,88.0
24,DEV ESHWAR KB KRISHNAN,possible,6426,11826,9218.0,2:33:41,Dev Esavar Keevi,91.0
25,MAYA MAHESHWARI,confident,6426,11826,9218.0,2:33:41,Maya Mansari,98.0
26,K.PALLAVI,possible,6426,11826,9266.0,2:34:29,Pallavi,80.0
27,DHARMENDRA KUMAR,possible,6426,11826,9266.0,2:34:29,Dharmendra Kumar,100.0
28,PRIYANK NEMA,confident,6426,11826,9297.0,2:35:00,Priyank Neema,100.0
29,ASHUTOSH KHANNA,possible,6426,11826,9297.0,2:35:00,Asu Tos Kanna,89.0
30,TAUSIF,possible,6426,11826,10308.0,2:51:51,Tulsi Sipure,72.0
31,ABRAR YAQOOB,possible,6426,11826,9353.0,2:35:56,Abra Yakub supervisor Dr,86.0
32,SHEKHAWAT SHIVKUMAR SINGH,confident,7123,12523,9369.0,2:36:12,science civumar Singh,97.0
33,PRAHARSH AJIT PAI,confident,7124,12524,9385.0,2:36:28,Prahar Ajith Pai,100.0
34,SHAMBHAVI AWASTHI,confident,7123,12523,9385.0,2:36:28,Sambhavi Awasi,94.0
35,VANSHIKA SHARMA,confident,7123,12523,9422.0,2:37:05,Bangika Sharma,94.0
36,MOKSHA.T,possible,7123,12523,9420.0,2:37:03,Mokh Sati,74.0
37,RAHUL NIHALANI,confident,7123,12523,9451.0,2:37:34,Rahul,85.0
38,MISHRA KUNAL MANOJKUMAR,possible,7123,12523,12393.0,3:26:36,Janmejay Mishra,87.0
39,ANANYA DAS,possible,7123,12523,10883.0,3:01:26,Patel Guru Das Rajendra,86.0
40,RAMANUJ SHARDA,confident,7124,12524,9477.0,2:38:00,Ramanuj Sardha,100.0
41,SHARANYA BASAK,possible,7123,12523,9499.0,2:38:22,Sarah Basak,88.0
42,MAYANK SETH,possible,7123,12523,9513.0,2:38:36,Mayang Sait,80.0
43,AADITYA DINESH JOSHI,confident,7123,12523,9534.0,2:38:57,Aditya Dinesh,100.0
44,RADHA AGARWAL,possible,7123,12523,9548.0,2:39:11,Radha Gaurwal,93.0
45,PRANJAL KHARE,confident,7124,12524,9563.0,2:39:26,Pranjal Khare,100.0
46,PRAFULL FARSWAL,confident,7124,12524,9575.0,2:39:38,e-commerce technology proful firstal,90.0
47,AYUSHI SHARMA,possible,7123,12523,9589.0,2:39:52,IU Sarma Huh,81.0
48,SAMRADHI SHARMA,confident,7123,12523,9600.0,2:40:03,Samridi Sharma,99.0
49,SAGNIKA SEN,confident,7124,12524,9611.0,2:40:14,Sagnik Sen,100.0
50,RUCHI VOHRA,confident,7123,12523,9611.0,2:40:14,Ruchi Vora,97.0
51,DEEPANSHU SHRIVASTAVA,confident,7124,12524,9627.0,2:40:30,Deepanksu Srivastava,100.0
52,SHAH PRIYANSHI MINESHKUMAR,possible,7123,12523,9656.0,2:40:59,Saho Priyangsi,90.0
53,ROHRA NIDHI SANTOSH,confident,7124,12524,9674.0,2:41:17,Rohar Nidhi Santosh,100.0
54,AARON B DANIEL,confident,7091,12491,10697.0,2:58:20,Daniel,85.0
55,GOURAV PANIGRAHI,possible,7123,12523,9694.0,2:41:37,Gaurav Panigrayi,93.0
56,PUNEET SINGH,possible,7123,12523,8859.0,2:27:42,Puspender Singh Pa V Ait Kumar Puroit,94.0
57,YESHWANTH K,none,7123,12523,,,,
58,SUBHIKSHAA S,possible,7123,12523,13085.0,3:38:08,Shikhar Shuvastava,72.0
59,ARPIT SINGH,confident,7124,12524,9763.0,2:42:46,and arpit string second rank,97.0
60,TANISHQ KOLHATKAR,possible,7123,12523,12180.0,3:23:03,tanish,78.0
61,AANAND G NAIR,possible,7123,12523,9837.0,2:44:00,Agni Hutri Ahira Anan,85.0
62,ABHAY KUMAR DWIVEDI,confident,7123,12523,9802.0,2:43:25,Abhay Kumar Devedi,100.0
63,DEVANGANA SUJAY,confident,7092,12492,9814.0,2:43:37,Devangana Sujay,100.0
64,AGNIHOTRI ABHIRA ANANT,confident,7091,12491,9837.0,2:44:00,Agni Hutri Ahira Anan,100.0
65,SANSKRUTI SINHA,confident,7123,12523,9847.0,2:44:10,Saskatriti sena,86.0
66,SAIYED MEHRINBANU IQBALHUSAIN,confident,7091,12491,9857.0,2:44:20,Syed Merin Babu,93.0
67,LAKSHMI SALONI VALLALA,confident,7091,12491,9869.0,2:44:32,Lakshmi Saloni,100.0
68,AASHINA SAXENA,confident,7123,12523,9896.0,2:44:59,Asena Saksena,90.0
69,R SIMRAN NAIR,confident,7091,12491,9908.0,2:45:11,Timran Nair,99.0
70,PRABHAT RAJ,confident,7091,12491,9927.0,2:45:30,Prabhat Raj,100.0
71,AASTHA SMRITI JHA,possible,7123,12523,9658.0,2:41:01,Saha Priyang Si second rank,80.0
72,ASHISH ANAND,possible,7123,12523,9837.0,2:44:00,Agni Hutri Ahira Anan,90.0
73,DHRUV GAHOI,confident,7123,12523,9955.0,2:45:58,Dhruv Gahoy,96.0
74,DISHANT KAUSHIK,possible,7123,12523,12205.0,3:23:28,sham kumar kashab,76.0
75,SUBHAM AGARWAL,confident,7091,12491,9985.0,2:46:28,Subhum Agarwal,100.0
76,HARSH RAJ,possible,7123,12523,10011.0,2:46:54,Hurse Raj,88.0
77,SHREYA SAHU,possible,7123,12523,10029.0,2:47:12,Sriya Sahu,92.0
78,ADITYA RAJKUMAR KOLHE,confident,7123,12523,10041.0,2:47:24,Adita Rajkumar,100.0
79,KARTIKEY VISHWAKARMA,possible,7123,12523,10061.0,2:47:44,Karthikya Abhissegarma,82.0
80,NISHANT KUMAR,confident,7123,12523,10073.0,2:47:56,Nisan Kumar,100.0
81,AMARDEEP KUMAR,confident,7123,12523,10084.0,2:48:07,Amardip Kumar,96.0
82,AVNI AGRAWAL,confident,7091,12491,10904.0,3:01:47,Vani Shagarwal,95.0
83,MANOJ,confident,7123,12523,10116.0,2:48:39,Manoj,85.0
84,SOMYA NIGAM,confident,,,10139.0,2:49:02,Somia nigum,96.0
85,SHIVANI GUPTA,possible,18480,23880,21796.0,6:03:19,Miss Shreasi Gupta,94.0
86,ROHIT KUMAR SAHU,possible,18480,23880,19219.0,5:20:22,Ronit Kumar Mandal,100.0
87,VAIBHAV PATIL,possible,18480,23880,16907.0,4:41:50,Shri Pati Vaibhav Maitre,98.0
88,MOHIT,possible,18480,23880,21931.0,6:05:34,Mohit Sharma,85.0
89,AMAN RAHANGDALE,possible,18480,23880,20271.0,5:37:54,Mahamodhya Amartya Singh,79.0
90,NEHA SAHU,possible,25912,31312,28161.0,7:49:24,Rohan Sahu,87.0
91,ANAND HIREMATH,possible,25912,31312,30122.0,8:22:05,Anand R,85.0
92,ANUSHTHA SHRIVASTAVA,possible,25912,31312,30937.0,8:35:40,Ankush silva,80.0
93,PRADEEP OJHA,possible,24186,29586,26828.0,7:27:11,Prasend Oja,87.0
94,RONAK NAGDA,possible,24186,29586,27101.0,7:31:44,Marini Madan Moan Naidu,73.0
95,SNEHA YADAV,possible,24186,29586,28927.0,8:02:10,Aditya Raj Singh,78.0
96,MUKESH LODHI,possible,24186,29586,27202.0,7:33:25,MKkesh,72.0
97,SHIVANI PAL,possible,,,12226.0,3:23:49,Disha Gupta Shivani Patel,92.0
98,ASHISH KUMAR PATEL,possible,,,30430.0,8:27:13,Ashish Kumar,100.0
99,TULSI SHIVPURE,confident,,,10308.0,2:51:51,Tulsi Sipure,100.0
100,MANISH RANA,confident,,,10308.0,2:51:51,Manis Rana,100.0
101,NEHA KUSHWAHA,possible,21961,27361,22479.0,6:14:42,Anubhab Kushwaha,91.0
102,AJAY VISHWAKARMA,possible,21961,27361,23830.0,6:37:13,Jaya Mishra,81.0
103,MANJARI SHARMA,possible,21961,27361,27151.0,7:32:34,Man Sharma,93.0
104,LALIT SAHU,possible,21961,27361,23025.0,6:23:48,Arit Shukla,78.0
105,AYUSH BILLORE,possible,21678,27078,26004.0,7:13:27,Ich wollte ja nicht gleich mal aussehen,72.0
106,TANU TOMAR,possible,21798,27198,26664.0,7:24:27,coordinators please have the students to take their seats,80.0
107,PRIYA VERMA,possible,21798,27198,23477.0,6:31:20,Miss Priyanka Vishu Karma,83.0
108,PUNAM THAKUR,possible,21798,27198,24857.0,6:54:20,Ali Akbar Punala,85.0
109,SOURABH SHRIVASTAVA,possible,21798,27198,24848.0,6:54:11,Shoubh Pratab Singh,77.0
110,SAARANSH GUPTA,possible,21798,27198,22569.0,6:16:12,Aman Gupta,90.0
111,UJJWAL PRATAP SINGH,possible,10142,15542,14376.0,3:59:39,Harsh Pratap Singh,100.0
112,SHENMARE PARAS SANJAY,possible,10142,15542,14053.0,3:54:16,Garas Sanjana,94.0
113,PRIYAM VYAS,possible,10142,15542,15097.0,4:11:40,Preca Vas,89.0
114,ADITYA SHARMA,possible,10142,15542,12106.0,3:21:49,Aditi Sharma,95.0
115,IVY,none,10142,15542,,,,
116,AVANISH KUMAR,possible,10142,15542,13560.0,3:46:03,Anish Kumar Gupta,100.0
117,SATVIK GUPTA,possible,10142,15542,12079.0,3:21:22,Satwig Gupta,92.0
118,ARYAN SAXENA,confident,10142,15542,14594.0,4:03:17,Arab Saxena,96.0
119,SUMUKH GUPTA,possible,10142,15542,14347.0,3:59:10,Gupta,80.0
120,PAWAS TUMBDE,possible,10142,15542,12279.0,3:24:42,Chattakshi Tubeh,75.0
121,SK MD HASNAIN HOSSAIN,possible,10142,15542,10867.0,3:01:10,MD Aidali,82.0
122,AYUSHMAN RAY,possible,10142,15542,12294.0,3:24:57,Aayesh Kant Ray,88.0
123,AVYAAN VERMA,possible,10142,15542,10904.0,3:01:47,Aryan Vinay Vaja,74.0
124,KRATIKA DESHLEHRA,possible,10142,15542,12158.0,3:22:41,Pratika Desher,92.0
125,AKSHAT YADAV,possible,10142,15542,12554.0,3:29:17,Abhay Yadav,92.0
126,PRACHI TAVSE,possible,10142,15542,12166.0,3:22:49,Rachi ta,89.0
127,SHIVANI PATEL,confident,10142,15542,12226.0,3:23:49,Disha Gupta Shivani Patel,100.0
128,SHAURY SINGH,confident,10142,15542,12333.0,3:25:36,Sha Singh,99.0
129,DISHA GUPTA,confident,10146,15546,12226.0,3:23:49,Disha Gupta Shivani Patel,100.0
130,LAKSHAY SRIVASTAVA,possible,10142,15542,13877.0,3:51:20,or Sri Krishna Kashab,86.0
131,SANYAM GARG,possible,10142,15542,14053.0,3:54:16,Garas Sanjana,89.0
132,BRAHM DEV,possible,10142,15542,14103.0,3:55:06,Ria Sat Deva,82.0
133,AARYAN SINGH RAWAT,possible,10142,15542,15107.0,4:11:50,a Singh Raat,100.0
134,SHIVAM KUMAR KASHYAP,possible,10142,15542,14128.0,3:55:31,Shivangi Kumar,100.0
135,RADHIKA BHASIN,confident,10146,15546,12250.0,3:24:13,Radhika Bhasin,100.0
136,ADITYA PAUL,confident,10109,15509,13056.0,3:37:39,Adit Paul,100.0
137,CHIRAG SHARMA,confident,10142,15542,12370.0,3:26:13,Chirak Sharma,100.0
138,RISHITA ARORA,confident,10146,15546,12408.0,3:26:51,Rishita Aurora,100.0
139,MEET BHUVA,confident,10146,15546,12687.0,3:31:30,Meet Bhuva,100.0
140,KRISHNA GARG,confident,10142,15542,12420.0,3:27:03,Krishna Gar,100.0
141,ASMI VATS,confident,10146,15546,12412.0,3:26:55,Asmi Wats,97.0
142,SATYA SOVAN ROUT,confident,10142,15542,12427.0,3:27:10,Satya Sovan Rao,100.0
143,JANMEYJAI MISHRA,confident,10142,15542,12393.0,3:26:36,Janmejay Mishra,98.0
144,DANI MAHENDRA SUDHIR,confident,10142,15542,12438.0,3:27:21,Mahindra Dhani,99.0
145,AVIRAL DWIVEDI,confident,10142,15542,12446.0,3:27:29,Abhira Divedi,93.0
146,MANAV HARESHBHAI PATEL,confident,10146,15546,12460.0,3:27:43,Manav Harish Bhai Patel,100.0
147,AMAN SHARMA,confident,10146,15546,12719.0,3:32:02,Aman Sharma,100.0
148,NAMRATA BHUTANI,confident,10146,15546,12475.0,3:27:58,Namrata Bhutani,100.0
149,KABIR ASHIKALI SATTYANI,confident,10146,15546,12495.0,3:28:18,Kabir Ashikali Saptyani,100.0
150,TIWARI PAARTH ANAND,confident,10142,15542,12510.0,3:28:33,Tiwari Parth Anand,100.0
151,AMAN KUMAR SINGH,possible,10142,15542,12643.0,3:30:46,Kumar Tanmay,95.0
152,VAIBHAV JINDAL,confident,10146,15546,12531.0,3:28:54,Webhav Jindal,92.0
153,NANDINI SHARMA,confident,10146,15546,12538.0,3:29:01,Nandini Sharma,100.0
154,VIRAL VAGHELA,confident,10142,15542,12383.0,3:26:26,Viral Vagila,100.0
155,RICHA SINGH,confident,10146,15546,12545.0,3:29:08,Richa Singh,100.0
156,NITYA DHARMESHKUMAR SH,confident,11498,16898,12469.0,3:27:52,Nitya Dhumar Sha,100.0
157,PRAKHAR PANDEY,confident,10142,15542,12303.0,3:25:06,Prahar Pande,100.0
158,AYESHKANT RAY,possible,10142,15542,12294.0,3:24:57,Aayesh Kant Ray,91.0
159,ASHUTOSH PATRO,possible,10142,15542,10684.0,2:58:07,Pran Shush Chachan,80.0
160,JAHNVI SAXENA,possible,10142,15542,12635.0,3:30:38,Sarat Ja H,79.0
161,SANYUKTA GOKHALE,possible,10142,15542,15182.0,4:13:05,For God's sake,76.0
162,PRANJAL BHARGAVA,confident,10146,15546,12344.0,3:25:47,Pranchal Bharga,99.0
163,SARVESHA SINHA,possible,10142,15542,14184.0,3:56:27,Sashan Kumar Singhumar,93.0
164,SHREYASKAR PANDEY,confident,10142,15542,14376.0,3:59:39,Shreskar Pandey,100.0
165,TRIVEDI NUPUR VIJAY,confident,10109,15509,12847.0,3:34:10,PDI Nupur Vijay,100.0
166,PRIYANSHU SINGH,possible,10142,15542,12740.0,3:32:23,Priyanshu Singh,100.0
167,KUMAR TANMAY,confident,10146,15546,12643.0,3:30:46,Kumar Tanmay,100.0
168,SWAYUM HASTWALA,confident,10142,15542,12827.0,3:33:50,Swayam Hastbala,94.0
169,BIRADAR AMOGH UMESH,confident,10142,15542,13309.0,3:41:52,Viradhar Amod Umesh,98.0
170,HARSHITA JANGDE,confident,10146,15546,12309.0,3:25:12,Harshita Jangri,98.0
171,BHOUMIK CHOPRA,confident,10142,15542,12923.0,3:35:26,Bhomic Chopra,95.0
172,SHRUTI GUPTA,confident,10146,15546,12756.0,3:32:39,Shruti Gupta,100.0
173,SANDEEP BALABANTARAY,possible,10142,15542,12930.0,3:35:33,Sandeep,80.0
174,YASH,possible,10142,15542,13371.0,3:42:54,Yash Porwal,85.0
175,VANSHIKA JAIN,confident,10142,15542,14422.0,4:00:25,Pansika Jain,93.0
176,SAI SHRUTI PANDEY,confident,10142,15542,12502.0,3:28:25,Sai Shruti Pandey,100.0
177,TANUSH ABHIJIT DESHPANDE,possible,10142,15542,13822.0,3:50:25,Anus Khan,79.0
178,OMPRASAD BEHERA,possible,10142,15542,13282.0,3:41:25,Om Prasad Bahira,91.0
179,HIMANSHU,confident,10142,15542,13202.0,3:40:05,Himanshu,85.0
180,ANAY VERMA,possible,10142,15542,13124.0,3:38:47,Abhay Varma,84.0
181,RITVIK ANAND,confident,10142,15542,12518.0,3:28:41,Rithvik Anand,100.0
182,TANISHA AGARWAL,confident,10109,15509,12864.0,3:34:27,Panisha Agarwal,100.0
183,SAURABH JHA,confident,10146,15546,12634.0,3:30:37,Saurav Jha,100.0
184,RUPAK,confident,10109,15509,12871.0,3:34:34,Rupak,85.0
185,JEEVANSH GROVER,confident,10146,15546,12773.0,3:32:56,Jivanch Grover,95.0
186,DEVANSH JADON,confident,10146,15546,12679.0,3:31:22,Devaj Zadon,92.0
187,SHREYA SANIYA,confident,10142,15542,14422.0,4:00:25,Sreya Saniya,98.0
188,SAACHI DUGGAL,confident,10109,15509,12952.0,3:35:55,Sachi Dougal,98.0
189,RASHI BARANWAL,confident,10146,15546,12402.0,3:26:45,Rashi Baranal,100.0
190,AMRITA NIRBHEEK,confident,10109,15509,12857.0,3:34:20,Amriita Nirbeek,100.0
191,KULDEEP SINGH SHEKHAWAT,confident,10142,15542,12976.0,3:36:19,Kuldeep Singh Shekhaworth,100.0
192,DADGA PREET ASWIN,confident,10142,15542,12761.0,3:32:44,Prith Ashwain,91.0
193,SNEHA KUMAWAT,confident,10109,15509,13641.0,3:47:24,Sneha Kumarad,99.0
194,AAYUSH PANWAR,confident,10142,15542,13032.0,3:37:15,Ayush Pavar,95.0
195,KARTIKEY CHANDRA SHUKLA,possible,10142,15542,10687.0,2:58:10,Pran Shu Chachan,89.0
196,ANMOL SINGH,confident,10142,15542,12733.0,3:32:16,Anmal Singh,95.0
197,AALIND SINGH,confident,10109,15509,12993.0,3:36:36,Alind Singh,100.0
198,PATNAM PARDHA VENKATA SAI,confident,10109,15509,13002.0,3:36:45,Patnam Partha Venkita Sai,100.0
199,NISHTHA MEHAR,confident,10109,15509,13011.0,3:36:54,Nishta Meher,99.0
200,MUKUND RAO,confident,10109,15509,13017.0,3:37:00,Mukund Rao,100.0
201,SPANDAN TRIPATHY,possible,10142,15542,13113.0,3:38:36,Spandan Trepaki,85.0
202,MANVI ARORA,confident,10109,15509,12984.0,3:36:27,Manvi Arora,100.0
203,SHIKHAR SRIVASTAVA,confident,10109,15509,13085.0,3:38:08,Shikhar Shuvastava,99.0
204,SHARRAN SANAR,confident,10142,15542,13165.0,3:39:28,Sharan Sanas,95.0
205,KOUSTUBHI YADAV,confident,10142,15542,13143.0,3:39:06,Kostubhi Yadav,100.0
206,KARTIKEY AGGARWAL,possible,10142,15542,10967.0,3:02:50,Saga Kumari,73.0
207,ASHISH KUMAR,confident,10109,15509,13290.0,3:41:33,Ashish Kumar,100.0
208,SHREENU SUTAR,confident,10142,15542,13189.0,3:39:52,Shrinu Suttar,98.0
209,DIVYANSH KARAN,possible,10142,15542,12525.0,3:28:48,Divya Anshkaran,87.0
210,SUMAN KUMAR MISHRA,possible,10109,15509,13402.0,3:43:25,Suman Kumar Mishra,100.0
211,RAKESH KUMAR SINGH,confident,10109,15509,14277.0,3:58:00,Rakesh Kumar Singh,100.0
212,DIYA RAJ,confident,10142,15542,12878.0,3:34:41,Dia Raj,100.0
213,SAMAKSH SETHIYA,possible,10142,15542,12654.0,3:30:57,Samaj Satya,84.0
214,ABHISHEK TRIPATHI,possible,10142,15542,14205.0,3:56:48,Abishek,75.0
215,SAURABH SANEESH,confident,10142,15542,13165.0,3:39:28,Sharan Sanas,86.0
216,UJJAWAL PATIDAR,confident,10142,15542,12725.0,3:32:08,Ujwal Patidar,99.0
217,HARSH SABHARWAL,confident,10142,15542,13075.0,3:37:58,Harsh Sabarwal,99.0
218,MANSI BHARDWAJ,possible,10142,15542,12984.0,3:36:27,Manvi Arora,83.0
219,DEV ARORA,confident,10113,15513,12839.0,3:34:02,Dev Arura,100.0
220,MUDITMAYANK MISHRA,possible,10142,15542,14949.0,4:09:12,Modit Mayank Mishra,87.0
221,AMAR SAROHA,confident,10109,15509,14138.0,3:55:41,Amar Saroha,100.0
222,DHAWAL HARSH PANDIT,confident,10109,15509,14878.0,4:08:01,Dhaval Harsh Pandit,100.0
223,RUDRIYA BANSAL,confident,10146,15546,12695.0,3:31:38,Rudria Bancel,96.0
224,YASH KASHYAP,confident,10146,15546,12710.0,3:31:53,Yash Kashab,100.0
225,ALUR AMRUTH RAMAPPA,possible,10142,15542,13589.0,3:46:32,sorry sorry Arush Taluja,84.0
226,PRANAV KUMAR,confident,10146,15546,12625.0,3:30:28,Pranav Kumar,100.0
227,SHASHANK SALIMATH,possible,10142,15542,14059.0,3:54:22,Shashat Vikram Singh,79.0
228,RISHABH GUPTA,confident,10109,15509,13093.0,3:38:16,Rishabh Gupta,100.0
229,ANANNYA BHATI,possible,10142,15542,10918.0,3:02:01,Lavanya Bashira in absentia for the awards of,82.0
230,GAURAV KUMAR,confident,10142,15542,14068.0,3:54:31,Gaurab Kumar,97.0
231,AKSHAT MISHRA,confident,10109,15509,13151.0,3:39:14,akshhat mishra,100.0
232,PATEL SHUBH BHARGAV KUMAR,possible,10109,15509,15001.0,4:10:04,Vishwam Samir Kumar Patel,100.0
233,ARUJ SINGHVI,confident,10109,15509,13243.0,3:40:46,Arj Singhi,100.0
234,RAJVARDHAN DHAKAR,confident,10142,15542,13234.0,3:40:37,Rajvardhan Thakar,99.0
235,NAVYA BANSAL,confident,10109,15509,13269.0,3:41:12,Nava Bansel,99.0
236,ANSHU KUMAR,confident,10142,15542,12586.0,3:29:49,Anshu Kumar,100.0
237,MOTE ARADHANA DADA,possible,10142,15542,13346.0,3:42:29,Arihan Mandari,81.0
238,MANAV RAWAT,possible,10142,15542,10308.0,2:51:51,Manis Rana,82.0
239,DHARMENDRA KUMAR,possible,10142,15542,12468.0,3:27:51,Netya Dharmesh Kumar Shah,94.0
240,PATEL TIRTH NAYANKUMAR,possible,10142,15542,13179.0,3:39:42,Patil Tir,91.0
241,SHIVANGI KUMARI,confident,11679,17079,14128.0,3:55:31,Shivangi Kumari,100.0
242,HRIDAY GURNANI,confident,11679,17079,13046.0,3:37:29,Rida Gurnaani,98.0
243,TUSHAR AGARWAL,possible,11431,16831,12864.0,3:34:27,Panisha Agarwal,87.0
244,ANSHUL DEEWAN,confident,11555,16955,12338.0,3:25:41,Anshund Devan,93.0
245,MANAN SETH,possible,11555,16955,13456.0,3:44:19,Malan Seat,88.0
246,PRAKHAR SHUKLA,possible,11555,16955,16050.0,4:27:33,Prahar Mishra,82.0
247,DEVANSH GARG,possible,11555,16955,13448.0,3:44:11,Devansh Gur,88.0
248,ATHRV MITTAL,confident,11431,16831,14408.0,4:00:11,Atar Mittal,96.0
249,PALAK SHUKLA,confident,11555,16955,15719.0,4:22:02,Palak Chukla,94.0
250,SIDDHARTH TRIPATHI,confident,11679,17079,12619.0,3:30:22,Siddhart Priati,97.0
251,KAVYA AGARWAL,confident,11431,16831,14594.0,4:03:17,Kavya Agarwal,100.0
252,BHOOMI CHOWKSEY,possible,11555,16955,12923.0,3:35:26,Bhomic Chopra,77.0
253,SRIJAN MAURYA,confident,11555,16955,13418.0,3:43:41,Maurya,85.0
254,CHARCHIT GANGWAR,confident,11679,17079,13463.0,3:44:26,Charjit Gangavar,97.0
255,ABHIMA KULSHRESTHA,possible,11555,16955,16886.0,4:41:29,Abhinav Vashishta,85.0
256,PRATEEK RAJ MISHRA,confident,11679,17079,13429.0,3:43:52,Pratik Raj Mishra,100.0
257,ABHISHEK GANGWAR,confident,11555,16955,15805.0,4:23:28,Abhishek Gangar,99.0
258,GEETANSH MALIK,confident,11679,17079,13440.0,3:44:03,Gitaansh Malik,98.0
259,GARIMA KALANI,confident,11431,16831,14878.0,4:08:01,Garima Kalani,100.0
260,AMANDEEP SINGH,possible,11555,16955,12976.0,3:36:19,Kuldeep Singh Shekhaworth,85.0
261,YANSHIKA SINGH,possible,11431,16831,12900.0,3:35:03,Arshit Singh,91.0
262,GARGI SINGH,confident,11555,16955,13710.0,3:48:33,Garbhi Singh,94.0
263,KUSHAL BHANA,confident,11679,17079,13026.0,3:37:09,Kushal Bana,100.0
264,MAYANK YADAV,confident,11431,16831,15068.0,4:11:11,Mayank Yadav,100.0
265,ADAMYA GUPTA,confident,11431,16831,15009.0,4:10:12,Adam Gupta,100.0
266,RIYA SACHDEVA,possible,11555,16955,14103.0,3:55:06,Ria Sat Deva,80.0
267,AYUSH GUPTA,possible,11498,16898,13560.0,3:46:03,Anish Kumar Gupta,93.0
268,BHOIR CHAITANYA BALKRISHNA,confident,13178,18578,14077.0,3:54:40,Boyr Chaitanya Baal Krishna,100.0
269,RIDDHIMA BHOWMICK,possible,11498,16898,12354.0,3:25:57,Redhima Bhame,75.0
270,AVIRAL JAIN,confident,11498,16898,12594.0,3:29:57,Aviral Jind,98.0
271,MANAV ALOK ACHARYA,possible,13178,18578,15882.0,4:24:45,Muhammad Munavar Ali Mani,81.0
272,MITALI AWASTHI,confident,13178,18578,13719.0,3:48:42,Mitali Aasti,100.0
273,SAYAM MAHAJAN,possible,11439,16839,12654.0,3:30:57,Samaj Satya,80.0
274,KHUSHAL JAIN,possible,11498,16898,12309.0,3:25:12,Harsha Jangri,82.0
275,MANE ANISH JITENDRA,confident,11498,16898,13065.0,3:37:48,Mani Anish Jitendra,100.0
276,DEVANSH GIROTRA,possible,11498,16898,13448.0,3:44:11,Devansh Gur,83.0
277,ANURAG MAURYA,possible,11498,16898,13418.0,3:43:41,Maurya,80.0
278,ARPIT GUPTA,possible,13178,18578,13974.0,3:52:57,Arn Gupta,89.0
279,OJAS SACHIN LABHE,possible,11498,16898,19233.0,5:20:36,Laksh Sachin Bharat Dhuaj,94.0
280,KHUSHI KUKREJA,possible,11498,16898,13484.0,3:44:47,Khushi Pukareja,90.0
281,SHUBHAM BARNWAL,confident,11498,16898,16144.0,4:29:07,Shubhham Banwal,97.0
282,STANLEY S ABRAHAM,confident,11498,16898,13104.0,3:38:27,Abraham,85.0
283,BHARTI KUMARI,confident,13119,18519,14195.0,3:56:38,Bharti Kumari,100.0
284,NAVNEET TIWARI,possible,11439,16839,16512.0,4:35:15,Yeshua Van Tari,76.0
285,DIVYANSH SHARMA,confident,11498,16898,13226.0,3:40:29,Divyansh Sharma,100.0
286,MAURYA AMAN AMARJEET,possible,11439,16839,12719.0,3:32:02,Aman Sharma,88.0
287,VAISHNAVI TIWARI,possible,11498,16898,16512.0,4:35:15,Yeshua Van Tari,82.0
288,JAYADITYA MISHRA,confident,11439,16839,19415.0,5:23:38,Jaya Dipti Mishra,99.0
289,RAUNAQ JAIPURIAR,possible,11498,16898,13886.0,3:51:29,Bharti Jai Pratash,74.0
290,GAYATRI NAGI,possible,11498,16898,15586.0,4:19:49,Gayatri,80.0
291,SAHIL KOTGIRWAR,confident,13178,18578,13839.0,3:50:42,Sahil Kodgerwar,99.0
292,ISHITA SHARMA,possible,11439,16839,16395.0,4:33:18,Shriant Sharma,89.0
293,SHASHWAT AGRAWAL,possible,11555,16955,12864.0,3:34:27,Panisha Agarwal,83.0
294,ADITYA TANWAR,confident,11555,16955,13802.0,3:50:05,Aditya Patar,92.0
295,YASH PORWAL,confident,11555,16955,13371.0,3:42:54,Yash Porwal,100.0
296,ANSH JINDAL,confident,11679,17079,13757.0,3:49:20,Ans Jindal,100.0
297,IZHAN AHMAD KHAN,confident,11555,16955,14753.0,4:05:56,Ahmed Khan,100.0
298,SHALINI THAKUR,confident,11431,16831,17183.0,4:46:26,Shalini Thakur,100.0
299,PHATAK SHAUNAK SHIRISHKUMAR,possible,11555,16955,13298.0,3:41:41,Shana Sharish Kumar,91.0
300,ISHANK LALWANI,confident,11679,17079,13260.0,3:41:03,Ishaan Lalwani,100.0
301,KAVYA TELANG,possible,11555,16955,14958.0,4:09:21,kabia tang,84.0
302,MOHAMMAD FARHAN ANSARI,confident,11679,17079,12820.0,3:33:43,Muhammad Farhan,100.0
303,YUVRAJ KUMAR JAISWAL,confident,11679,17079,13577.0,3:46:20,Yuvraj Kumar Jaiswal,100.0
304,AYUSH KUMAR,possible,11555,16955,14532.0,4:02:15,Ayush Kumar,100.0
305,PRIYANSHU MISRA,confident,11679,17079,12969.0,3:36:12,Priyanshu Misra,100.0
306,MITALI DUBEY,confident,11679,17079,13135.0,3:38:58,Mittali Dube,100.0
307,ALINA ALI NAZIM,confident,11555,16955,15598.0,4:20:01,Alina Ali Nazim,100.0
308,RAMADITYA CHAUDHARY,confident,11555,16955,14022.0,3:53:45,Ramaditya Chaudhary,100.0
309,MOHAMMAD AYAAN NOOR,confident,11555,16955,15611.0,4:20:14,Muhammad Ayan,94.0
310,MALI MANDAR MUKUND,possible,11555,16955,15882.0,4:24:45,Muhammad Munavar Ali Mani,87.0
311,SOHIL S PHILIP,confident,11679,17079,13211.0,3:40:14,Sohil S,85.0
312,ADITYA CHANDRA,possible,11555,16955,14277.0,3:58:00,Chitish Chandra Nayak,90.0
313,ISHANT GUPTA,possible,11555,16955,12226.0,3:23:49,Disha Gupta Shivani Patel,96.0
314,NAVEEN SINGH,confident,11431,16831,14376.0,3:59:39,Navin Singh,99.0
315,GHANSHYAM KUMAR,possible,11555,16955,14224.0,3:57:07,Rup Kumar Bansal,90.0
316,BALAJI ASHOK PATIL,possible,11431,16831,16520.0,4:35:23,Ashoto Patro,85.0
317,NEHA PAL,confident,11555,16955,12887.0,3:34:50,Nha Pal,96.0
318,SUMEET SAHU,confident,11555,16955,15485.0,4:18:08,Sumit Sahu,94.0
319,KRITI PORWAL,confident,11555,16955,16308.0,4:31:51,Kiti Porwal,97.0
320,ABHAY KUMAR,confident,11555,16955,14376.0,3:59:39,Abhay Kumar,100.0
321,UTKARSH KULSHRESTHA,possible,11555,16955,13298.0,3:41:41,Shaunath Sherish Kumar,78.0
322,SHREY VARSHNEY,confident,11555,16955,12702.0,3:31:45,Shree Vasne,96.0
323,YASH VERMA,possible,11555,16955,14532.0,4:02:15,Akash Visra,82.0
324,AYUSH PANDEY,confident,11555,16955,12783.0,3:33:06,Ayush Pandey,100.0
325,MEET ADLAKHA,possible,11555,16955,20246.0,5:37:29,meet Adula,92.0
326,AYUSH KUMAR,possible,11555,16955,14532.0,4:02:15,Ayush Kumar,100.0
327,ASHI SUGANDHI,confident,11431,16831,14487.0,4:01:30,Ashi Sugandhi,100.0
328,NOOPUR SINGH,confident,11555,16955,14878.0,4:08:01,Nukoor Singh,95.0
329,ISHAN AMRIT SRIVASTAVA,confident,11679,17079,13927.0,3:52:10,Ishan Amr Shivatabhar,100.0
330,KAVYA,possible,11555,16955,14594.0,4:03:17,Kavya Agarwal,85.0
331,AKSHIT SINGH,confident,11555,16955,12900.0,3:35:03,Arshit Singh,100.0
332,ATHARV SATHE,confident,11555,16955,14830.0,4:07:13,Athar Sakeh,95.0
333,ARYAN SINGH,possible,11555,16955,12114.0,3:21:57,Arian Singh,95.0
334,VIRENDRA CHAUDHARY,confident,11431,16831,16999.0,4:43:22,Virindra Chaudhary,100.0
335,RIDDHI SHRIVASTAVA,possible,11555,16955,13877.0,3:51:20,Ar Sri Krishna Kasiad,76.0
336,ADITYA KUSHWAHA,confident,11431,16831,18878.0,5:14:41,Aditya Kushwa,100.0
337,ARYANSH GUPTA,confident,11555,16955,13974.0,3:52:57,Arn Gupta,97.0
338,YASH TILWANI,confident,11555,16955,15784.0,4:23:07,Yash Talwani,96.0
339,AKSHIT KUMAR,possible,11555,16955,13290.0,3:41:33,Ashish Kumar,95.0
340,MEHTA AYUSH NILESH,confident,11555,16955,13866.0,3:51:09,Mehata Ayush Leelesh,100.0
341,SOMYA BISHT,possible,11555,16955,15463.0,4:17:46,Somia Bishart,92.0
342,SYAMAK HALDER,confident,11555,16955,14248.0,3:57:31,Shyamak Halder,100.0
343,RISHI JHA,confident,11555,16955,16438.0,4:34:01,Rishi Jha,100.0
344,SHRISTI SINGH,possible,11555,16955,12900.0,3:35:03,Arshit Singh,94.0
345,DEVANSH KUMAR GUPTA,confident,11679,17079,12916.0,3:35:19,Devansh Kumar,100.0
346,SUCHETA NANDI,confident,11431,16831,14594.0,4:03:17,Sucheta Nandi,100.0
347,DEVANSH TYAGI,possible,11555,16955,12039.0,3:20:42,dean to be there on the stage,81.0
348,RIYA SINGH,confident,11555,16955,14620.0,4:03:43,Riya Singh,100.0
349,ABHINAV ANAND,possible,11555,16955,14332.0,3:58:55,Abhidya Abhinandan,87.0
350,KOMAL TRIPATHI,confident,11555,16955,14465.0,4:01:08,Komal Tripathi,100.0
351,JATIN SEN,possible,11555,16955,16844.0,4:40:47,Dhat Sen,87.0
352,ISHA PRAJAPATI,possible,11555,16955,13429.0,3:43:52,Pratik Raj Mishra,88.0
353,DANISH ANSARI,confident,11431,16831,14376.0,3:59:39,Danish Ansari,100.0
354,YAGYESHZ VISHNOI,confident,11679,17079,14088.0,3:54:51,Yoges Vishnoi,94.0
355,HARIHAR BAJPAI,confident,11679,17079,13768.0,3:49:31,Harihar Bajping,100.0
356,HARSH BURMAN,possible,11431,16831,13298.0,3:41:41,Shana Sharish Kumar,87.0
357,SK SAHIL ISLAM,confident,11555,16955,16060.0,4:27:43,SK Sahil Slam,100.0
358,SAKSHI SHRIVASTAVA,confident,11431,16831,17603.0,4:53:26,Sakshi Shrivastava,100.0
359,AADI JAIN,confident,11679,17079,13945.0,3:52:28,Adi Jain,100.0
360,FALGUNI JAIN,confident,11431,16831,17093.0,4:44:56,Palguni Jain,100.0
361,SHREYA DAGAR,confident,11679,17079,13649.0,3:47:32,Shreya Daga,100.0
362,SARTHAK KUMAR,confident,11555,16955,16021.0,4:27:04,Sarak Kumar,97.0
363,ADITYA PATHAK,possible,11555,16955,13802.0,3:50:05,Aditya Patar,94.0
364,ADITI SINGH,possible,11555,16955,14464.0,4:01:07,Adita Vikram Singh,100.0
365,TARANPREET KAUR,possible,11555,16955,17113.0,4:45:16,Tarempri Kaur,90.0
366,ANISH KUMAR GUPTA,possible,11431,16831,13560.0,3:46:03,Anish Kumar Gupta,100.0
367,RAJPAL MALLIKA MANISH,possible,11555,16955,13440.0,3:44:03,Gitaansh Malik,89.0
368,SHRIKANT SHARMA,confident,11555,16955,16395.0,4:33:18,Shriant Sharma,99.0
369,HARSHIT KHURANA,confident,11431,16831,16935.0,4:42:18,Harshit Khurana,100.0
370,PRAKHAR MALVIYA,confident,11555,16955,13936.0,3:52:19,Prakhar Malviya,100.0
371,SUVARNA SHUKLA,confident,12304,17704,13491.0,3:44:54,Subarna Shukla,100.0
372,SHUBHAM KUMAR,confident,12278,17678,14095.0,3:54:58,Shoubhham Kumar,100.0
373,HARSH KUMAR SHUKLA,confident,12278,17678,15891.0,4:24:54,Harish Kumar Shukla,100.0
374,PRANAY KUSHWAHA,confident,12304,17704,13784.0,3:49:47,Pa Kushwaha,95.0
375,RIA PANDEY,confident,12252,17652,17310.0,4:48:33,Ria Panch day,94.0
376,ANSH SINGH,possible,12278,17678,13530.0,3:45:33,Anvith Imanshu Kumar Singh,93.0
377,GUPTA HIMANSHU RAJESH,confident,12278,17678,17420.0,4:50:23,Himmanu Rajesh Gupta,100.0
378,ANKIT HAZARIKA,possible,12278,17678,14846.0,4:07:29,Shankar Anikit Anil,86.0
379,RAJ VIJAY,confident,12278,17678,14240.0,3:57:23,Raj Vijay,100.0
380,UTSAV PAL,confident,12278,17678,20033.0,5:33:56,Uts of Pal,95.0
381,LAY SHETH,possible,12278,17678,15311.0,4:15:14,Naya Sharat Benoy,74.0
382,AMAN KUMAR,possible,12278,17678,12643.0,3:30:46,Kumar Tanmay,95.0
383,MD MAHBOOB ALAM,possible,12278,17678,16470.0,4:34:33,Alam,80.0
384,HARSHITA,possible,12278,17678,12309.0,3:25:12,Harshita Jangri,85.0
385,AKSHAT KUMAR,confident,12252,17652,17013.0,4:43:36,Akshhat Kumar,100.0
386,KHUSHI AGGARWAL,confident,12278,17678,12286.0,3:24:49,Kushi Agrial,91.0
387,LAKSHAY PESWANI,possible,12278,17678,17209.0,4:46:52,Asha Kesharwani,86.0
388,RIDDHIKA TRIPATHI,possible,12278,17678,13332.0,3:42:15,Rithik Tiwari,87.0
389,MODH MITUL KALPESHKUMAR,possible,12278,17678,16614.0,4:36:57,Kalash Prattab God,77.0
390,VANSHIKA TYAGI,possible,12278,17678,16512.0,4:35:15,Yeshua Van Tari,83.0
391,KARTHIK M,possible,12278,17678,16990.0,4:43:13,Kati Madwani,71.0
392,SABNE PRANAV PRADEEP,confident,12278,17678,13617.0,3:47:00,Abhankar Pranav Pradeep,100.0
393,AKANKSHA PANDA,confident,12252,17652,16917.0,4:42:00,Akanga Panda,100.0
394,AARUSHI,possible,12252,17652,13587.0,3:46:30,Arushi Taluja,82.0
395,CHAKRABORTY SUBHAJIT RABINDRANATH,possible,12278,17678,14669.0,4:04:32,sit on the chair in the,81.0
396,PESHKAR ISHAN SACHIN,confident,12304,17704,13774.0,3:49:37,Peskar Ishan Sachin,100.0
397,SHATAKSHI DUBEY,confident,12278,17678,12279.0,3:24:42,Shatakshi Dup,89.0
398,VANSH,possible,12278,17678,17155.0,4:45:58,Vanshika Bhojani,74.0
399,GUL BHATNAGAR,confident,12278,17678,13474.0,3:44:37,Gur Bhatnagar,96.0
400,DIVYANSH SINGHAL,possible,12252,17652,17457.0,4:51:00,Riyanshi Singh,94.0
401,AARAV SAXENA,possible,12278,17678,14594.0,4:03:17,Arab Saxena,89.0
402,MAYANK KANDPAL,confident,12304,17704,14949.0,4:09:12,Mayank Khan Pal,93.0
403,ADITYA BAHETI,confident,12304,17704,14356.0,3:59:19,Adita Baheli Bahi,100.0
404,ADITYA VIKRAM SINGH,confident,12278,17678,14060.0,3:54:23,Sasvat Vikram Singh,100.0
405,DIVYA TIWARI,confident,12252,17652,18706.0,5:11:49,Diva Tibari,98.0
406,HITANSHU YADAV,possible,12278,17678,12460.0,3:27:43,Manav Harish Bhai Patel,81.0
407,AYUSHI SINGH,possible,12278,17678,13679.0,3:48:02,Ayush Kumar Singh,100.0
408,SURYAPRATAP SINGH,possible,12278,17678,13896.0,3:51:39,Yusra Singh,88.0
409,VIRAJ PATIDAR,confident,12278,17678,15777.0,4:23:00,Vira Partidar,96.0
410,AARYAN SONI,confident,12278,17678,14332.0,3:58:55,Aryan Soni,95.0
411,NAVNEET GUPTA,confident,12278,17678,16736.0,4:38:59,Navni Gupta,94.0
412,RUDHINANDAN PATEL,possible,12278,17678,16854.0,4:40:57,Arian Pares Patel,82.0
413,YUKTIKA MISHRA,confident,12304,17704,13324.0,3:42:07,Yuktika Mishra,100.0
414,SANSKRITI TYAGI,possible,12278,17678,16817.0,4:40:20,Sumit Kumar Tari,72.0
415,ANURAN MONDAL,possible,12278,17678,13346.0,3:42:29,Arihan Mandari,84.0
416,SOUMYODEEP NAYAK,confident,12278,17678,12963.0,3:36:06,Somyadeep Nayak,100.0
417,ALTHI KUMAR VIVEK VARDHAN RAMA NAIDU,confident,12278,17678,15750.0,4:22:33,Raman Naidu,98.0
418,TRUSHA ANAND,possible,12278,17678,16385.0,4:33:08,Harsh Anand,85.0
419,ABHINAY SINGH BHADAURIA,confident,12278,17678,12801.0,3:33:24,Abhinai Singh,97.0
420,KUSH,possible,12278,17678,12285.0,3:24:48,Kushi Agribal,82.0
421,VRUSHTI NAINESHKUMAR PATEL,possible,12278,17678,15120.0,4:12:03,Patel Harsh Rajendra,84.0
422,HARDIK MISHRA,confident,12252,17652,17265.0,4:47:48,Harvek Mishra,97.0
423,ANURAAG ROY MUKHERJEE,possible,12252,17652,14035.0,3:53:58,uh Ardana,81.0
424,CHHAVI,none,12278,17678,,,,
425,SHUBH MEHROTRA,confident,12304,17704,13252.0,3:40:55,Shubh Maharotra,100.0
426,DHRUV KAKARLA,possible,12278,17678,24795.0,6:53:18,Dru karia,82.0
427,HARSH DAYAL,possible,12278,17678,14878.0,4:08:01,Dhaval Harsh Pandit,92.0
428,PREETI PATIDAR,possible,12278,17678,15969.0,4:26:12,Prii Patidar,90.0
429,SANSKRITI AGARWAL,confident,12278,17678,15940.0,4:25:43,Sanskriti Agraal,96.0
430,SHIFA SHEIKH,confident,12304,17704,14521.0,4:02:04,Shifas shake,93.0
431,HARSHITA MITTAL,confident,12278,17678,14780.0,4:06:23,Arita Mittal,94.0
432,DEVESH SINGH,possible,12278,17678,14277.0,3:58:00,Rakesh Kumar Singh,88.0
433,PRATYUSH DUBEY,possible,12278,17678,16554.0,4:35:57,Prajit Dubet,86.0
434,ANSH RAUT,possible,12278,17678,13560.0,3:46:03,Anish Kumar Gupta,84.0
435,SHUBHRA AWASTHI,possible,12252,17652,15068.0,4:11:11,Kashi Sharma,84.0
436,MITUL SRIVASTAVA,confident,12304,17704,14949.0,4:09:12,Mithul Shivasta,97.0
437,VIJVAL VITTESH SAH,confident,12304,17704,13919.0,3:52:02,Vijwal Vittesha,100.0
438,AYUSH PANDEY,confident,12278,17678,12783.0,3:33:06,Ayush Pandey,100.0
439,VIJAY VERMA,confident,12278,17678,18513.0,5:08:36,Vijay Verma,100.0
440,PRAJEET DUBEY,possible,12278,17678,16554.0,4:35:57,Prajit Dubet,91.0
441,ABHINAV TIWARI,possible,12278,17678,17480.0,4:51:23,Abhinav Tari,91.0
442,NAMAN KUNDAN,confident,12278,17678,16000.0,4:26:43,Naman Kundan,100.0
443,ABHINAV PRASAD,confident,12304,17704,13282.0,3:41:25,Om Prasad Bahira,94.0
444,NISHANK CHOUREY,possible,12278,17678,16375.0,4:32:58,Nishan Chow,89.0
445,ABHYA ANAND,possible,12278,17678,14332.0,3:58:55,Abhidya Abhinandan,94.0
446,VAIBHAV TYAGI,possible,12278,17678,16907.0,4:41:50,Shri Pati Vaibhav Maitre,87.0
447,AVIRUDDH SINGHAL,possible,12278,17678,15001.0,4:10:04,Anirut Singh,85.0
448,RUPESH AJITKUMAR SONI,confident,12304,17704,14465.0,4:01:08,Rupesh Ajit Kumar Soni,100.0
449,ARNAV GROVER,possible,12278,17678,16164.0,4:29:27,Arin Krishna Sang God,75.0
450,KHUSHI THAKUR,possible,12278,17678,13484.0,3:44:47,Khushi Pukareja,82.0
451,ABHAY SINGH CHAUHAN,possible,12278,17678,12316.0,3:25:19,Bumi Chauk Singh,99.0
452,REHAN AHMED MANSOORI,confident,12304,17704,14789.0,4:06:32,Rehan Ahmed Mansuri,100.0
453,PRAKRITI CHANDEL,possible,12278,17678,17301.0,4:48:24,Bracriti Chandel,92.0
454,SURVANSHI AYUSH VIRENDRAKUMAR,possible,12278,17678,13679.0,3:48:02,Ayush Kumar Singh,87.0
455,DEVANSH TIWARI,possible,12278,17678,16512.0,4:35:15,Yeshua Van Tari,82.0
456,SOUMYASHIS SARKAR,possible,12278,17678,16261.0,4:31:04,Sarkcar,78.0
457,HARSHVARDHAN SINGH,possible,12278,17678,14376.0,3:59:39,Harsh Pratap Singh,99.0
458,KOMAL BAID,possible,12278,17678,13282.0,3:41:25,Om Prasad Bahira,85.0
459,IKSHU PATNI,possible,12278,17678,13429.0,3:43:52,Prati Raj Mishra,84.0
460,RISHI KAUL,confident,12278,17678,14594.0,4:03:17,Rishi Kal,100.0
461,ANSHIKA MISHRA,confident,12304,17704,14277.0,3:58:00,Anshika Mishra,100.0
462,AYUSH RAJ,possible,12278,17678,14332.0,3:58:55,Ayush Raj,100.0
463,PRAKHAR MISHRA,confident,12278,17678,16050.0,4:27:33,Prahar Mishra,98.0
464,ANUSHKA AJAY KSHIRSAGAR ANUSHKA AJAY,possible,12252,17652,15088.0,4:11:31,Anushka Shir Saga,95.0
465,ADITYA SARKAR,confident,12278,17678,14332.0,3:58:55,Aditya Sarkar,100.0
466,NILAY SINGH,confident,12252,17652,15001.0,4:10:04,Nile Singh,97.0
467,ANIKATE SHARMA,confident,12304,17704,13858.0,3:51:01,Anikesh Sharma,99.0
468,ARUSHI PURI,confident,12304,17704,14465.0,4:01:08,Arushi Puri,100.0
469,ROHAN GAUTAM,possible,12278,17678,13093.0,3:38:16,Risha Gupta,85.0
470,THAKARE AYUSH DHANANJAY,confident,12278,17678,13604.0,3:46:47,Hakhre Ayush Dhananjay,100.0
471,NAYAN JAIN,possible,12252,17652,14233.0,3:57:16,Bhavyaans Jain,92.0
472,AAKASH GUPTA,confident,12278,17678,16754.0,4:39:17,Akash Gupta,95.0
473,KAMILKHAN PATHAN,possible,12278,17678,13625.0,3:47:08,Parthu Krishna,81.0
474,ABHISHEK SINGH,confident,12278,17678,13967.0,3:52:50,Abhishek Singh,100.0
475,PRIYADARSHI NIHAL,possible,12278,17678,16050.0,4:27:33,Prahar Mishra,76.0
476,GARVIT,possible,12278,17678,12420.0,3:27:03,Krishna Gar,71.0
477,SAMARTH SAXENA,confident,12278,17678,12654.0,3:30:57,Samaj Satya,87.0
478,SIDDHARTH JHA,possible,12278,17678,15522.0,4:18:45,Siddhad Sihad,80.0
479,JITHIN JACOB MATHEW,confident,12252,17652,19355.0,5:22:38,Jet Jacob Matthew,100.0
480,HARSH SHUKLA,possible,12304,17704,15891.0,4:24:54,Harish Kumar Shukla,98.0
481,ABHISHEK MISHRA,possible,12252,17652,14277.0,3:58:00,Anshika Mishra,87.0
482,PARSEWAR GIRIRAJ PRADEEP,possible,12278,17678,13617.0,3:47:00,Abhankar Pranav Pradeep,87.0
483,TANISHQ KAKKAR,possible,12252,17652,13560.0,3:46:03,Anish Kumar Gupta,87.0
484,SHASHIDHAR KITTUR,possible,12278,17678,14594.0,4:03:17,Shashidhar,80.0
485,AKSHAT SINGH,possible,12278,17678,12900.0,3:35:03,Arshit Singh,95.0
486,KHUSHAL BHARDWAJ,possible,12278,17678,13026.0,3:37:09,Kushal Bana,88.0
487,MANMODE RUTVIK SANJAY,confident,12304,17704,12562.0,3:29:25,Ruthvik Sanjay,100.0
488,RIM PATEL,possible,12278,17678,16854.0,4:40:57,Arian Pares Patel,84.0
489,JAI SANDHU,confident,12252,17652,16825.0,4:40:28,Jai Sandhu,100.0
490,DIVYANSHI VISHWAKARMA,confident,12278,17678,14217.0,3:57:00,Devganshi Vishapkarma,97.0
491,DIVYA PARIHAR,confident,12252,17652,18346.0,5:05:49,Diva Parhar,100.0
492,AMOL TRIPATHI,possible,12278,17678,15687.0,4:21:30,Ammo tripati,92.0
493,UTKARSH VATS,possible,12278,17678,17531.0,4:52:14,Utkash Anil Vag,87.0
494,DINDAYAL SINHA,possible,12278,17678,12993.0,3:36:36,Alind Singh,83.0
495,ANVIT PUSALKAR,possible,12278,17678,14846.0,4:07:29,Shankar Anikit Anil,82.0
496,PRAGNI NAIK,possible,12278,17678,15750.0,4:22:33,Raman Naidu,77.0
497,VEDANSH KAPOOR,confident,12278,17678,13733.0,3:48:56,Vedans Kapoor,100.0
498,ADITI BISHT,confident,12252,17652,19163.0,5:19:26,Aditi Bish,100.0
499,UDDEISHYA KUMAR,possible,12278,17678,13402.0,3:43:25,Suman Kumar Mishra,85.0
500,MAHI PRIYADARSHI,confident,12278,17678,16662.0,4:37:45,Mahi Priya Dari,95.0
501,HARSH MAHAJAN,confident,14976,20376,13361.0,3:42:44,Harsh Mahajan,100.0
502,SIDDHANT JHA,possible,14578,19978,19647.0,5:27:30,Hemanshu Mohan Jha,83.0
503,SWAPNIL SINGH,confident,14578,19978,15709.0,4:21:52,Swapnil Singh,100.0
504,ABHAY YADAV,confident,14976,20376,12554.0,3:29:17,Abhay Yadav,100.0
505,SURABHI SINGH,possible,14976,20376,20178.0,5:36:21,Surya Prattab Singh,93.0
506,PIYUSH KUMAR,possible,14578,19978,17947.0,4:59:10,Anish Kumar Jaisman,90.0
507,PREM ARORA,possible,14578,19978,16854.0,4:40:57,Arian Pares Patel,85.0
508,PRITHVI NARAYAN SINGH,confident,14578,19978,17239.0,4:47:22,Samar Prith Singh,97.0
509,VIKAS GURJAR,possible,14578,19978,18713.0,5:11:56,Vikarsha Dinesh Uttkar Shah Dinesh,80.0
510,UDDHAV PHATAK,possible,14578,19978,18018.0,5:00:21,Ria Ben Dhaves Kumar Patel,75.0
511,AGRIMA JOSHI,possible,14578,19978,15040.0,4:10:43,Arian Koshik,88.0
512,NYASHA OJHA,possible,14578,19978,18258.0,5:04:21,Niasha Oja,92.0
513,ANIMESH BAJPAI,possible,14578,19978,18614.0,5:10:17,Anvesha Tapa Huh?,85.0
514,PRASHASTI PRIYA,confident,14502,19902,18347.0,5:05:50,Prashasti Priya,100.0
515,ABHISHEK BHARDWAJ,possible,14578,19978,19234.0,5:20:37,Lakshi Sachin Bharat,82.0
516,KHUSHI GOYAL,possible,14578,19978,18139.0,5:02:22,Hushi Agarwal,86.0
517,PATIL HARSHAL RAJENDRA,confident,14578,19978,15120.0,4:12:03,Patel Harsh Rajendra,100.0
518,AKSHAT VINOD AGRAWAL,possible,14578,19978,19938.0,5:32:21,Tushar Agraal,87.0
519,OM SHARMA,confident,14578,19978,21155.0,5:52:38,Om Sharma,100.0
520,SAGAR SINGH KUSHWAHA,confident,14502,19902,19757.0,5:29:20,Sagar Singh Kushwaha,100.0
521,ANKIT KUMAR,possible,14578,19978,16138.0,4:29:01,Ankit Kumar,100.0
522,AKSHAT SHARMA,confident,14502,19902,19298.0,5:21:41,Akshhat Sharma,100.0
523,SAMEER KUMAR,confident,14502,19902,19569.0,5:26:12,Samir Kumar,99.0
524,AKSHAT RAJ,possible,14578,19978,17398.0,4:50:01,Ankit Raj,92.0
525,AARUSH TALUJA,confident,14976,20376,13589.0,3:46:32,sorry sorry Arush Taluja,100.0
526,ADLA PRASAD REDDY,confident,14578,19978,16173.0,4:29:36,Adla Prasad Reddi,100.0
527,KHUSHI ROY,possible,14578,19978,19538.0,5:25:41,Aryan Kushwa Huh?,76.0
528,RISHABH MUNJAL,possible,14578,19978,16078.0,4:28:01,Rishabal,74.0
529,BAIBHAV KUMAR SINGH,possible,14976,20376,16875.0,4:41:18,Abhinav Singh,90.0
530,SHISHIR AGARWAL,confident,14578,19978,16546.0,4:35:49,Shishir Agarwal,100.0
531,ABHINAV UPADHYAY,possible,14578,19978,16872.0,4:41:15,Abhinav,80.0
532,PACHORE ARYAN ABHAYKUMAR,possible,14578,19978,18055.0,5:00:58,Arviyan Abhay Kumar Pachore,96.0
533,DISHA NAVEEN,confident,14502,19902,18298.0,5:05:01,Disha Naven,100.0
534,BHARAMBE MAYUR VINAYAK,possible,14502,19902,16570.0,4:36:13,Many Bharat,86.0
535,GARV GOYAL,possible,14578,19978,18318.0,5:05:21,Goya,77.0
536,VYSHNAVI MADHUSUDHAN,possible,14578,19978,17792.0,4:56:35,Madhus Sudhan,77.0
537,PRABHU NAMAN,confident,14976,20376,12667.0,3:31:10,Prabhu Naman,100.0
538,AYUSH KUMAR SINGH,possible,14578,19978,16538.0,4:35:41,Aayush Kumar Singh,98.0
539,UTKARSH BANSAL,possible,14578,19978,17869.0,4:57:52,Utskash Bans,93.0
540,NISHITHA SINGH,possible,14578,19978,17167.0,4:46:10,Trishi Singh,91.0
541,ALEENA KHAN,confident,14976,20376,14789.0,4:06:32,Alina Khan,98.0
542,NEHIL NAMA,confident,14502,19902,18587.0,5:09:50,Nehil Nama,100.0
543,KSHITISH CHANDRA NAYAK,possible,14976,20376,15311.0,4:15:14,Naya Sharat Benoy,85.0
544,JOSHI SAEE SHARDUL,confident,14578,19978,14772.0,4:06:15,Josie Sai Shardul,95.0
545,RAJ ARYAN SHARMA,possible,14578,19978,16981.0,4:43:04,Raj Aryan,100.0
546,TEJAS DEV LAKHANPAL,confident,14578,19978,12908.0,3:35:11,Tejas Dev,100.0
547,SARANSH PRAJAPATI,confident,14578,19978,16897.0,4:41:40,Saran Prajapati,97.0
548,ANSHUMAN ANAND NAYAK,confident,14578,19978,16597.0,4:36:40,Anuman Anand Nayakan,97.0
549,AKSHITA SAXENA,possible,14578,19978,18319.0,5:05:22,Akshita Sakshina,89.0
550,DALVI ANSHUL AJIT,confident,14578,19978,15631.0,4:20:34,Dali Anul Ajip,93.0
551,ISHA NANDI,possible,14976,20376,19143.0,5:19:06,Soham Nande,85.0
552,YUVRAJ SINGH,possible,14578,19978,19541.0,5:25:44,Yovraj Pratap Singh,100.0
553,SRISHTI JITPURE,possible,14578,19978,16907.0,4:41:50,Shri Pati Vaibhav Maitre,75.0
554,SHIVANSH PANDEY,possible,14578,19978,18543.0,5:09:06,Shivam Patel,88.0
555,PURNIMA SAHOO,possible,14578,19978,18488.0,5:08:11,Sah Pri call,87.0
556,DEVANSH KALURA,confident,14578,19978,16489.0,4:34:52,Devan Kalura,97.0
557,KECHE PRATHAMESH RIKUNJAY,possible,14578,19978,18347.0,5:05:50,Prashasti Priya,78.0
558,CHARUL DONGRE,confident,14976,20376,14765.0,4:06:08,Charu Dongray,99.0
559,NISHANT KUMAR,confident,14578,19978,19275.0,5:21:18,Nishant Kumar,100.0
560,SANJANA GURBANI,confident,14502,19902,19001.0,5:16:44,Sanjana Gurbani,100.0
561,NAIR SHARAD BINOY,possible,14578,19978,15311.0,4:15:14,Naya Sharat Benoy,91.0
562,KAUSTUBH JAISWAL,possible,14578,19978,18693.0,5:11:36,Anushri Jai Sarkar,78.0
563,HARSIMAR PREET KAUR,confident,14578,19978,18488.0,5:08:11,Sahesh Preet Kaur,100.0
564,ARYAN ATWAL,possible,14578,19978,16853.0,4:40:56,Aryan Faresh Patel,92.0
565,PRAKHAR GUPTA,confident,14502,19902,18080.0,5:01:23,Prahar Gupta,100.0
566,MAYANK RAWAT,confident,14578,19978,19587.0,5:26:30,Mayang Raat,94.0
567,VIROCHNA SAXENA,confident,14502,19902,18465.0,5:07:48,Virochha Sakshina,91.0
568,PRIYANSHU KUMAR,possible,14578,19978,18114.0,5:01:57,Syash Kumar,92.0
569,VANSH KAPOOR,possible,14578,19978,17947.0,4:59:10,Anish Kumar Jaisman,85.0
570,VISHVAM SAMIRKUMAR PATEL,confident,14976,20376,15001.0,4:10:04,Vishwam Samir Kumar Patel,100.0
571,PRINCE CHOUDHARY,possible,14578,19978,14669.0,4:04:32,sit on the chair in the,76.0
572,ARYAN SRIVASTAVA,possible,14578,19978,17123.0,4:45:26,Priya Shrivastava,90.0
573,SUBHANGINI GUIN,possible,14578,19978,18595.0,5:09:58,Gurbani Bhagal,78.0
574,PRASAR SRIVASTAVA,possible,14578,19978,17123.0,4:45:26,Priya Shrivastava,92.0
575,HARSHVARDHAN SINGH RATHORE,possible,14502,19902,19449.0,5:24:12,Gopta Yogan Singh Rathar,100.0
576,SHINDE NISHANT SANJAY,possible,14578,19978,15088.0,4:11:31,Anushka Shir Saga,86.0
577,ADITYA JOSHI,possible,14578,19978,18877.0,5:14:40,Aditya Koshwa,85.0
578,PATEL RIYABEN BHAVESHKUMAR,possible,14578,19978,16853.0,4:40:56,Aryan Faresh Patel,95.0
579,PATIL OM DEEPAK,confident,14502,19902,18083.0,5:01:26,Om Deepak Patel,100.0
580,AKSHAT GUPTA,possible,14578,19978,16754.0,4:39:17,Akash Gupta,95.0
581,RIMJHIM JHA,possible,14578,19978,16438.0,4:34:01,Rishi Jha,92.0
582,PRIYA SRIVASTAV,confident,14976,20376,17123.0,4:45:26,Priya Shrivastava,100.0
583,MANAS DWIVEDI,possible,14578,19978,17499.0,4:51:42,Manas Dhuvedi,91.0
584,RISHITA PRIYADARSHINI SARAF,possible,14578,19978,18209.0,5:03:32,Ishita Sharma,95.0
585,ABHYUDAYA ABHINANDAN,confident,14976,20376,14332.0,3:58:55,Abhidya Abhinandan,98.0
586,HARSH MARKANDEY,confident,14578,19978,14830.0,4:07:13,Harsh Markandes,100.0
587,PRATHUM BHANGADIA,possible,14578,19978,17244.0,4:47:27,Pratam Mangadia,90.0
588,NIMISH SELOT,possible,14578,19978,15694.0,4:21:37,nimsh Hello,85.0
589,ASMITA PAL,confident,14976,20376,14878.0,4:08:01,Aslita Pal,100.0
590,IMTISAL SAHIL ANSARI,confident,14578,19978,16356.0,4:32:39,Imtisal Sahil Sari,100.0
591,ARYAN GUPTA,possible,14578,19978,15349.0,4:15:52,Aryan Gupta,100.0
592,KHUSHI TIWARI,possible,14578,19978,15827.0,4:23:50,Bulashia warm,74.0
593,KAUSTUBH AGRAWAL,possible,14578,19978,15949.0,4:25:52,Costub Agraal,81.0
594,ADITI SRIVASTAVA,possible,14578,19978,19803.0,5:30:06,Aditya Raj Shivasta,93.0
595,ISHAAN VERMA,confident,14900,20300,17275.0,4:47:58,Ishaan Varma,99.0
596,KABADE OM MILIND,confident,14502,19902,18921.0,5:15:24,Kabade Om Villain,100.0
597,SANT SARTHAK HARSHAL,possible,14578,19978,19582.0,5:26:25,Son Sarta Kershal,88.0
598,HARSH PRATAP SINGH,possible,14578,19978,19541.0,5:25:44,Yovraj Pratap Singh,100.0
599,SAURAV KHANAL,possible,14578,19978,19211.0,5:20:14,Shams Shadan Khan,85.0
600,SOMIL AGRAWAL,possible,14578,19978,17373.0,4:49:36,Agarwal,77.0
601,PRANJALI VERMA,possible,14578,19978,16282.0,4:31:25,Ria Verhma,80.0
602,GUNUPURU MOURYA,confident,14976,20376,16973.0,4:42:56,Gunupuru Moria,98.0
603,KASHIKAR ISHA PRASHANT,confident,14502,19902,19111.0,5:18:34,Isha Prasanth Kashikar,100.0
604,SATRAJIT MUKHERJEE,confident,14578,19978,15904.0,4:25:07,Satrajit Mukharji,94.0
605,HIMANSHU KUMAR SINGH,possible,14976,20376,17947.0,4:59:10,Anish Kumar Jaisman,95.0
606,SARTHAK BHATNAGAR,possible,14578,19978,18048.0,5:00:51,ana shastav,81.0
607,AKSHAT PANCHRATAN SINGH,possible,14578,19978,19769.0,5:29:32,Yash Singh,92.0
608,KSHITIJ KUMAR,possible,14578,19978,17013.0,4:43:36,Akshhat Kumar,91.0
609,MIHIKA KESHKAMAT,confident,14502,19902,18707.0,5:11:50,Mehika Keish Kamat,87.0
610,ANKIT KUMAR JHA,possible,14578,19978,16138.0,4:29:01,Ankit Kumar,100.0
611,SIMARPREET SINGH,possible,14578,19978,17239.0,4:47:22,Simmerit Singh,90.0
612,SRISHTI AGARWAL,confident,14578,19978,17234.0,4:47:17,Shrishi Agarwal,96.0
613,ANWESHA CHATTERJEE,confident,14502,19902,18721.0,5:12:04,Anvesha Chatterjee,100.0
614,PRITISH AGNIHOTRI,confident,14502,19902,19071.0,5:17:54,Pradesh Agnihotri,94.0
615,DEVANSH TIWARI,possible,14578,19978,18703.0,5:11:46,Devya Tibari,93.0
616,YUVRAJ SINGH NARUKA,confident,14578,19978,17057.0,4:44:20,Yuvra Singh Naruka,100.0
617,PRATHAMESH PARAG CHAUDHARI,possible,14976,20376,19362.0,5:22:45,Prahar Mishra Huh?,86.0
618,NITIN KUMAR,possible,14578,19978,19275.0,5:21:18,Nishant Kumar,89.0
619,KAMAL YADAV,possible,14976,20376,19324.0,5:22:07,Shashi Kumar Yadav,88.0
620,SNEHA MISHRA,confident,14578,19978,16696.0,4:38:19,Sneha Mishra,100.0
621,AHERRAO UTKARSHA DINESH,confident,14502,19902,18713.0,5:11:56,Vikarsha Dinesh Uttkar Shah Dinesh,98.0
622,ASMI WALIA,possible,14578,19978,14886.0,4:08:09,Ashita Palma,82.0
623,SOMSUBHRO CHAKRABARTI,confident,14976,20376,17032.0,4:43:55,Shomro Chakraorti,93.0
624,AVICHAL DWIVEDI,possible,14578,19978,19558.0,5:26:01,Aichel Di,82.0
625,DEEKSHA KUSHWAHA,confident,14578,19978,18728.0,5:12:11,Diksha Kushwa,96.0
626,ALOK SHUKLA,possible,14578,19978,15719.0,4:22:02,Palak Chukla,84.0
627,TANWEER IQBAL,possible,14578,19978,16807.0,4:40:10,Tanvir Ekbal,83.0
628,CHANDAN KUMAR VERMA,confident,14502,19902,19065.0,5:17:48,Chandan Kumar Verma,100.0
629,HAKEEM MOHAMMAD SALLAUDDIN,possible,14578,19978,16317.0,4:32:00,Hakim Muhammad Salawin,90.0
630,ADITYA DUBEY,confident,14578,19978,15554.0,4:19:17,Adita Dubet,94.0
631,AJIT DIXIT,possible,15700,21100,19803.0,5:30:06,Adit Raj,80.0
632,AKASH SINGH,confident,15700,21100,20011.0,5:33:34,Akash Singh,100.0
633,RIYA PRASHANT MANDAOGADE,confident,15700,21100,18334.0,5:05:37,Ria Prashant,100.0
634,PRAYAG ANIL THAKUR,confident,15700,21100,13952.0,3:52:35,Paryag Anil Thakur,100.0
635,PRATHAM AMIT SINGH,possible,15700,21100,19541.0,5:25:44,Yovraj Pratap Singh,100.0
636,BHAVYANSH JAIN,possible,15869,21269,20211.0,5:36:54,Nayan Jain,87.0
637,APEX ARYAN DAS,possible,15700,21100,20357.0,5:39:20,Aryan Abhiji Desh Pande,88.0
638,ANEESWA CHOWDHURY,possible,15700,21100,17073.0,4:44:36,Anishwad Chadri,84.0
639,RUSHIKESH RAUT,confident,15700,21100,19851.0,5:30:54,Rishikesh Raoud,91.0
640,YASHPREET,possible,15700,21100,21023.0,5:50:26,Yash Agarwal,71.0
641,SANKALAN SINHA MAHAPATRA,possible,15700,21100,19757.0,5:29:20,Saga Singh Kushwaha,84.0
642,ANASWAR L,confident,15225,20625,22263.0,6:11:06,Anaswar El,85.0
643,DESHMUKH TUSHAR NAGESH,possible,15700,21100,18715.0,5:11:58,Utkar Desha,85.0
644,KAUSHAL GANGWAR,possible,15700,21100,20717.0,5:45:20,Omar Ankushwa Gayakar,84.0
645,ESHWARI ANAND NAIDU,confident,15700,21100,16676.0,4:37:59,Ashwari Anand Naidu,100.0
646,SHITANSHU YADAV,confident,15700,21100,19324.0,5:22:07,Shashi Kumar Yadav,96.0
647,SAMRATH THAPAR,possible,15700,21100,19135.0,5:18:58,Bavar Om Somnath,76.0
648,DEEPAK KUMAR MAHTO,possible,15869,21269,20396.0,5:39:59,Ashtoh Kumar,96.0
649,KAVATE DNYANESH PRASHANT,confident,15700,21100,20636.0,5:43:59,Danesh Prashant,94.0
650,POOJA,none,15700,21100,,,,
651,SHASHANK SHARMA,confident,15700,21100,19862.0,5:31:05,Shashank Sharma Huh?,100.0
652,LAKSHAY GARG,possible,15700,21100,18943.0,5:15:46,Lakshjan,74.0
653,ARUNANSHI KAUSHISH,confident,15225,20625,18735.0,5:12:18,Arunanshi Koshish,99.0
654,ARSH KUMAR,confident,15700,21100,16365.0,4:32:48,Arsh Kumar,100.0
655,CHIRAG CHOUDHARY,possible,15700,21100,20535.0,5:42:18,Chokra Jai Chokra Varthi,87.0
656,SOURAJ SAHA,possible,15700,21100,19031.0,5:17:14,SA Moria,83.0
657,DHRUV KUMAR BANSAL,possible,15869,21269,19219.0,5:20:22,Ronit Kumar Mandal,94.0
658,SRISTI SRIVASTAVA,confident,15700,21100,17987.0,4:59:50,Srishti Shrivastava,97.0
659,LEEVESH KUMAR,possible,15700,21100,18937.0,5:15:40,Hersh Kumar,84.0
660,HARSH ANAND DHUMAL,possible,15700,21100,16385.0,4:33:08,Harsh Anand,100.0
661,SREYA NAIR,possible,15700,21100,19013.0,5:16:56,Shreya Nayar,89.0
662,KUSHAGRA VARDHAN,possible,15700,21100,15741.0,4:22:24,Pushag Vardan,90.0
663,KHUSHI GUPTA,confident,15225,20625,18745.0,5:12:28,Kushi Gupta,100.0
664,AREEN KRISHAN TAINGOUR,possible,15700,21100,16164.0,4:29:27,Arin Krishna Sang God,90.0
665,PRIYANSHI SHARMA,possible,15700,21100,18702.0,5:11:45,Brihanchi Sharma,89.0
666,ARNAB DE,confident,15700,21100,19597.0,5:26:40,Arunabh De,96.0
667,SOURAV SUBHAM,possible,15700,21100,17960.0,4:59:23,Sores Sharma,78.0
668,PARIVED ARORA,possible,15700,21100,16854.0,4:40:57,Arian Pares Patel,87.0
669,NEHA ATOLE,possible,15869,21269,18781.0,5:13:04,Everyone needs to be seated,77.0
670,ISITA KANGSA BANIK,confident,15869,21269,17083.0,4:44:46,Ishita Kanga,100.0
671,PREESHA VASHISTH,confident,15869,21269,15068.0,4:11:11,Prisha Vashish,98.0
672,DIVYANSH CHAUDHARY,possible,15700,21100,18839.0,5:14:02,Chha Ayayush Bechan,79.0
673,P RAMESH,confident,15700,21100,17041.0,4:44:04,Ramesh,85.0
674,NISHANT GUPTA,possible,15700,21100,21050.0,5:50:53,Ishant Gupta,98.0
675,AYAN AHMAD,possible,15700,21100,19447.0,5:24:10,Aan WHMA,85.0
676,VANSH DEWAN,possible,15700,21100,19431.0,5:23:54,Anish Desai,83.0
677,SAANVI SHARMA,possible,15700,21100,15930.0,4:25:33,Sanvi Sharma,98.0
678,RISHABH SURI,possible,15700,21100,20526.0,5:42:09,Kesha Shri,76.0
679,VARUN SOLANKI,possible,15700,21100,16164.0,4:29:27,Arin Krishna Sang God,77.0
680,PATIL JAYA SHARAD,confident,15869,21269,17199.0,4:46:42,Patil Jaya Sharad,100.0
681,SHREYAS BISHNOI,possible,15700,21100,18387.0,5:06:30,Shani Sharma,84.0
682,ROMIL NILESH DESAI,confident,15225,20625,19431.0,5:23:54,Anish Desai,96.0
683,DATTATREY,possible,15700,21100,9656.0,2:40:59,Data Science,75.0
684,PRIYANSHI MAHAJAN,possible,15700,21100,16662.0,4:37:45,Mahi Priya Dari,86.0
685,UTSAV JHA,confident,15225,20625,19525.0,5:25:28,Mohanish Bhavishkar Utsav Jha,100.0
686,KAJAL RAJ,confident,15394,20794,18402.0,5:06:45,Kajel Raj,100.0
687,SHASHANK KUMAR,confident,15700,21100,20407.0,5:40:10,Sashan Kumar,99.0
688,YATHARTH NAGPAL,possible,15700,21100,18037.0,5:00:40,Ranjal Nahar,78.0
689,ANAM SAEED,possible,15700,21100,19915.0,5:31:58,Anam,80.0
690,ASHUTOSH SINGH RAWAT,possible,15700,21100,20735.0,5:45:38,Ash Panchan Singh,93.0
691,RAKSHITA MAKKAR,possible,15225,20625,18319.0,5:05:22,Akshita Sakshina,84.0
692,SWASTIK NANDA,confident,15700,21100,16196.0,4:29:59,Swastik Nanda,100.0
693,SHOURYA SAXENA,possible,15700,21100,21076.0,5:51:19,Shu Rana,85.0
694,YASHOVARDHAN TIWARI,possible,15700,21100,15784.0,4:23:07,Yash Talwani,76.0
695,KOTHARI SUJAL MANOJ,confident,15700,21100,19461.0,5:24:24,Kothari Sujal Maloj,100.0
696,SAHIL SAXENA,possible,15700,21100,16497.0,4:35:00,Power Sanit Sanjay,80.0
697,GOURI GARG,possible,15700,21100,18497.0,5:08:20,Gurlin Kaur,80.0
698,ASHMI JAIN,confident,15700,21100,20324.0,5:38:47,Ashi Jan,94.0
699,SHINDE VEDANT SAHEBRAO,possible,15700,21100,18555.0,5:09:18,Shinja Sar,85.0
700,AMANDEEP SINGH KHALSA,confident,15700,21100,16963.0,4:42:46,Amandip Zeng Khalsa,96.0
701,ANUSHKA SINGH,possible,15700,21100,19097.0,5:18:20,Yangshika Singh,92.0
702,GHARAT SANJANA SAJAN,possible,15869,21269,19233.0,5:20:36,Laksh Sachin Bharat Dhuaj,87.0
703,VAIBHAV CHAUHAN,confident,15869,21269,17049.0,4:44:12,Vaibhav Chauhan,100.0
704,ARYAN SHARMA,possible,15225,20625,17199.0,4:46:42,Patil Jaya Sharad,86.0
705,KASHISH SHARMA,possible,15869,21269,19298.0,5:21:41,Akshhat Sharma,87.0
706,HARSH KUMAR,possible,15700,21100,18937.0,5:15:40,Harsh Kumar,100.0
707,DHANISHTHA GUPTA,confident,15225,20625,18751.0,5:12:34,Dhanishtha Gupta,100.0
708,DHAANI BAHL,possible,15700,21100,18268.0,5:04:31,Dhani Behl,91.0
709,ERE VEDANT DINESH,confident,15700,21100,20227.0,5:37:10,Vedant Ere,100.0
710,NITISHA GUPTA,possible,15700,21100,20914.0,5:48:37,Nishtal Gupta,94.0
711,OMKAR ANKUSHRAO GAIKWAD,possible,15225,20625,18279.0,5:04:42,Anushka Sachin Mandar,83.0
712,SHAMBHAVI CHOUBEY,possible,15700,21100,20591.0,5:43:14,Dipayankar Riyabel Chobam Varma,78.0
713,SUYASH BANDI,confident,15700,21100,20254.0,5:37:37,Suyash Bandi,100.0
714,VIKAS PATHAK,confident,15225,20625,18948.0,5:15:51,Vikas Patak,100.0
715,STUTI RAGHUWANSHI,confident,15869,21269,17143.0,4:45:46,Tuti Raghuvanshi,100.0
716,YASH SINGH,possible,15700,21100,19769.0,5:29:32,Yash Singh,100.0
717,AZMAT YUSUF,confident,15225,20625,20039.0,5:34:02,Azmat Yusuf,100.0
718,SANAT SETH,possible,15700,21100,19757.0,5:29:20,Saga Singh Kushwaha,78.0
719,SHRUTI SHUKLA,confident,15700,21100,16765.0,4:39:28,Shri Shukla Ah,96.0
720,HARDIK NAMAN,possible,15700,21100,19339.0,5:22:22,Harsh Parman,81.0
721,RISHABH KUMAR,possible,15700,21100,20325.0,5:38:48,Jain Rishan Kumar,95.0
722,RAKSHA MISHRA,possible,15225,20625,19359.0,5:22:42,Prakhar Mishra,97.0
723,SAURISH SHARMA,possible,15700,21100,21083.0,5:51:26,Jai Shri Sharma,88.0
724,PRANJAL TIWARI,possible,15700,21100,16512.0,4:35:15,Yeshua Van Tari,74.0
725,UNADKAT VATSAL KASHYAP,possible,15700,21100,20308.0,5:38:31,Watsal Kashab up,90.0
726,DHRUVRAJSINH PRADIPSINH VAGHELA,confident,15869,21269,16843.0,4:40:46,Dhruva Singh Pradip Singh Vagayala,96.0
727,ABHINAV PORWAL,confident,15869,21269,13339.0,3:42:22,Abhinav Porwal,100.0
728,VASU AGRAWAL,confident,15700,21100,16413.0,4:33:36,Vasu Agarwal,98.0
729,ADIT AGGARWAL,confident,15700,21100,16189.0,4:29:52,Adit Agarwal,98.0
730,NIRMIT BANSAL,confident,15700,21100,15911.0,4:25:14,Nirmid Bansel,93.0
731,SHASHWAT DIMRI,possible,15700,21100,17362.0,4:49:25,Aditi Shvasta,79.0
732,SRINJAYI SARKAR,confident,15700,21100,18553.0,5:09:16,Shrinjai Sarkar,100.0
733,ANIRUDH SRIVASTAVA,confident,15700,21100,16865.0,4:41:08,Anirut Shrivastava,99.0
734,ANUSHREE JAISWAL,confident,15700,21100,18567.0,5:09:30,Anushri Jai Sava,94.0
735,MOHIT SHARMA,possible,15225,20625,18209.0,5:03:32,Eshita Sharma,90.0
736,ANKIT RANJAN DAS,possible,15225,20625,19172.0,5:19:35,Anik Ranjan,99.0
737,ADITYA SHEKHAR,confident,15700,21100,19243.0,5:20:46,Aditi Shekhan,97.0
738,ARCHITA SHUKLA,possible,15700,21100,16765.0,4:39:28,Shri Shukla Ah,89.0
739,MANAS GUPTA,confident,15700,21100,19450.0,5:24:13,Manas Gupta,100.0
740,RAJ ARYAN,confident,15869,21269,16981.0,4:43:04,Raj Aryan,100.0
741,AISHWARYA SINGH,possible,15700,21100,19757.0,5:29:20,Sagar Singh Kushwaha,91.0
742,DHIRAN DAKSH SHYAMSUNDER,possible,15700,21100,19233.0,5:20:36,Laksh Sachin Bharat Dhuaj,86.0
743,SAANVI SHARMA,confident,15700,21100,15930.0,4:25:33,Sanvi Sharma,98.0
744,KRATI MADHWANI,confident,15869,21269,16989.0,4:43:12,Krati Madhwani,100.0
745,ABHINAV VASHISHTHA,confident,15869,21269,16886.0,4:41:29,Abhinav Vashishta,100.0
746,OM SINGH,possible,15700,21100,19481.0,5:24:44,Giriraj Parsever Om Singh,100.0
747,MUDIT AGARWAL,possible,15700,21100,19930.0,5:32:13,Modit Agraal,90.0
748,LAKSHYA SACHIN BHARDWAJ,confident,15225,20625,19233.0,5:20:36,Laksh Sachin Bharat Dhuaj,100.0
749,SIDDHANT GARG,possible,15700,21100,19825.0,5:30:28,gan vhan,74.0
750,GAURAV GUPTA,confident,15700,21100,17007.0,4:43:30,Gaurav Gupta,100.0
751,SUYASH AGARWAL,possible,15700,21100,16403.0,4:33:26,Swash Agarwal,92.0
752,ADITY CHHETRI,confident,15225,20625,19009.0,5:16:52,Aditi Chetri,99.0
753,NISARG VINODKUMAR GAJJAR,confident,15700,21100,15001.0,4:10:04,Nisarg Vinod Kumar Gajar,98.0
754,VATSAL BARANWAL,possible,15700,21100,16413.0,4:33:36,Vasu Agarwal,81.0
755,ANSH KHANNA,possible,15700,21100,19729.0,5:28:52,An kana,88.0
756,UDAY KELODIYA,confident,15225,20625,18813.0,5:13:36,Uday Kelodia,100.0
757,ADITYA PODUVAL,possible,15700,21100,19187.0,5:19:50,Aditi,76.0
758,ABHAY KUMAR,confident,15700,21100,18055.0,5:00:58,Arviyan Abhay Kumar Pachore,100.0
759,YASHNOOR GREWAL,confident,15869,21269,17447.0,4:50:50,Yashnur Greval,97.0
760,AINESH SRIDHAR,possible,15700,21100,17731.0,4:55:34,Ani Shridhar,84.0
761,KANISHK SHUKLA,possible,14698,20098,17491.0,4:51:34,Kanesh Kashukla,88.0
762,CHAHAK JAIN,confident,14698,20098,17811.0,4:56:54,Chahik Jain,97.0
763,TULIKA BASU,confident,14610,20010,18533.0,5:08:56,Tullika Basu,100.0
764,AYUSH SAXENA,possible,14698,20098,15088.0,4:11:31,Anushka Shir Saga,86.0
765,KRISHNA SHARMA,possible,14698,20098,19297.0,5:21:40,Aksha Sharma,95.0
766,SOUMYA PRAKASH DASH,possible,14698,20098,19105.0,5:18:28,Bhargavi Praash Deodsha,91.0
767,TEJASWA DAVE,possible,14698,20098,18613.0,5:10:16,Anvesha Thapa,70.0
768,KARAN SAXENA,possible,14698,20098,14830.0,4:07:13,Shankar Varani Keshaval,80.0
769,RUPAL MISHRA,possible,14698,20098,18160.0,5:02:43,Nihira Pandel,74.0
770,ADHIRAJ SINGH RAWAT,possible,14698,20098,15107.0,4:11:50,a Singh Raat,100.0
771,VIPRANSH ANAND,confident,14705,20105,17025.0,4:43:48,Viprunch Anand,100.0
772,HARSHVARDHAN H AMRELIYA,possible,14698,20098,15120.0,4:12:03,Patel Harsh Rajendra,77.0
773,ANANYA SINGH,possible,14698,20098,17802.0,4:56:45,Ana sing,92.0
774,YUVRAJ PRATAP SINGH,possible,14698,20098,19541.0,5:25:44,Yovraj Pratap Singh,100.0
775,ADITYA RAJ SRIVASTAVA,confident,14610,20010,19803.0,5:30:06,Aditya Raj Shivasta,100.0
776,GEETHA SRUTHI RUDRAPATI,possible,14698,20098,16182.0,4:29:45,Gita Shri Roti Rdrapati,87.0
777,RAUNAK GUPTA,possible,14698,20098,19450.0,5:24:13,Manas Gupta,90.0
778,AKSHAT BHRIGUVANSHI,possible,14698,20098,17103.0,4:45:06,Raghuvanshi Nakshatra Kundan,88.0
779,PRANJAL NAHAR,confident,14610,20010,18037.0,5:00:40,Ranjal Nahar,100.0
780,YASH MALIK,possible,14705,20105,19667.0,5:27:50,Balaji Ashok Patel,79.0
781,SOMESH RATHORE,confident,14698,20098,18805.0,5:13:28,Somesh Rathor,100.0
782,ADHITA SINHA,possible,14698,20098,17709.0,4:55:12,Adhita Shha,90.0
783,PAWAR OM SOMNATH,confident,14698,20098,19135.0,5:18:58,Bavar Om Somnath,100.0
784,PULASHYA VERMA,possible,14698,20098,15142.0,4:12:25,if you will push from there,80.0
785,BHAGYASHREE TANWAR,possible,14698,20098,18093.0,5:01:36,Bhagesh Maheshwari,83.0
786,CHINDIRI CHAKRI,confident,14698,20098,16324.0,4:32:07,Chindri Chakri,97.0
787,GURLEEN KAUR MAKHIJA,confident,14698,20098,18497.0,5:08:20,Gurlin Kaur,95.0
788,KUSHAGRA SISODIA,possible,14698,20098,18209.0,5:03:32,Ishita Sharma,79.0
789,PATHADE KETAN EKNATH,possible,14698,20098,19153.0,5:19:16,Patan Chetan Prakash,84.0
790,KUNAL AGARWAL,confident,14705,20105,13570.0,3:46:13,Kunal Agarwal,100.0
791,PRAKHAR VERMA,confident,14705,20105,16833.0,4:40:36,Rakhur Verma,97.0
792,ARYAN PARESH PATEL,confident,14705,20105,16853.0,4:40:56,Aryan Faresh Patel,100.0
793,BOYINA CHETAN PRASAD,possible,14698,20098,19153.0,5:19:16,Patan Chetan Prakash,97.0
794,ADITYA KUMAR GAUTAM,possible,14698,20098,16347.0,4:32:30,Aditya Kumar Gautam,100.0
795,MADHAV TAYAL,possible,14698,20098,15068.0,4:11:11,Mayank Yadav,81.0
796,ANGAD SINGH,possible,14610,20010,19757.0,5:29:20,Saga Singh Kushwaha,94.0
797,DEBADRITA DEY,confident,14698,20098,18248.0,5:04:11,Devadrata Day,87.0
798,KHUSHI AGARWAL,confident,14698,20098,18139.0,5:02:22,Hushi Agarwal,100.0
799,SHIVALIK MATHUR,confident,14698,20098,19621.0,5:27:04,Shvanik Mathar,94.0
800,STANLEY RICHARD,confident,14705,20105,12322.0,3:25:25,Stanley Richard,100.0
801,SNEHIL KUMAR AMBER,possible,14698,20098,19577.0,5:26:20,Samir Kumar,92.0
802,VRINDA DEVADAS,confident,14705,20105,17175.0,4:46:18,Inda Devadashi,97.0
803,RANJAN KUMAR,confident,14610,20010,17409.0,4:50:12,Ranjan Kumar,100.0
804,ARYAN KUSHWAHA,confident,14698,20098,19538.0,5:25:41,Aryan Kushwa Huh?,98.0
805,KULKARNI ARNAV DHANANJAY,confident,14698,20098,16421.0,4:33:44,Kulkarnney Arnav Dhanjay,96.0
806,KRISHNA AWASTHI,confident,14698,20098,19709.0,5:28:32,Aryan Krishna Avasti,98.0
807,BHATLAWANDE KASUTUBH SHRIKANT,possible,14698,20098,16943.0,4:42:26,Kalash Shrivastava,87.0
808,ABHISHEK DAS,possible,14698,20098,16041.0,4:27:24,Harsh Dal,75.0
809,ANUJ BHUSHAN TIWARI,confident,14698,20098,21597.0,6:00:00,Anuj Bhushantivari,95.0
810,MALYA CHOUDHA,confident,14698,20098,17385.0,4:49:48,Malia Chodha,99.0
811,ANUSHKA VERMA NAMDEO,confident,14705,20105,17219.0,4:47:02,Anushka Varma Nam Deo,99.0
812,SOURABH SRIVASTAVA,possible,14698,20098,15240.0,4:14:03,Sit down with your variant,76.0
813,DHANANJAY RANA,possible,14698,20098,16421.0,4:33:44,Kulkarnney Arnav Dhanjay,89.0
814,TANYA JAIN,possible,14698,20098,18759.0,5:12:42,Yana Jain,94.0
815,SHASVAT SUJAY,possible,14698,20098,17199.0,4:46:42,Patil Jaya Sharad,74.0
816,BHASKAR RAI,possible,14698,20098,16927.0,4:42:10,Akil Bhaskar,91.0
817,MAHARSHI PATEL,confident,14698,20098,16716.0,4:38:39,Maharshi Patel,100.0
818,KHUSHBOO MITTAL,possible,14698,20098,19362.0,5:22:45,Prahar Mishra Huh?,73.0
819,ABHINAV SINGH,confident,14698,20098,16875.0,4:41:18,Abhinav Singh,100.0
820,DEV TAILOR,possible,14698,20098,18703.0,5:11:46,Devya Tibari,85.0
821,LAKSHAYA JAIN,possible,14698,20098,19233.0,5:20:36,Laksh Sachin Bharat Dhuaj,89.0
822,VANSHIKA BHOJANI,confident,14705,20105,17155.0,4:45:58,Vanshika Bhojani,100.0
823,SHISODE SAURABH SARJERAO,possible,14698,20098,19037.0,5:17:20,Saurabh Kumar Rajdev,82.0
824,ADITYA KUMAR TIWARI,possible,14698,20098,16817.0,4:40:20,Sumit Kumar Tiwari,100.0
825,AADITYA SRIVASTAVA,possible,14698,20098,19803.0,5:30:06,Aditya Raj Shivasta,96.0
826,SOMESH SAHU,possible,14698,20098,19814.0,5:30:17,Somehow sha,87.0
827,MAAN JITENDRA BARIA,confident,14610,20010,19265.0,5:21:08,Jitendra Bara,100.0
828,ADITI,possible,14698,20098,19163.0,5:19:26,Aditi Besht,85.0
829,JIHIRSH SINGH,possible,14698,20098,14789.0,4:06:32,Harsh Vardhan Singh Radhaar,90.0
830,ARYAN KAUSHIK,confident,14705,20105,15001.0,4:10:04,Aryan Koshik,98.0
831,DIVYANSH GUPTA,possible,14698,20098,18752.0,5:12:35,Dhanishta Gupta,94.0
832,FATEH INDER SINGH,possible,14698,20098,15029.0,4:10:32,Aner Singer,89.0
833,R SRIKRISHNA KASHYAP,confident,14698,20098,13877.0,3:51:20,or Sri Krishna Kashab,93.0
834,OM SINGH,confident,14698,20098,19481.0,5:24:44,Giriraj Parsever Om Singh,100.0
835,ABHINAV VISHNU MOHAN,confident,14610,20010,19343.0,5:22:26,Abhinav Vishnu Mohan,100.0
836,JAGJEET SINGH,possible,14698,20098,16877.0,4:41:20,Singh,80.0
837,ANKIT RAJ,confident,14617,20017,17395.0,4:49:58,Ankit Raj Pagaj,100.0
838,NIKHIL DIXIT,confident,14610,20010,18883.0,5:14:46,Nikhil Dixit,100.0
839,ANANYA SRIVASTAVA,confident,14610,20010,18047.0,5:00:50,Ananya Shwasta,93.0
840,SUHAS SINGH,possible,14698,20098,19757.0,5:29:20,Sagar Singh Kushwaha,89.0
841,ABHYANKAR PRANAV PRADEEP,confident,14698,20098,19330.0,5:22:13,Sab Pranav Praep,100.0
842,ASHUTOSH TRIVEDI,possible,14698,20098,17595.0,4:53:18,Ashoto TVI?,76.0
843,PARTH KRISHNA,possible,14705,20105,17821.0,4:57:04,Parthvi Kalpesh Bhai Mishra,84.0
844,OM SOMVANSHI,possible,14610,20010,19135.0,5:18:58,Bavar Om Somnath,92.0
845,ARYAN BHANUSHALI,possible,14698,20098,16588.0,4:36:31,Arian Bhanuali,93.0
846,YASHI GUPTA,confident,14705,20105,16955.0,4:42:38,Yashi Gupta,100.0
847,VAIBHAV SRIVASTAVA,possible,14698,20098,16907.0,4:41:50,Shri Pati Vaibhav Maitre,89.0
848,AYUSH KUMAR SINGH,possible,14698,20098,16538.0,4:35:41,Aayush Kumar Singh,98.0
849,NAVEEN M RAMESH,confident,14698,20098,17041.0,4:44:04,Ramesh,85.0
850,KALASH SRIVASTAVA,confident,14705,20105,16943.0,4:42:26,Kalash Shrivastava,100.0
851,PRITHUYASH JOSHI,possible,14698,20098,16107.0,4:28:30,Pratu Jooshi,87.0
852,AADYAA SUNDRIYAL,confident,14610,20010,18228.0,5:03:51,Adya Sundrial,95.0
853,YASH DETANI,possible,14698,20098,15784.0,4:23:07,Yash Talwani,87.0
854,OM KUMAR MISHRA,confident,14698,20098,16207.0,4:30:10,Om Kumar Mishna,100.0
855,AYUSH PRATAP,confident,14610,20010,18523.0,5:08:46,Ayush Pratap,100.0
856,KANISHAK SANGWAN,possible,14698,20098,15088.0,4:11:31,Anushka Shir Saga,90.0
857,SHARMISTHA CHAKRABORTY,confident,14698,20098,17926.0,4:58:49,Sharmishta Chakraarti,94.0
858,MAYANK SINGH BISHT,possible,14698,20098,17167.0,4:46:10,Trishty Singh,95.0
859,DHRUV BHATT,possible,14698,20098,19233.0,5:20:36,Laksh Sachin Bharat Dhuaj,83.0
860,MORE NIKHIL APPASAHEB,possible,14698,20098,18823.0,5:13:46,Nikhil Mure,92.0
861,SHIVAM KHARI,possible,14698,20098,19211.0,5:20:14,Shams Shadan Khan,90.0
862,AADISH VIKRAM CHAKRAVORTY,confident,14698,20098,18713.0,5:11:56,Vikarsha Dinesh Uttkar Shah Dinesh,85.0
863,SHRIPATI VAIBHAV MAITREY,confident,14698,20098,16907.0,4:41:50,Shri Pati Vaibhav Maitre,100.0
864,PRIYANSHI SINGH,possible,14698,20098,17457.0,4:51:00,Riyanshi Singh,100.0
865,SIDDHARTH SIHAG,possible,14698,20098,15522.0,4:18:45,Siddhad Sihad,91.0
866,NIKHIL SAHU,confident,14698,20098,16605.0,4:36:48,Nikl Sahu,96.0
867,SUSHANT KUMAR,confident,14698,20098,19661.0,5:27:44,Susant Kumar,98.0
868,ATIF NEYAZ,possible,14698,20098,17199.0,4:46:42,Patil Jaya Sharad,71.0
869,ADITYA GUPTA,possible,14698,20098,16340.0,4:32:23,Adita Gupta,98.0
870,SIVIA ANZAL,confident,14698,20098,17625.0,4:53:48,Sevia Anzel,94.0
871,ANJASI JAIMAN,confident,14610,20010,18027.0,5:00:30,Anjasi Jayman,100.0
872,MANAN KOHLI,possible,14698,20098,15394.0,4:16:37,Manan Poli,89.0
873,ASHISH KUMAR,possible,14698,20098,19324.0,5:22:07,Shashi Kumar Yadav,92.0
874,SAMARTH SONI,possible,14698,20098,15661.0,4:21:04,Samar Sony,91.0
875,SARTHAK RAJ,confident,14698,20098,19921.0,5:32:04,Sarak Raj,97.0
876,SANIA JAIN,confident,14610,20010,19381.0,5:23:04,Ishwijan Saniya Jan,100.0
877,SHREYANSHU BANERJEE,confident,14698,20098,18829.0,5:13:52,Shrey Anshu Balerji,91.0
878,VEDIKA PANDEY,possible,14698,20098,17623.0,4:53:46,Devia Anzel Rahul Sharma,84.0
879,MANUL TYAGI,confident,14705,20105,14113.0,3:55:16,Manul Tehagi,97.0
880,DIVYANSH JOSHI,possible,14698,20098,15001.0,4:10:04,Aryan Koshik,79.0
881,HANDE HARSHWARDHAN JEEVAN,possible,14698,20098,14830.0,4:07:13,Harsh Markandes,82.0
882,BHARGAVEE SINGH,possible,14698,20098,17859.0,4:57:42,Bharabi Singh,93.0
883,SHISHIR SOMIR MUKHERJEE,confident,14698,20098,19501.0,5:25:04,Mith Bhikani Shishir Samir Mukherjee,100.0
884,AVIMTA LIKHITKAR,confident,14610,20010,19157.0,5:19:20,Avyamtha Lakitkar,88.0
885,ARIHANT BHANDARI,possible,14705,20105,16588.0,4:36:31,Arian Bhanuali,92.0
886,ANUSHA A S,possible,14698,20098,19091.0,5:18:14,Anusha As,85.0
887,SAKSHAM SHARMA,possible,14705,20105,19297.0,5:21:40,Aksha Sharma,97.0
888,ANCHIT JAIN,possible,14698,20098,18623.0,5:10:26,Anushri Jai Sarkar,92.0
889,SHIVANSH BHARDWAJ,possible,14698,20098,19591.0,5:26:34,Shivanch Bharat,92.0
890,YOGENDRA SINGH RATHOD,confident,14610,20010,19453.0,5:24:16,Yogind Singh Ratar,99.0
891,PRINCY JAIN,confident,15916,21316,16579.0,4:36:22,Princy Jan,97.0
892,MANVENDRA PRATAP SINGH,possible,15916,21316,20351.0,5:39:14,Akand Pratap Singh,100.0
893,TADURU VINAY JASWANTH,confident,15916,21316,17672.0,4:54:35,Vine Jaswanda Taduru,95.0
894,KOLI BHAVANA BALASAHEB,confident,15916,21316,15959.0,4:26:02,Kohli Bhavna Bala sahib,94.0
895,ARJUN DAKHANE,possible,15916,21316,19779.0,5:29:42,Arjun Dane,86.0
896,SAMBHAV SHAH,possible,15916,21316,18387.0,5:06:30,Shandhi Sharma,89.0
897,RITIK TIWARI,confident,15993,21393,13332.0,3:42:15,Rithik Tiwari,100.0
898,ANURAG MISHRA,confident,15916,21316,16430.0,4:33:53,Anurak Mishra,97.0
899,ARPIT JAIN,possible,15916,21316,20535.0,5:42:18,Chokra Jai Chokra Varthi,84.0
900,AKASH MISHRA,possible,15993,21393,19359.0,5:22:42,Prakhar Mishra,89.0
901,SHIVAM MIRJA MAJHI,possible,15916,21316,20128.0,5:35:31,Shivangi Mishra,87.0
902,ANUSHA CHANDRAKER,confident,15993,21393,18445.0,5:07:28,Anusha Chandrakar,100.0
903,AKBARI VAIRAG KAMLESHBHAI,possible,15916,21316,17821.0,4:57:04,Pari Kalpesh Bhai mystery,85.0
904,ABHISHEK VERMA,possible,15916,21316,20563.0,5:42:46,Abhishek Varma,99.0
905,HARSH KUMAR,confident,15907,21307,18937.0,5:15:40,Harsh Kumar,100.0
906,VIRAL SANCHETI,confident,15993,21393,17522.0,4:52:05,Viral Sanchetti,100.0
907,ESHAANVI SAINI,possible,15916,21316,17564.0,4:52:47,Jatan Sain,86.0
908,ANUPAM CHANDRA,confident,15907,21307,19227.0,5:20:30,Anupam Chandra,100.0
909,ISHA RANI,possible,15916,21316,19381.0,5:23:04,Ishwijan Saniya Jan,87.0
910,SHAMBHAVI JHA,possible,15916,21316,19525.0,5:25:28,Mohanish Bhavishkar Utsav Jha,84.0
911,YASH SINGH,possible,15916,21316,19769.0,5:29:32,Yash Singh,100.0
912,MANOJ KUMAR PRADHAN,possible,15916,21316,19219.0,5:20:22,Ronit Kumar Mandal,94.0
913,SHIVAM PATEL,confident,15993,21393,18543.0,5:09:06,Shivam Patel,100.0
914,ANSH DUBEY,possible,15916,21316,19280.0,5:21:23,Ganesh,71.0
915,DEVANSHU DAS,possible,15916,21316,19091.0,5:18:14,Anusha As,76.0
916,MARIYA GRACIOUS,confident,15916,21316,20950.0,5:49:13,Maria Gracious,98.0
917,ADITI BATHLA,confident,15916,21316,19022.0,5:17:05,Aditi Butla,97.0
918,HARSH RAI,possible,15916,21316,16936.0,4:42:19,Harshit Kurana,80.0
919,DEVANSHI SINGH,confident,15907,21307,19907.0,5:31:50,Devanshi Singh,100.0
920,TAPARUP CHAKRABORTY,possible,15916,21316,18130.0,5:02:13,Tup Chakraarti,78.0
921,SANYA MAURYA,confident,15907,21307,19031.0,5:17:14,Sanya Maurya,100.0
922,JHA AYUSH BECHAN,confident,15916,21316,18839.0,5:14:02,Chha Ayayush Bechan,96.0
923,BAREERA QUREISHI,confident,15907,21307,18766.0,5:12:49,Barira Kureshi,90.0
924,VINAYAK PANDEY,confident,15993,21393,14532.0,4:02:15,Vinayak Pandey,100.0
925,KUSHAGRA PATHAK,possible,15916,21316,17971.0,4:59:34,Carl Khan Patan,86.0
926,DHRUV JADHAV,possible,15916,21316,18853.0,5:14:16,Dhrukh Chadha,79.0
927,YASHASVI SINGH,possible,15916,21316,17763.0,4:56:06,Yash Singh Ashok Singh Chawan,95.0
928,RUCHA SUDHIR MENE,possible,15916,21316,20118.0,5:35:21,Sudipa Guha,81.0
929,ENAKSHEE MONDAL,possible,15916,21316,19647.0,5:27:30,Hemanshu Mohan Jha,74.0
930,JAYANT KUMAR THAKUR,possible,15916,21316,19199.0,5:20:02,Aman Kumar,92.0
931,MOHD MUNAWWER ALI USMANI,possible,15916,21316,21084.0,5:51:27,Mohit Manu,81.0
932,UTKARSH,possible,15916,21316,19947.0,5:32:30,Utkash words,78.0
933,ANURUP DATTA,confident,15993,21393,14255.0,3:57:38,Anurup Dutta,99.0
934,AAWHAN VYAS,confident,15916,21316,19959.0,5:32:42,Ahan Vas,92.0
935,BHARTI JAYPRAKASH,possible,15993,21393,19105.0,5:18:28,Bhargavi Prakash Devade,91.0
936,CHITRARTH SHRIVAS,possible,15916,21316,17663.0,4:54:26,Samar Prithi Shrivastava,82.0
937,VIDIT RASTOGI,possible,15916,21316,16271.0,4:31:14,Vidit,80.0
938,SOMYA GUPTA,confident,15907,21307,18801.0,5:13:24,Somia Gupta,100.0
939,PAWAR SANKET SANJAY,confident,15916,21316,16497.0,4:35:00,Power Sanit Sanjay,94.0
940,VIRAJ MANE,confident,15993,21393,14855.0,4:07:38,Vira Manet,100.0
941,ABHISHEK KUMAR,possible,15916,21316,21091.0,5:51:34,Abhishek Kumar Singh,100.0
942,TUSHAR MISTRY,possible,15916,21316,16696.0,4:38:19,Sneha Mishra,77.0
943,KUNAL DEV,possible,15916,21316,16489.0,4:34:52,Devan Kalura,84.0
944,RIYA VERMA,confident,15916,21316,16282.0,4:31:25,Ria Verhma,95.0
945,SAUMMYADEEP NATH,possible,15916,21316,18585.0,5:09:48,Nahil Nama,75.0
946,MOKTIK,none,15916,21316,,,,
947,SHISHANT SINGH,confident,15916,21316,16631.0,4:37:14,Shishant Singh King,100.0
948,RAYAPUREDDI NAGA PALLAVI,possible,15916,21316,18038.0,5:00:41,pranel nahar,73.0
949,MADHAVAN RAMANUJ,possible,15916,21316,19976.0,5:32:59,Madavan Rammanojita,92.0
950,PRINSI VISHWAKARMA,possible,15916,21316,16641.0,4:37:24,Princy Vishar Vishu Karma,89.0
951,VINAY VYAS,confident,15907,21307,19307.0,5:21:50,Vinay Vyas,100.0
952,PATEL BHAVIN BHARAT,possible,15916,21316,16853.0,4:40:56,Aryan Faresh Patel,90.0
953,KOMAL SARAF,possible,15916,21316,16021.0,4:27:04,Sarak Kumar,84.0
954,AMASH RIAZ,possible,15916,21316,18334.0,5:05:37,Ria Prashant,81.0
955,KHUSHI MALVIYA,confident,15993,21393,18286.0,5:04:49,Khashii Malviya,99.0
956,ANUBHAV KUMAR,confident,15916,21316,16504.0,4:35:07,Anubha Kumar,99.0
957,PRATHMESH UPADHYAY,possible,15916,21316,16068.0,4:27:51,Pratamesh Opad,83.0
958,ADITYA SHARMA,possible,15916,21316,19833.0,5:30:36,adita shasta,96.0
959,VENUS AGRAWAL,possible,15916,21316,16413.0,4:33:36,Vasu Agarwal,80.0
960,ANJU YADAV,confident,15993,21393,18377.0,5:06:20,Anju Yadav,100.0
961,NEMANE AMAR BIRU,confident,15916,21316,19645.0,5:27:28,Neman Amar Biru,100.0
962,MD ALTAMAS KAIF,confident,15916,21316,20827.0,5:47:10,MD Alamus,99.0
963,SRAYASH KUMAR,confident,15993,21393,18114.0,5:01:57,Srayash Kumar,100.0
964,SAMRADH JINDAL,possible,15916,21316,19265.0,5:21:08,Jitendra Bara,79.0
965,DIVYA TANDON,possible,15916,21316,17643.0,4:54:06,Ritya Chandain,73.0
966,UTKARSH ANIL WAGH,confident,15916,21316,17531.0,4:52:14,Utkash Anil Vag,99.0
967,ANWESHA THAPA,confident,15984,21384,18613.0,5:10:16,Anvesha Thapa,100.0
968,ANKUR PRAJAPATI,confident,15916,21316,16477.0,4:34:40,Ankur Praapati,99.0
969,AMAN KUMAR JHA,confident,15916,21316,19199.0,5:20:02,Aman Kumar,100.0
970,KAUSHIK KASHYAP,confident,15907,21307,19683.0,5:28:06,Koshik Kashyap,98.0
971,RONIT KUMAR MANDAL,confident,15907,21307,19219.0,5:20:22,Ronit Kumar Mandal,100.0
972,CHAUHAN YASHSINGH ASHOKSINGH,possible,15916,21316,17763.0,4:56:06,Yash Singh Ashok Singh Chawan,95.0
973,SNEHANSH NIGAM,possible,15916,21316,18869.0,5:14:32,Neha Ansh Nigam,92.0
974,PRAKHAR JAIN,possible,15916,21316,18633.0,5:10:36,Anushri Jai Sarkar,91.0
975,PARTH RAJ,possible,15916,21316,20297.0,5:38:20,Raj Varthan,90.0
976,MISTRY PARTHVI KALPESHBHAI,confident,15993,21393,17821.0,4:57:04,Parthvi Kalpesh Bhai Mishra,100.0
977,BHANU PRATAP SINGH,possible,15916,21316,19541.0,5:25:44,Yovraj Pratap Singh,100.0
978,PRATAP KUMAR,possible,15916,21316,18018.0,5:00:21,Ria Ben Dhaves Kumar Patel,86.0
979,YASHRAJ SINGH THAKUR,possible,15916,21316,19769.0,5:29:32,Yash Singh,96.0
980,GURBANI BHOGAL,confident,15993,21393,18606.0,5:10:09,Gurbani Bhog,100.0
981,PATHAN ATHAR HUSSAIN KHAN,confident,15916,21316,17971.0,4:59:34,Carl Khan Patan,98.0
982,RISHABH KUMAR SINGH,confident,15916,21316,17586.0,4:53:09,Rishabkumar Singh,99.0
983,SAHEJPREET KAUR,possible,15916,21316,18488.0,5:08:11,Sahesh Preet Kaur,84.0
984,ADITI YADAV,possible,15907,21307,20063.0,5:34:26,Aditya Nandanvana,86.0
985,KOMAL SRIVASTAVA,possible,15916,21316,16943.0,4:42:26,Kalash Shrivastava,85.0
986,KUMARI VAISHNAVI,confident,15916,21316,18435.0,5:07:18,Kumari Vashnavi,99.0
987,SOHAM NANDE,confident,15916,21316,19143.0,5:19:06,Soham Nande,100.0
988,SUHAIL,possible,15916,21316,21216.0,5:53:39,Sahil Ahmed,71.0
989,ABHAY BHAL,confident,15916,21316,20102.0,5:35:05,Abhai Bhal,100.0
990,DEODHE BHARGAVI PRAKASH,confident,15907,21307,19105.0,5:18:28,Bhargavi Prakash Devade,100.0
991,MOHD ADEEL KHAN,possible,15916,21316,17971.0,4:59:34,Carl Khan Patan,82.0
992,PARVA NACHAN,possible,15993,21393,18413.0,5:06:56,Rudy Pra Singh Chahan,85.0
993,PRIYANSHU,possible,15916,21316,18347.0,5:05:50,Prashasti Priya,78.0
994,UTSA SINGH BHADORIA,confident,15916,21316,18463.0,5:07:46,Us Singh Badora,96.0
995,TALASANI ABHILASH REDDY,confident,15907,21307,18857.0,5:14:20,Abhilash Reddy,100.0
996,SHIVANGI MISHRA,confident,15916,21316,20128.0,5:35:31,Shivangi Mishra,100.0
997,BHAGYESH MAHESHWARI,confident,15993,21393,18093.0,5:01:36,Bhagesh Maheshwari,100.0
998,HANSHIKA ARORA,confident,15993,21393,18062.0,5:01:05,Hanshika Arora,100.0
999,PATIL CHETAN PRAKASH,confident,15907,21307,19153.0,5:19:16,Patan Chetan Prakash,100.0
1000,SUDITI SETH,possible,15916,21316,20942.0,5:49:05,Suditi Eight,82.0
1001,RAJ VARDHAN,confident,15907,21307,20297.0,5:38:20,Raj Varthan,100.0
1002,MANYA GUPTA,possible,15916,21316,19450.0,5:24:13,Manas Gupta,95.0
1003,DOMMETI RUTHIK SUMESH,possible,15916,21316,17663.0,4:54:26,Ritik Sumesh doi,92.0
1004,KALASH PRATAP GAUR,confident,15916,21316,16614.0,4:36:57,Kalash Prattab God,95.0
1005,MEET BIKHANI,confident,15916,21316,19501.0,5:25:04,Meet Vikhani,100.0
1006,SHASHWAT VIKRAM SINGH,possible,15916,21316,19757.0,5:29:20,Sagar Singh Kushwaha,94.0
1007,ANIKET RANJAN,confident,15907,21307,19171.0,5:19:34,Anike Ranjan,100.0
1008,ARYAN,possible,15916,21316,16982.0,4:43:05,Raj Aryan,85.0
1009,SANVI KOUL,possible,15916,21316,15959.0,4:26:02,Kohli Bhavna Bala sahib,81.0
1010,VIKESH MEHTA,confident,15907,21307,18929.0,5:15:32,Vikesh Mehhta,100.0
1011,DIPTADEEP SINHA,possible,15916,21316,16843.0,4:40:46,Dhruva Singh Pradip Singh Vagayala,83.0
1012,KHOND SUJIT SWARUPRAO,possible,15916,21316,18676.0,5:11:19,Second block students kindly sit at the,74.0
1013,SASI KUMAR YADAV K,possible,15916,21316,19324.0,5:22:07,Shashi Kumar Yadav,100.0
1014,NAMOKAR JAIN,possible,15916,21316,18623.0,5:10:26,Anushri Jai Sarkar,89.0
1015,HIMANSHU MOHAN JHA,confident,15907,21307,19647.0,5:27:30,Hemanshu Mohan Jha,100.0
1016,AYUSH RAJ,possible,15916,21316,18523.0,5:08:46,Ayush Pratap,88.0
1017,MRIDUL VAISHNAV,possible,15916,21316,14949.0,4:09:12,Mithul Shivasta,76.0
1018,KOSHKI UPADHYAY,possible,15916,21316,18745.0,5:12:28,Koshi Gupta,86.0
1019,MRIDANG LALWANI,possible,15916,21316,20386.0,5:39:49,Lalwani,80.0
1020,RIDHIMA SRIVASTAVA,possible,15916,21316,17663.0,4:54:26,Samar Prithi Shrivastava,86.0
1021,GAWAS AASHUTOSH SUDHAKAR,possible,11441,16841,13298.0,3:41:41,Shana Sharish Kumar,79.0
1022,SUMIT KUMAR TIWARI,confident,11441,16841,16817.0,4:40:20,Sumit Kumar Tiwari,100.0
1023,SUDIPA GUHA,possible,11441,16841,12226.0,3:23:49,Disha Gupta Shivani Patel,83.0
1024,SHIVANG DWIVEDI,possible,11441,16841,12446.0,3:27:29,Abhira Divedi,80.0
1025,ASHUTOSH SONI,possible,11441,16841,16156.0,4:29:19,Ashto Sony,90.0
1026,MAYANK DAYAL,possible,11441,16841,13597.0,3:46:40,Madhav Dayan,79.0
1027,ANSH AGARWAL,confident,11566,16966,13508.0,3:45:11,Anish Agarwal,100.0
1028,KAUSHAL SATISH AKNURWAR,possible,11317,16717,13877.0,3:51:20,Ar Sri Krishna Kasiad,84.0
1029,ROUNAK CHAKRABORTY,possible,11441,16841,15759.0,4:22:42,Ron Anak Chakraarti,89.0
1030,SOURABH JOSHI,confident,11566,16966,14014.0,3:53:37,Sorak Jooshi,94.0
1031,NAYAN SUNIL SURYAWANSHI,confident,11317,16717,14263.0,3:57:46,Nayal Sunil Turyavansi,100.0
1032,ATULESH KUMAR VERMA,possible,11441,16841,13679.0,3:48:02,Ayush Kumar Singh,96.0
1033,SIDDHANT JAISWAL,possible,11441,16841,13886.0,3:51:29,Bharti Jai Pratash,80.0
1034,S R SURJIT KUMAR,confident,11566,16966,13394.0,3:43:17,Surjit Kumar,100.0
1035,NARENDRA SINGH CHOUHAN,possible,11441,16841,15299.0,4:15:02,Priti Naran Singh,92.0
1036,NIKUNJ MAMODIA,possible,11441,16841,20270.0,5:37:53,Nikon Mamodia,94.0
1037,TANAY KASHYAP,possible,11441,16841,14949.0,4:09:12,Kabbya Taylor,83.0
1038,BHAVESH SINGH,possible,11441,16841,14277.0,3:58:00,Rakesh Kumar Singh,92.0
1039,YANA JAIN,confident,11317,16717,18759.0,5:12:42,Yana Jain,100.0
1040,DHEERAJ SINGH CHAUHAN,confident,11441,16841,12316.0,3:25:19,Bumi Chauk Singh,94.0
1041,DIVYANSH JAIN,confident,11441,16841,13951.0,3:52:34,Divan's Jan,97.0
1042,ANK KALA,possible,11441,16841,14217.0,3:57:00,Dani Vish Karma,77.0
1043,MOHANISH BAVISKAR,confident,11441,16841,19525.0,5:25:28,Mohanish Bhavishkar Utsav Jha,100.0
1044,SIDDHARTH BHASKAR,possible,11441,16841,16129.0,4:28:52,Sith Bhaskar,85.0
1045,VIPIN SOMSON,possible,18480,23880,20958.0,5:49:21,Whippin Samson,85.0
1046,MOHAMMAD TAQREEM KHAN,confident,18480,23880,22127.0,6:08:50,Mohamma Takreem Khan,100.0
1047,SAAJ SAXENA,possible,18480,23880,22980.0,6:23:03,Yogendra Rajendra Savan,82.0
1048,QUTBUDDIN JOHAR,none,18480,23880,,,,
1049,TRIVEN KHOUSHI,possible,18480,23880,23056.0,6:24:19,Hush Patin,78.0
1050,ARNAV DALAI,possible,18480,23880,23123.0,6:25:26,Arun Alva,86.0
1051,AASHI,possible,18480,23880,22332.0,6:12:15,Miss Ashi Jen,75.0
1052,RUDRA PRATAP SINGH CHOUHAN,possible,18480,23880,21898.0,6:05:01,Aditya Pratap Singh,100.0
1053,ANSHUL BANKEY,confident,18743,24143,19831.0,5:30:34,Anshul Banke,100.0
1054,R.DEVASISH,possible,18480,23880,22289.0,6:11:32,Devansh Khattri,74.0
1055,SAMARTH RAJAS CHANDRASHEKHAR,confident,18394,23794,21862.0,6:04:25,Samas Rajas Chandrashekar,100.0
1056,CHOKSI DHRUV DEVANG,confident,18394,23794,21855.0,6:04:18,Dhruv Devank Chowshi,100.0
1057,HARSH ADITYA,confident,18394,23794,21843.0,6:04:06,Harsh Aditya,100.0
1058,PRANAV ZHAWAR,possible,18480,23880,21463.0,5:57:46,pranav jawar,91.0
1059,SIDDHARTH SHANKAR,confident,18394,23794,22118.0,6:08:41,Siddharth Shankar,100.0
1060,GYAN VARDHAN,possible,18480,23880,19955.0,5:32:38,Avhan Gyaas,84.0
1061,ASHISH NEHRA,confident,18480,23880,21374.0,5:56:17,Ashish Nehra,100.0
1062,BASETTY BHAVITHA,possible,18480,23880,19803.0,5:30:06,Aditya Raj Shivasta,71.0
1063,VAYAM KULSHRESHTHA,possible,18480,23880,23283.0,6:28:06,Sheh Saniya Meh,74.0
1064,HARSH JAIN,confident,18480,23880,22101.0,6:08:24,Harsh Jain,100.0
1065,RACHIT SHARMA,possible,18480,23880,21170.0,5:52:53,Rajit Sharma,93.0
1066,ARYAN SHRIVASTAVA,possible,18480,23880,20315.0,5:38:38,Arian Shivasta,91.0
1067,TRIBHUVAN VERMA,confident,18394,23794,26416.0,7:20:19,Ribhuvat Verma,94.0
1068,GOKUL S,possible,18480,23880,23849.0,6:37:32,Adwat Gokle,78.0
1069,PRAKARSH SHARMA,possible,18480,23880,22055.0,6:07:38,Akash Sharma,99.0
1070,KAUSTAV MURALI DUVVURI,possible,18480,23880,18497.0,5:08:20,Gurlin Kaur,79.0
1071,BAROCHIA KRISHNA JAYANTKUMAR,confident,18394,23794,22210.0,6:10:13,Krishna Jayant Kumar Barochia,100.0
1072,ANUSHKA SINGH,possible,18480,23880,21317.0,5:55:20,Anushka Singh,100.0
1073,SHANKARWAR ANIKET ANIL,possible,18480,23880,19831.0,5:30:34,Anshul Banke,86.0
1074,MATE RAJ PRASHANT,possible,18743,24143,21597.0,6:00:00,Akshat Raj,96.0
1075,HIMANSH SARASWAT,confident,18480,23880,21226.0,5:53:49,Himman Saraswat,95.0
1076,ANAS KHAN,possible,18480,23880,21837.0,6:04:00,Batan Aar Hussein Khan,92.0
1077,MELLA JAGANNADHA RAMTEJ,possible,18480,23880,21500.0,5:58:23,Jaganad Ram,91.0
1078,ADITYA PRATAP SINGH,possible,18480,23880,19541.0,5:25:44,Yovraj Pratap Singh,100.0
1079,PATIL ATHARV ROHIT,confident,18743,24143,21005.0,5:50:08,Atharva Patel,99.0
1080,BIDHAN MANNA,confident,18394,23794,21872.0,6:04:35,Bidhan Mana,100.0
1081,MOHAK NITIN GOPALE,confident,18657,24057,21177.0,5:53:00,Mohak Nithin Gopali,100.0
1082,ANVESHA RATHORE,possible,18394,23794,18723.0,5:12:06,Anvesha Chatter,84.0
1083,VAIBHAV RAJ,possible,18480,23880,23203.0,6:26:46,Raj Kuru Webhavi Ajiz,91.0
1084,SAAHIL AHMED,confident,18480,23880,21216.0,5:53:39,Sahil Ahmed,98.0
1085,SHEFALI DEWANGAN,possible,18480,23880,21209.0,5:53:32,Shepali Deangal,91.0
1086,DABBARA MAHEEDHAR NAIDU,confident,18743,24143,17682.0,4:54:45,Mahhar Naidu Dara,100.0
1087,MANYA SRIVASTAVA,possible,18480,23880,21453.0,5:57:36,mana shastav,85.0
1088,AKSHIT SINGH,confident,18480,23880,21162.0,5:52:45,Akshit Singh,100.0
1089,ADITYA NANDWANA,confident,18743,24143,20063.0,5:34:26,Aditya Nandanvana,100.0
1090,DNYANESH MOTE,confident,18743,24143,19287.0,5:21:30,Ganesh Mote,93.0
1091,SREERAM A,none,18480,23880,,,,
1092,SHREYA DUTTA,confident,18480,23880,21149.0,5:52:32,Shrea Duta,96.0
1093,RAHUL SHARMA,possible,18743,24143,24086.0,6:41:29,Mahi Sharma,87.0
1094,SHUBHI SHRIVASTAVA,possible,18480,23880,20553.0,5:42:36,Ishant Mishra Huh?,76.0
1095,SNIGDHA DEB,possible,18480,23880,22038.0,6:07:21,Debian Shiv Pratap Singh,87.0
1096,NANDISH YADAV,possible,18480,23880,21819.0,6:03:42,Miss Aditi Yadav,89.0
1097,SUHANI SINGH,possible,18480,23880,20178.0,5:36:21,Surya Prattab Singh,88.0
1098,ANUSHKA GUPTA,possible,18480,23880,23687.0,6:34:50,Cosmo Dash Gupta,91.0
1099,KARAN VERMA,possible,18480,23880,22781.0,6:19:44,Kamia Vishu karma,76.0
1100,KRAMIK KUMAR SINGH,confident,18394,23794,21704.0,6:01:47,Kramik Kumar,100.0
1101,SHAMS SHADAN KHAN,confident,18743,24143,19211.0,5:20:14,Shams Shadan Khan,100.0
1102,VARCHASVA KHARE,possible,18480,23880,21946.0,6:05:49,Varchash Vakhare,88.0
1103,KANISHKA PRAJAPAT,possible,18480,23880,19111.0,5:18:34,Isha Prasanth Kashikar,91.0
1104,DIVYANSHU GUPTA,possible,18480,23880,21039.0,5:50:42,Divanch Gupta,94.0
1105,T.PARVATH REDDY,possible,18480,23880,17644.0,4:54:07,T Parvat Redi,91.0
1106,SANDIPAN NAYEK,possible,18480,23880,21939.0,6:05:42,Sandhipan Nair,81.0
1107,HEMANT SAGAR,confident,18480,23880,20167.0,5:36:10,Hemant Sagar,100.0
1108,JOYA,possible,18480,23880,23254.0,6:27:37,is Joy Chako Joseph,80.0
1109,SHRESHTHA GANGRADE,confident,18480,23880,21143.0,5:52:26,Shishta Gangrade,94.0
1110,UTKARSH SRIVASTAVA,possible,18480,23880,20627.0,5:43:50,Utkar Shivasta,91.0
1111,VINEET KUMAR VERMA,possible,18480,23880,21955.0,6:05:58,Vinith Kumar Varma,97.0
1112,NISHANT KUMAR,confident,18480,23880,19275.0,5:21:18,Nishant Kumar,100.0
1113,HANSIKA SRIVASTAVA,possible,18480,23880,21445.0,5:57:28,Hansika shasta,90.0
1114,AAMIR KHAN,possible,18480,23880,22817.0,6:20:20,Alina Azam Khan,95.0
1115,SAVITA P UPPAR,possible,18480,23880,20627.0,5:43:50,Utkar Shivasta,82.0
1116,MEHAR PARNAMI,possible,18480,23880,23244.0,6:27:27,Miss Pashnavi Mishra,84.0
1117,EISHITA PARIK,possible,18480,23880,22428.0,6:13:51,Karthik Krishna Devi,80.0
1118,KHANDARE DEVANSH VIJAY,possible,18743,24143,22289.0,6:11:32,Devansh Khattri,90.0
1119,DEEPESH KABRA,confident,18394,23794,21850.0,6:04:13,Deepesh Kabra,100.0
1120,MANVENDRA RAI,confident,18480,23880,18953.0,5:15:56,Manvind Rai,95.0
1121,GAUTHAM ASHOK,confident,18480,23880,21126.0,5:52:09,Gautam Ashoke,97.0
1122,AMRATYA SINGH,confident,18480,23880,20271.0,5:37:54,Mahamodhya Amartya Singh,98.0
1123,ADITYA SARASWATI,confident,18480,23880,20286.0,5:38:09,Adita Saraswati,98.0
1124,PIYUSH SHARMA,possible,18480,23880,23780.0,6:36:23,Aayush Sharma,94.0
1125,SIDDHARTH SINGH,possible,18480,23880,22930.0,6:22:13,Miss Ashita Singh,88.0
1126,ABDUS SHAFIQ A,confident,18743,24143,18426.0,5:07:09,Abdu Sa Safik,95.0
1127,SANJEEV VISHWANATH AIYER,possible,18480,23880,20073.0,5:34:36,Sanjie Vishuanat Ayar,92.0
1128,RAKESH SUTHAR,confident,18480,23880,21301.0,5:55:04,Rakkesh Sutar,96.0
1129,WADHAI NUPUR RAJENDRA,possible,18480,23880,21652.0,6:00:55,Adita Rajesh,82.0
1130,AKRITI RAI,possible,19731,25131,25102.0,6:58:25,Rai Parazid,82.0
1131,MANAS PANCHOLI,confident,19731,25131,21109.0,5:51:52,Manus Panchcholi,93.0
1132,ADITI PATHAK,confident,19731,25131,21752.0,6:02:35,Miss Aditi Patak,100.0
1133,ARYA THAKUR,possible,19731,25131,20379.0,5:39:42,Aryan Singh Rathur,89.0
1134,KAUSHIK RAJ,confident,19731,25131,24408.0,6:46:51,Pushi Raj,95.0
1135,SIDDHARTH ROHAN,confident,19710,25110,22595.0,6:16:38,Siddharth Rohan,100.0
1136,ANSHIKA TRIVEDI,confident,19731,25131,21778.0,6:03:01,Anshika Trivedi,100.0
1137,KARTHIK KRISHNA D V,confident,19714,25114,22428.0,6:13:51,Karthik Krishna Devi,100.0
1138,MOHIT MANU,confident,19731,25131,21084.0,5:51:27,Mohit Manu,100.0
1139,SATYAM JAIN,confident,19710,25110,22436.0,6:13:59,Satyam Jain,100.0
1140,SHIVANSH BHUSHAN DUTT,possible,19731,25131,22151.0,6:09:14,Debian Shiv Bhutta,86.0
1141,RUCHI KUMARI,confident,19735,25135,22386.0,6:13:09,Miss Ruchi Kumari,100.0
1142,ADITYA SINGH,possible,19731,25131,22502.0,6:15:05,Aditya Pratap Singh,100.0
1143,AASHI JAIN,possible,19731,25131,20324.0,5:38:47,Ashi Jan,94.0
1144,ADITYA PRATAP SINGH,possible,19731,25131,20351.0,5:39:14,Akand Pratap Singh,100.0
1145,GYANA RANJAN MOHANTA,confident,19735,25135,22279.0,6:11:22,Gyan Ranjya Mohanta,100.0
1146,VANDANA KUMARI,confident,19710,25110,22560.0,6:16:03,Mandana Kumari,100.0
1147,BHILWADIKAR SHRIHARI JAYANT,confident,19735,25135,22013.0,6:06:56,Shrihari giant bilbadikar,100.0
1148,PRINCE PANDEY,confident,19735,25135,22313.0,6:11:56,Prince Pandey,100.0
1149,NAREDDY TEJA KUMAR REDDY,confident,19710,25110,22445.0,6:14:08,Teja Kumar Reddy,100.0
1150,BISHAL BISWAS,confident,19731,25131,21293.0,5:54:56,Vishal Biswas,94.0
1151,ANUBHAV KUSHWAHA,confident,19600,25000,22479.0,6:14:42,Anubhab Kushwaha,100.0
1152,HIMANSHU RANA,possible,19625,25025,23559.0,6:32:42,Harsh Ranjan,91.0
1153,NEIL MITRA,confident,19625,25025,22085.0,6:08:08,Neil Metra,99.0
1154,SHRESTH MISHRA,confident,19600,25000,22589.0,6:16:32,Sh Mishra,95.0
1155,SHREYANSH SHARMA,confident,19651,25051,22297.0,6:11:40,Shreyan Sharma,100.0
1156,SUMAN KUMAR,confident,19651,25051,21964.0,6:06:07,Suman Kumar,100.0
1157,SAURAV KUMAR CHOUBEY,possible,19625,25025,22832.0,6:20:35,Saurav Kumbhrava,92.0
1158,ASTHA SINGH,possible,19625,25025,22930.0,6:22:13,Miss Ashita Singh,100.0
1159,ASHWARYA BHARTI,confident,19651,25051,21763.0,6:02:46,Ashwarya Bharti,100.0
1160,MAYUKH GHOSH,possible,19625,25025,22509.0,6:15:12,Hush Manik Parate,82.0
1161,UJJWAL KUMAR,confident,19625,25025,22093.0,6:08:16,Ujwal Khomar,95.0
1162,SUBHANGEE SAHOO,possible,19625,25025,22895.0,6:21:38,Kusha Saho,81.0
1163,SUSHANTA SHARMA,confident,19651,25051,21735.0,6:02:18,Sushant Sharma,100.0
1164,YASHI JAIN,possible,19625,25025,20324.0,5:38:47,Ashi Jan,93.0
1165,SAGAR AYUSHKUMAR ANILKUMAR,possible,19625,25025,20703.0,5:45:06,Tagar Aushkumar,92.0
1166,ANJALI YADAV,confident,19600,25000,22532.0,6:15:35,Anjali Yadav,100.0
1167,SHAHEEN PARWEEN,confident,19625,25025,22324.0,6:12:07,Shaheen Parveen,97.0
1168,ABHIJEET BISWAS,confident,19600,25000,22409.0,6:13:32,Abhijith Biswas,100.0
1169,VIKARN KUMAR JHA,possible,19625,25025,24470.0,6:47:53,Vivek Kumar Vishukarma,96.0
1170,KUNAL KUMAR,possible,19625,25025,23356.0,6:29:19,Punal Kumar,98.0
1171,HARSHA SHARMA,possible,19625,25025,24063.0,6:41:06,Arush Sharma,96.0
1172,KANAK KOTNALA,possible,19625,25025,19729.0,5:28:52,An kana,78.0
1173,SATYAM SHIVAM,confident,19651,25051,21995.0,6:06:38,Satyam Shivam,100.0
1174,YASH BAJPAI,confident,19600,25000,22486.0,6:14:49,The Yash Bajai,100.0
1175,AAYUSH THATHERA,possible,19625,25025,23780.0,6:36:23,Aayush Sharma,91.0
1176,BOTTA HARIKA SUNANDA,confident,19600,25000,22417.0,6:13:40,Harika Sonanda Bhotta,100.0
1177,AVIRAL MEHNDIRATTA,confident,19600,25000,22355.0,6:12:38,Aviral Mendiratta,100.0
1178,ABHILASHA TAMRAKAR,confident,19651,25051,21810.0,6:03:33,Abhilasha Tamrakar,100.0
1179,VIBHANSHU VAIBHAV,confident,19600,25000,22348.0,6:12:31,Vibhanshu Webhav,92.0
1180,SHRIDHAR GOSWAMI,confident,19600,25000,22362.0,6:12:45,Shreedhar Goswami,100.0
1181,SAKSHI,possible,19625,25025,20984.0,5:49:47,Sakshi,80.0
1182,CHANDRANGSHU SARKAR,confident,19651,25051,21720.0,6:02:03,Chandran Shu Sarkar,100.0
1183,SHREMYA GUPTA,confident,19651,25051,21787.0,6:03:10,Shramya Gupta,100.0
1184,LUCKY KUMAR,possible,19625,25025,21014.0,5:50:17,Kumar,80.0
1185,VAIBHAV SOLANKI,possible,19625,25025,20073.0,5:34:36,Sanjie Vishuanat Ayar,72.0
1186,RAHUL GOSAI,confident,19600,25000,22393.0,6:13:16,Rahul Gosai,100.0
1187,ADRIJA DEY,possible,19625,25025,22378.0,6:13:01,Miss Adra Day,86.0
1188,HEMRAJ SOYAL,confident,19600,25000,22461.0,6:14:24,Hemraj Soyal,100.0
1189,PARTH BALONI,confident,19600,25000,22582.0,6:16:25,Parth Baloni,100.0
1190,AMAN GUPTA,confident,19600,25000,22569.0,6:16:12,Aman Gupta,100.0
1191,D MAMATHA,possible,19625,25025,22548.0,6:15:51,Di Mamta,71.0
1192,MD AQUIB,none,19625,25025,,,,
1193,SAMIKSHYA PRUSETH,confident,19625,25025,22524.0,6:15:27,Miss Amikia Praset,89.0
1194,ABHISHEK KUMAR SINGH,confident,19625,25025,21091.0,5:51:34,Abhishek Kumar Singh,100.0
1195,YASH AGARWAL,confident,19625,25025,21023.0,5:50:26,Yash Agarwal,100.0
1196,SANTOSINI SAHU,confident,19600,25000,22539.0,6:15:42,Miss Santosini Sahu,100.0
1197,UDIT PALIWAL,confident,19625,25025,22471.0,6:14:34,Odit Paniwal,93.0
1198,BHUPENDER SINGH,confident,19625,25025,23968.0,6:39:31,Bhuni Singhhi,93.0
1199,PRAKUL NIDHI KHARE,confident,19625,25025,20696.0,5:44:59,Raul Nidhi,94.0
1200,YASH SHUKLA,possible,19625,25025,22516.0,6:15:19,Yash Krishnani,86.0
1201,SIDDHANT KUMAR,confident,19651,25051,22273.0,6:11:16,Siddhant Kumar,100.0
1202,HARSH MANIK PARATE,confident,19600,25000,22509.0,6:15:12,Harsh Manik Parate,100.0
1203,VEERENDRA RAJPUT,possible,19625,25025,22453.0,6:14:16,Vireindra Rajput,91.0
1204,G.HARIPRIYA,possible,19625,25025,22370.0,6:12:53,Harip Priya,78.0
1205,TANIA,possible,19625,25025,24053.0,6:40:56,Tanisha Yadav,80.0
1206,ABIR BARMAN,confident,19651,25051,21741.0,6:02:24,Abhir Barman,100.0
1207,KUMKUM GUPTA,confident,19651,25051,21803.0,6:03:26,Kumkum Gupta,100.0
1208,YASH KRISHNANI,confident,19625,25025,22752.0,6:19:15,Anjali Yash Krishnani,100.0
1209,MEDHAVI CHITRANSHI,confident,19651,25051,21771.0,6:02:54,Madhavi Chattranshi,95.0
1210,SHREYASI GUPTA,confident,19651,25051,21795.0,6:03:18,Shreyasi Gupta,100.0
1211,DEBMALYA KARMAKAR,confident,19651,25051,21726.0,6:02:09,Dev Malya Karmakar,99.0
1212,DEVANSH KHATRI,confident,19651,25051,22289.0,6:11:32,Devansh Khattri,100.0
1213,THIRUNALVELI AKHIL BHASKAR,confident,15463,20863,16925.0,4:42:08,Tirunalveli Akhil Bhaskar,100.0
1214,SARTHAK TRIPATHI,possible,15458,20858,17663.0,4:54:26,Samar Prithi Shrivastava,82.0
1215,ASTHA KESARWANI,confident,15458,20858,17209.0,4:46:52,Asha Kesharwani,100.0
1216,AKARSH JAIN,confident,15453,20853,18170.0,5:02:53,Akash Jen,91.0
1217,MOHMMAD SAQIB SHAHAB,confident,15458,20858,16789.0,4:39:52,Muhammad Sakib Shahab,95.0
1218,SHALINI ROY,possible,15458,20858,16182.0,4:29:45,Gita Shri Roti Rdrapati,78.0
1219,JAY VARDHAN SINGH,possible,15453,20853,20379.0,5:39:42,Arian Singh Ratar,95.0
1220,DIYA MATANI,possible,15458,20858,16662.0,4:37:45,Mahi Priya Dari,79.0
1221,KULDEEP SINGH,possible,15458,20858,18150.0,5:02:33,Taran Deep Singh Juneja,86.0
1222,RAGHUVANSHI NAKSHATRA KUNDAN,confident,15463,20863,17103.0,4:45:06,Raghuvanshi Nakshatra Kundan,100.0
1223,TARANDEEP SINGH JUNEJA,confident,15463,20863,18150.0,5:02:33,Taran Deep Singh Juneja,100.0
1224,DHRUV MISHRA,possible,15458,20858,17265.0,4:47:48,Harve Mishra,92.0
1225,VIPUL KUMAR,possible,15458,20858,16641.0,4:37:24,Princy Vishar Vishu Karma,77.0
1226,SHREYANSH SONI,possible,15458,20858,18806.0,5:13:29,Somi Shratar,82.0
1227,MANAS SRIVASTAVA,possible,15458,20858,15532.0,4:18:55,Manas Shivasa Huh?,92.0
1228,JAYESH JAISWAL,possible,15458,20858,17947.0,4:59:10,Anish Kumar Jaisman,84.0
1229,ADITYA GUPTA,confident,15458,20858,16340.0,4:32:23,Adita Gupta,98.0
1230,NIHIRA PANDEY,confident,15453,20853,18160.0,5:02:43,Nihira Pandey,100.0
1231,HARDIK GODARA,possible,15458,20858,16164.0,4:29:27,Arin Krishna Sang God,82.0
1232,KHUSHI AGARWAL,confident,,,18139.0,5:02:22,Hushi Agarwal,100.0
1233,TANVI AGARWAL,confident,,,20157.0,5:36:00,Tanvi agarwal,100.0
1234,ARYAN VINAY OJHA,possible,20062,25462,22904.0,6:21:47,Arun Dinev Ocha,89.0
1235,DURGE KUNAL VASANT,confident,20062,25462,22662.0,6:17:45,Kunal Durga,96.0
1236,NIKHIL KUMAR,confident,20062,25462,22684.0,6:18:07,Nikhil Kumar,100.0
1237,ADITYA KASHYAP,possible,20062,25462,21843.0,6:04:06,Harsh Aditya,84.0
1238,PATIL SAISH YOGESH,confident,20120,25520,22655.0,6:17:38,Sais Patel,98.0
1239,TANUSHKA SAHU,confident,20004,25404,22823.0,6:20:26,Miss Tanushkar Sahu,100.0
1240,DEVANSH DHYANI,possible,20062,25462,22289.0,6:11:32,Devansh Khattri,87.0
1241,ALEENA AZAM KHAN,confident,20004,25404,22817.0,6:20:20,Alina Azam Khan,100.0
1242,PHADE SWAYAM SATYAJIT,confident,20120,25520,22701.0,6:18:24,Swayam Patel,93.0
1243,NIVEDIT AWASTHI,possible,20062,25462,21778.0,6:03:01,Anshika Trivedi,78.0
1244,VYAWAHARE PARTH ANAND,possible,20062,25462,21625.0,6:00:28,Aryan Parabh Gaikloth,87.0
1245,PAVITRA RAJ CHOUDHARY,confident,20062,25462,22648.0,6:17:31,Ketvi Raj Chaudhary,97.0
1246,GIRI ADITYA A,confident,,,22710.0,6:18:33,Giri Aditya,100.0
1247,ANVIKSHA PATHANIA,possible,,,18614.0,5:10:17,Anvesha Tapa Huh?,88.0
1248,VENKATA NAGA SAI PRANAV RENDUCHINTALA,possible,,,13002.0,3:36:45,Patnam Partha Venkita Sai,95.0
1249,KRISH MATHUR,possible,,,13625.0,3:47:08,Parthu Krishna,86.0
1250,CHANDAK SHIVAM JUGALKISHOR,confident,,,22758.0,6:19:21,Shivam Chandanda,95.0
1251,SURAJ K V,possible,,,25727.0,7:08:50,Sura J,77.0
1252,SUSHANTH RAO,confident,,,22768.0,6:19:31,Susan Rao,100.0
1253,TEMBHEKAR ARNAV NARENDRA,confident,,,22803.0,6:20:06,Arnav Narendra,100.0
1254,SAUMYA VISHWAKARMA,possible,,,15001.0,4:10:04,Vishwam Samir Kumar Patel,89.0
1255,ANSH CHAUHAN,possible,,,26330.0,7:18:53,Tanish Chauhan,99.0
1256,PATLE GURUDAS RAJENDRA,possible,20384,25784,22629.0,6:17:12,Gurtas Patel,92.0
1257,HARSHIT AGGARWAL,confident,20389,25789,22622.0,6:17:05,Harsha Agraal,95.0
1258,AJAY SUNDARAN S,confident,20389,25789,22640.0,6:17:23,Ajay Sundaran,100.0
1259,ISHAN VIRWANI,possible,20384,25784,20553.0,5:42:36,Ishant Mishra Huh?,80.0
1260,BAWKAR ANGIRAS DEVENDRA,confident,20384,25784,22988.0,6:23:11,Baar Angir Seendra,98.0
1261,RAJGURU VAIBHAVI AJIT,confident,20380,25780,23203.0,6:26:46,Miss Rajguru Vhavi Ajit,100.0
1262,ADITYA PRAMODKUMAR PILLAI,possible,20384,25784,23182.0,6:26:25,Ratesh Kamos Pillai,81.0
1263,PRIYANSHI AWASTHI,confident,20380,25780,23291.0,6:28:14,Priyanshi Avershi,92.0
1264,KRUSHA SHAILESHKUMAR PATEL,possible,20384,25784,21924.0,6:05:27,Vrishti Nainesh Kumar Patel,92.0
1265,V GOURISANKAR,none,20384,25784,,,,
1266,MOPIDEVI NAGA SARADVANI,confident,20380,25780,23300.0,6:28:23,Mopi Devi Naga Saradwani,100.0
1267,ARCHISMAN MISHRA,confident,20384,25784,23045.0,6:24:08,Archie Sman Mishra,94.0
1268,ABHIGYAN,possible,20384,25784,23233.0,6:27:16,Abigan,75.0
1269,JIYA NARULA,confident,20384,25784,22866.0,6:21:09,Miss Gian Narula,88.0
1270,DAYADEV A,none,20384,25784,,,,
1271,RAUT VARADA SUDHIR,confident,20389,25789,22219.0,6:10:22,Varda Sudher Rao,97.0
1272,NIRANJANA HARIPRASAD,possible,20380,25780,23559.0,6:32:42,Harsh Ranjan,86.0
1273,GAYATHRI MADATHIVEETTIL SUBHASH,confident,20380,25780,23192.0,6:26:35,Gayatri Mata Tivali Subhan,99.0
1274,SHIVA NANDANAN P,confident,20384,25784,22913.0,6:21:56,Shiva Nandan Pi,100.0
1275,KAVYA DICHWALKAR,possible,20384,25784,23254.0,6:27:37,Jaya Chako Josa,76.0
1276,SHIVEASH YOGANANDARAJ,confident,20380,25780,23135.0,6:25:38,Sivesh Yoganandra,99.0
1277,RAJABALA PRATISHRUTI,confident,20384,25784,23163.0,6:26:06,Sajab Rajabana Patish Ruti,96.0
1278,VANSHIKA PATIL,confident,20380,25780,23086.0,6:24:49,Miss Wanchika Patil,97.0
1279,DIVITA JAIN,possible,20384,25784,23958.0,6:39:21,Deeshika Jain,86.0
1280,VARUN BHENDARKAR,possible,20384,25784,24328.0,6:45:31,Shri Vardhan Sharma,77.0
1281,SHAIK SANIA MEHEK,confident,20380,25780,23283.0,6:28:06,Sheh Saniya Meh,99.0
1282,ABEL MOOZHIKAL SHIBU,confident,20389,25789,22964.0,6:22:47,Raabel Motikal Shibu,99.0
1283,SHAH KRISHI SHAILESHKUMAR,confident,20380,25780,23154.0,6:25:57,Miss Shah Krishi,100.0
1284,AARCHI CHAURASIA,confident,20389,25789,23016.0,6:23:39,Archie Chauratiya,97.0
1285,AYUSH NIGAM,confident,20380,25780,23142.0,6:25:45,Aayush nigam,100.0
1286,AKSHITA SINGH,confident,20384,25784,22930.0,6:22:13,Aksita Singh,100.0
1287,PRIYAL JAJU,confident,20384,25784,22972.0,6:22:55,Miss Priy Jaju,100.0
1288,SIDHARTHA BANERJEE,possible,20384,25784,23113.0,6:25:16,Sart Banerjee,92.0
1289,SIDDHANTH SHRINIDHI RAO,possible,20384,25784,22768.0,6:19:31,Shishant Rao,94.0
1290,VAISHNAVI JOSHI,confident,20389,25789,23004.0,6:23:27,Vaishnavi Joshi,100.0
1291,HEJIB MEKHALA VIRENDRA,possible,20384,25784,22938.0,6:22:21,Mekila Virendra Hedger,92.0
1292,VAISHNAVI MISHRA,confident,20380,25780,23244.0,6:27:27,Miss Pashnavi Mishra,99.0
1293,SEELI IMMANUEL,possible,20384,25784,25127.0,6:58:50,Annie Sheri,72.0
1294,YUGENDRA RAJENDRA SAWANT,confident,20389,25789,22980.0,6:23:03,Yogendra Rajendra Savan,100.0
1295,RACHIT GUPTA,confident,20384,25784,23067.0,6:24:30,Rajit Gupta,98.0
1296,KARTIKEY KARNWAL,confident,20389,25789,23077.0,6:24:40,Kartike Karunwal,100.0
1297,ANIL KUMAR,confident,20384,25784,23265.0,6:27:48,Anil Kumar,100.0
1298,ARCHIT SHUKLA,confident,20389,25789,23025.0,6:23:48,Arit Shukla,100.0
1299,CHANCHAL JANU,confident,20389,25789,22227.0,6:10:30,Miss Chanchal Janu,100.0
1300,RAGHAV GOYAL,confident,20389,25789,22995.0,6:23:18,Ragham Goyal,100.0
1301,SIDDHARTH CHOWDHURY,possible,20384,25784,20536.0,5:42:19,Chopra gi chakraati,71.0
1302,JOEL CHACKO JOSEPH,confident,20380,25780,23254.0,6:27:37,is Joy Chako Joseph,100.0
1303,RACHIT RICHHARIYA,possible,20384,25784,24445.0,6:47:28,Miss Ashi Cha,81.0
1304,WATH BHARGAVI ASHOK,possible,20384,25784,22617.0,6:17:00,Sachi Bhan Bhara,83.0
1305,ATHARVA TYAGI,confident,20384,25784,23225.0,6:27:08,Athar Bhukyagi,90.0
1306,JIMIT RITESH PATHAK,confident,20389,25789,22858.0,6:21:01,Jimitri Teet Parthak,100.0
1307,SAHIMA BISWANATH PAL,confident,20389,25789,22850.0,6:20:53,Miss Sahima Vishuvat Pal,100.0
1308,ROHITTH.P,possible,20384,25784,24941.0,6:55:44,Rohit Kumar,80.0
1309,MANAV KHARE,confident,20384,25784,23035.0,6:23:58,Manav Hare,100.0
1310,BHAVYA MATHUR,possible,20384,25784,22173.0,6:09:36,Mayayur Vinayak Bharambe,85.0
1311,HARSH PATEL,confident,20384,25784,23056.0,6:24:19,Harsh Patel,100.0
1312,PRIYANSHU KUMAR PANDEY,confident,20380,25780,23096.0,6:24:59,Riyanshu Kumar Pandey,100.0
1313,PRANAY MAHAJAN,confident,20389,25789,22841.0,6:20:44,Pranay Mahajan,100.0
1314,AARON ALVA,confident,20380,25780,23124.0,6:25:27,Aron Alva,100.0
1315,CHEHAL MINOCHA,possible,20824,26224,14669.0,4:04:32,sit on the chair in the,81.0
1316,ANANYA PANDEY,possible,20824,26224,27640.0,7:40:43,Anand Pandey,100.0
1317,BHARDWAJ GUNJAN VIKASH,possible,20824,26224,26091.0,7:14:54,Diksha Bharat,86.0
1318,JOSHI SIDDHI SANDIP,confident,20811,26211,23548.0,6:32:31,Miss Jooshi Siti Sandis,99.0
1319,SHREYA RAY,possible,20824,26224,25826.0,7:10:29,Shria Raj Gupta,85.0
1320,BHAVYA MISHRA,possible,20824,26224,23830.0,6:37:13,Jaya Mishra,92.0
1321,JOSHI MANAS KEDAR,possible,20824,26224,23004.0,6:23:27,Vaishnavi Joshi,88.0
1322,GADRE RAMA SWANAND,possible,20824,26224,23652.0,6:34:15,Miss Rama Gre,88.0
1323,SASIBHUSANA BEHERA,possible,20824,26224,22617.0,6:17:00,Saty Bhushan Bhaira,79.0
1324,TEJASHWEE RAMAN,possible,20824,26224,21888.0,6:04:51,Miss Kuhu Mitesh Champan area,75.0
1325,LAISHRAM KRISHNAKUMAREE DEVI,possible,20837,26237,22428.0,6:13:51,Karthik Krishna Devi,100.0
1326,LINGESHWARI A,possible,20837,26237,23496.0,6:31:39,Lingaishwarya,75.0
1327,HARSHIT RANJAN,confident,20811,26211,23560.0,6:32:43,Harshit Ranjan,100.0
1328,REUBEN MOHAN,confident,20837,26237,23311.0,6:28:34,Raveen Mohan,95.0
1329,SHREYA A,possible,20824,26224,21795.0,6:03:18,Shreyasi Gupta,81.0
1330,ADITHYAN DAYANANDAN PULIKODAN,confident,20837,26237,23344.0,6:29:07,Adityan Dayanandan,100.0
1331,KHUSHI VINAY DESAI,confident,20824,26224,23608.0,6:33:31,Goshi Vinay Desai,100.0
1332,SHINJINI VERMA,possible,20824,26224,24094.0,6:41:37,Ashita Verma,81.0
1333,RIYA GEHLOT,confident,20825,26225,23521.0,6:32:04,Miss Ria Galot,94.0
1334,ADITYA SINGH,possible,20824,26224,22502.0,6:15:05,Aditya Pratap Singh,100.0
1335,MANSI TRIPATHI,confident,20837,26237,22192.0,6:09:55,Mansi Tripathi,100.0
1336,ANUSHA SREE S V,possible,20824,26224,25436.0,7:03:59,SR Nitish,77.0
1337,RITU AGRAWAL,confident,20811,26211,23643.0,6:34:06,Miss Ritu Agraal,100.0
1338,PUTTAMRAJU NAGA SAI SRI MOUKTHIKA,possible,20824,26224,24698.0,6:51:41,Shriksh Samir,91.0
1339,ANANYA BAJPAI,confident,20824,26224,23598.0,6:33:21,Ananya Bajpayee,95.0
1340,VISHNU PRIYA,confident,20824,26224,21531.0,5:58:54,Vishnu Priya,100.0
1341,AAYUSH SHARMA,confident,20824,26224,23780.0,6:36:23,Aayush Sharma,100.0
1342,TANUSHREE CHADDHA,possible,20824,26224,24445.0,6:47:28,Miss Ashi Cha,78.0
1343,SARTHAK DASGUPTA,possible,20824,26224,23746.0,6:35:49,Sarthak Das Gupta,98.0
1344,BHAVYA KUMARI,possible,20824,26224,25179.0,6:59:42,Bharat Kumar,96.0
1345,DIVANSHU AGARWAL,possible,20824,26224,21023.0,5:50:26,Yash Agarwal,85.0
1346,AKHIL DUBEY,possible,20824,26224,23387.0,6:29:50,Akhil Gube,89.0
1347,SHRIJANI GUBBA,confident,20824,26224,23422.0,6:30:25,Rijani Gubba,96.0
1348,KAUSTAV DASGUPTA,possible,20824,26224,23746.0,6:35:49,Sarthak Das Gupta,82.0
1349,KOPAL NARUKA,possible,20824,26224,21556.0,5:59:19,Copel Naruka,87.0
1350,BINISHA THAKUR,confident,20811,26211,23728.0,6:35:31,Miss Banisha Takur,96.0
1351,PRIYANKA VISHWAKARMA,confident,20837,26237,23476.0,6:31:19,Priyanka Vishrukar Ma,98.0
1352,PARTHIV RAJESH,confident,20811,26211,23759.0,6:36:02,Parthib Rajesh,100.0
1353,PRATHAM PRASAD,confident,20837,26237,22603.0,6:16:46,Pratham Prasad,100.0
1354,ADITI UPADHYAY,possible,20824,26224,21819.0,6:03:42,Miss Aditi Yadav,88.0
1355,ANANYA RAY,possible,20824,26224,23598.0,6:33:21,Ananya Bajpayee,82.0
1356,AAYUSHI DIXIT,confident,20811,26211,23589.0,6:33:12,Ayeshi Dixit,98.0
1357,JEBASLIN H,possible,20824,26224,23405.0,6:30:08,Jibaslin S,79.0
1358,LAKSHMI AMRUTHA DUVVURI,confident,20811,26211,23620.0,6:33:43,Lakshmi Amrita,100.0
1359,M TEJA,possible,20824,26224,22445.0,6:14:08,Teja Kumar Reddy,85.0
1360,ARYAN ASHISH,confident,20811,26211,23717.0,6:35:20,Aryan Ashish,100.0
1361,SHRUTI SINGH,confident,20811,26211,24462.0,6:47:45,Shrut Prada Singh,100.0
1362,SHUBHAM KUMAR DAS,confident,20824,26224,23708.0,6:35:11,Shabbham Kumar Das,100.0
1363,ANISHA AVINASH DHORE,confident,20837,26237,23454.0,6:30:57,Anisha Dhore,100.0
1364,GABHANE AISHWARYA VILAS,confident,20837,26237,23444.0,6:30:47,Ashwarya Gavane,97.0
1365,SHIVANI SONI,confident,,,23666.0,6:34:29,Shivani Soni,100.0
1366,CHIRAG SHARMA,confident,,,12370.0,3:26:13,Chirak Sharma,100.0
1367,RISHABH KABRA,confident,,,22236.0,6:10:39,Rishabh Kabra,100.0
1368,AKSHITA PANTHI,confident,,,21880.0,6:04:43,Akshita Panti,98.0
1369,MAYURI SHAH,possible,,,24043.0,6:40:46,Miss Somia Sharma Kumari,87.0
1370,AMBICA GARG,possible,,,21573.0,5:59:36,Ambika Gur,84.0
1371,UDAY TAMRAKAR,possible,21200,26600,24634.0,6:50:37,Odai Tamrakar,83.0
1372,BHARAT JAIN,confident,21182,26582,23932.0,6:38:55,Bharat Jain,100.0
1373,BHAVISHYA KAMAL,confident,21182,26582,23926.0,6:38:49,Bhavishya Kamal,100.0
1374,PRABAL SINGH,confident,21182,26582,23915.0,6:38:38,Prabal Singh,100.0
1375,KUMARI SOUMYA SHARMA,confident,21200,26600,24043.0,6:40:46,Miss Somia Sharma Kumari,100.0
1376,KORAKOPPULA CHAKRITHA GOUD,confident,21218,26618,23835.0,6:37:18,Korakopula Chakrita Gaur,100.0
1377,JAYA MISHRA,confident,21218,26618,23830.0,6:37:13,Jaya Mishra,100.0
1378,BHOOMI SINGHI,confident,21200,26600,23968.0,6:39:31,Miss Bhumi Singhi,98.0
1379,GAURAV KASANYA,confident,21218,26618,23879.0,6:38:02,Gaurav Kassanya,100.0
1380,ABHISHEK PATEL,confident,21218,26618,23861.0,6:37:44,Abhishek Patel,100.0
1381,ADWAIT GOKHALE,confident,21218,26618,23849.0,6:37:32,Adwat Gokle,100.0
1382,NEIL SADANANDAN,possible,21200,26600,26424.0,7:20:27,Nanil Das,73.0
1383,DRASTI CHANDAK,confident,21182,26582,24014.0,6:40:17,Drasti Chanda,100.0
1384,ASHITA VERMA,confident,21200,26600,24094.0,6:41:37,Ashita Verma,100.0
1385,ANANYA JAIN,confident,21182,26582,23996.0,6:39:59,Ananya Jain,100.0
1386,ZAINAB,none,21200,26600,,,,
1387,ANUJ KUMAWAT,confident,21200,26600,23908.0,6:38:31,Anuj Kumarvath,100.0
1388,DIVYANI SHARMA,confident,21299,26699,24033.0,6:40:36,Miss Divyani Sharma,100.0
1389,ANUSHKA JAIN,confident,21299,26699,24073.0,6:41:16,Anushka Jain,100.0
1390,JANVI VERMA,confident,21309,26709,24126.0,6:42:09,Janvi Verma,100.0
1391,GAUTA MHABLANI,confident,21332,26732,23942.0,6:39:05,Gautam Hablani,100.0
1392,DIVYANKA SHARMA,confident,21309,26709,24106.0,6:41:49,Miss Dyanka Sharma,100.0
1393,DEESHIKA JAIN,confident,21332,26732,23958.0,6:39:21,Deeshika Jain,100.0
1394,KESHAV SONI,confident,21309,26709,23810.0,6:36:53,Keshav Soni,100.0
1395,SNEHA TAMRAKAR,confident,21332,26732,23986.0,6:39:49,Neha Tamrakar,100.0
1396,ARYA SHARMA,possible,21309,26709,21625.0,6:00:28,Aryan Sharma,100.0
1397,SHREYA JAIN,confident,21309,26709,21587.0,5:59:50,Jai Shri Sharma,93.0
1398,MAHI SHARMA,confident,21299,26699,24086.0,6:41:29,Mahi Sharma,100.0
1399,KALPNA THAKUR,confident,21299,26699,24117.0,6:42:00,Kalpanna Thakur,100.0
1400,HIMANSHU VISHWAKARMA,confident,21332,26732,23888.0,6:38:11,Himanshu Vishwakarma,100.0
1401,PARV JAIN,possible,21309,26709,24809.0,6:53:32,Saurav Jaini,86.0
1402,KRISH SINGH BAIS,confident,21322,26722,24006.0,6:40:09,Krish Singh,100.0
1403,HARSH MEWADA,confident,21332,26732,23871.0,6:37:54,Harsh Mewada,100.0
1404,TANISHA YADAV,confident,21299,26699,24053.0,6:40:56,Tanisha Yadav,100.0
1405,SHAIKH OSAMA,confident,21466,26866,24136.0,6:42:19,Sheikh Osama,100.0
1406,SEENIVASAN S,possible,21466,26866,24146.0,6:42:29,Seenimasan S,82.0
1407,ANSH SAHU,confident,21461,26861,24156.0,6:42:39,Ansh Saho,99.0
1408,KRITHIKA M,possible,21459,26859,24295.0,6:44:58,Krithika Am,80.0
1409,SHRUTI SATANKAR,confident,21454,26854,24170.0,6:42:53,Shruti Satankar,100.0
1410,EBIN MANOJ,confident,21454,26854,24179.0,6:43:02,Abin Mano,95.0
1411,PRACHI SONI,possible,21459,26859,24197.0,6:43:20,Miss Prati Sony,88.0
1412,HARSHVARDHAN VERMA,confident,21459,26859,24206.0,6:43:29,Harshvardhan Verma,100.0
1413,JYOTI SINGH RAJPUT,confident,21459,26859,24214.0,6:43:37,Jyoti Singh Rajput,100.0
1414,HARSHIT SHRIVASTAVA,possible,21473,26873,22183.0,6:09:46,Shri Hari,89.0
1415,ANSH RAI,possible,21473,26873,21597.0,6:00:00,Akshat Raj,85.0
1416,AKSHAT SONI,possible,21473,26873,25739.0,7:09:02,Akshhat Sony,93.0
1417,TUSHAR NAGAR,possible,21473,26873,26177.0,7:16:20,Sneha Agarwal,80.0
1418,UPASANA RAI,possible,21473,26873,24277.0,6:44:40,Upashna Rae,87.0
1419,ANUSHKA RAJPUT,confident,21466,26866,24268.0,6:44:31,Anushka Rajput,100.0
1420,ANSHUL PATIDAR,possible,21473,26873,25633.0,7:07:16,Anul Patidar,96.0
1421,LAKSHYA BAHETI,possible,21473,26873,21763.0,6:02:46,Ashwarya Bharti,83.0
1422,SHIVANI THAKUR,confident,21466,26866,24222.0,6:43:45,Shivani Thakur,100.0
1423,NEETU VISHWAKARMA,possible,21473,26873,24233.0,6:43:56,Nitu Vishkarma,86.0
1424,HIMANSHU PANDEY,confident,21682,27082,24371.0,6:46:14,Thimanshu Pandey,100.0
1425,PRIYANSHU KUMAR SINGH,possible,21678,27078,23096.0,6:24:59,Riyanshu Kumar Pandey,100.0
1426,SHRIVARDHAN SHARMA,confident,21678,27078,26223.0,7:17:06,Shria Sharma,100.0
1427,YUVRAJ TRIVEDI,possible,21678,27078,24335.0,6:45:38,Yuraz Triviri,87.0
1428,SAKSHAM UPADHYAY,confident,21682,27082,24343.0,6:45:46,Shrutaksham Upadhyaya,94.0
1429,KUMARI AASTHA,confident,21674,27074,24398.0,6:46:41,Miss Kumari Ashta,100.0
1430,TEJASHVI RAJ,confident,21678,27078,24408.0,6:46:51,Atejasthvi Raj,99.0
1431,DEEPIKA GUPTA,confident,21674,27074,24387.0,6:46:30,Deepika Gupta,100.0
1432,NANDURI VARUN,confident,21678,27078,24419.0,6:47:02,Ananduri Varun,97.0
1433,HARSH ANAND KAREKAR,confident,21678,27078,24353.0,6:45:56,Harsh Anand Karika,100.0
1434,SHREYA BHATTACHARYA,confident,21682,27082,24362.0,6:46:05,Shriya Bhattacharya,100.0
1435,ANAMIKA SHARMA,confident,21674,27074,24379.0,6:46:22,Anamika Sharma,100.0
1436,ANSHUMAN RATH,confident,21798,27198,24617.0,6:50:20,Anshuman Rath,100.0
1437,SREERAM M V,none,21798,27198,,,,
1438,PRATHAM VERMA,possible,21798,27198,24564.0,6:49:27,Pratam Varva,87.0
1439,ASHI CHAUDA,confident,21815,27215,24445.0,6:47:28,Ashish Chauda,100.0
1440,SOUMIK DAS,confident,21782,27182,24555.0,6:49:18,Sovek Das,93.0
1441,SANJANA TIWARI,confident,21798,27198,24605.0,6:50:08,Sanjana Tiwari,100.0
1442,RITEEK PANIGRAHI,possible,21798,27198,24582.0,6:49:45,Rathik Panigrayi,86.0
1443,TANISHKA,confident,21798,27198,24488.0,6:48:11,Miss Tanishka,85.0
1444,MUVVALA KRISHNA KIRTI,confident,21815,27215,24436.0,6:47:19,Mavalla Krishna Kiriti,100.0
1445,GAIKWAD ARYAN PARAG,possible,21815,27215,24710.0,6:51:53,Paraf Faras Prahib,88.0
1446,RADHIKA DHOOT,possible,21798,27198,24594.0,6:49:57,Ravika Dhut,85.0
1447,ASHUTOSH KUSHWAHA,confident,21815,27215,24479.0,6:48:02,Ashutosh Koshwaha,100.0
1448,PRIYANSHI PODDAR,confident,21782,27182,24542.0,6:49:05,Miss Priyanchi Podar,100.0
1449,SHIV PRATAP SINGH,possible,21798,27198,21898.0,6:05:01,Aditya Pratap Singh,100.0
1450,MANASVI KUSHWAH,confident,21782,27182,24529.0,6:48:52,Manashvi Koshwaha,98.0
1451,ISHVI JAIN,possible,21798,27198,23958.0,6:39:21,Deeshika Jain,88.0
1452,BADRIKANATH PRAHARAJ,confident,21782,27182,24512.0,6:48:35,Badriant Raharaj,100.0
1453,TANYA CHATURVEDI,possible,21815,27215,26469.0,7:21:12,Tartafia Chaudhri,81.0
1454,YASH PORWAL,confident,21798,27198,27429.0,7:37:12,Yash Porwal,100.0
1455,VIVEK KUMAR VISHWAKARMA,confident,21815,27215,24470.0,6:47:53,Vivek Kumar Vishukarma,100.0
1456,ANANY SHARMA,possible,21782,27182,26548.0,7:22:31,Anway Arsha,90.0
1457,JAY PANDURANG HEPAT,possible,21798,27198,22143.0,6:09:06,Jay Varadhan Singh,88.0
1458,GAURAV SINGH,possible,21798,27198,26047.0,7:14:10,Aryan Singh Rajthu,90.0
1459,JAYANA SAWLANI,confident,21782,27182,24522.0,6:48:45,Jan Salwani,96.0
1460,ATRAYEE HALDER,confident,,,10864.0,3:01:07,and Miss Atre Halder,100.0
1461,JENISH AKHILESH MURDIA,possible,,,22332.0,6:12:15,Miss Ashi Jen,81.0
1462,GANDLA DEEKSHA SAI,possible,,,18279.0,5:04:42,Anushka Sachin Mandar,87.0
1463,SHENDE JAY JAGDISH,confident,,,24626.0,6:50:29,Jai Shinde,93.0
1464,ASISH S PRASAD,possible,,,24761.0,6:52:44,Miss Ashish as Pasad,93.0
1465,ANJALI AHIR,possible,,,9837.0,2:44:00,Agni Hutri Ahira Anan,88.0
1466,YASHASVI JAISWAL,possible,,,27516.0,7:38:39,Yash Vishal Rajkotiya,82.0
1467,VITLA DURGAPRASAD,possible,,,31006.0,8:36:49,Dear pita da,77.0
1468,AWANKAR VIRUPAKSH BHAGWAN,confident,,,24831.0,6:53:54,Aankar Dirupak Bhagwan,100.0
1469,ABHISHT NARAYAN,confident,,,24818.0,6:53:41,Abhishth Naraa,96.0
1470,SHUBHAM PRATAP SINGH,possible,,,19541.0,5:25:44,Yovraj Pratap Singh,100.0
1471,YASHRAJ DIXIT,confident,,,22005.0,6:06:48,Yashraj Dixit,100.0
1472,ANUSREE K J,none,21961,27361,,,,
1473,ANSHUL PATIDAR,confident,21961,27361,25633.0,7:07:16,Anul Patidar,96.0
1474,ARYAN KHATRI,confident,21956,27356,24948.0,6:55:51,Arun Khatri,96.0
1475,MACHA VENKATA SAI GANESH,possible,21961,27361,23580.0,6:33:03,Siam Mahajan,88.0
1476,KOSANAM MICHEAL,confident,21961,27361,25279.0,7:01:22,Kosanam Michael,99.0
1477,HARIJI SINGH,confident,22101,27501,24659.0,6:51:02,Hariji Singh,100.0
1478,KUSHAGRA DWIVEDI,possible,21961,27361,24470.0,6:47:53,Vive Kumar Vish Karma,82.0
1479,ARPIT SIVAKUMAR,possible,21961,27361,24958.0,6:56:01,Arpit,85.0
1480,KOTHAMASI RAJ KAMAL,possible,21961,27361,25222.0,7:00:25,Utam Raj Kuman,88.0
1481,RAGHUNANDAN TOMAR,confident,21956,27356,24995.0,6:56:38,Raghunandand Tomar,100.0
1482,MEENAKSHI RAJESH,possible,21961,27361,25187.0,6:59:50,Rajesh Ganesh Rukh,86.0
1483,VIKAS TOMAR,possible,21961,27361,25646.0,7:07:29,Vikas Tmer,90.0
1484,ARJUN M SAJEEVAN,possible,21961,27361,22980.0,6:23:03,Riyogendra Rajendra Savan,84.0
1485,SARTHAK YADAV,possible,21961,27361,24673.0,6:51:16,Sarthak Yadu,92.0
1486,PADALIYA JAMEES ASHOKKUMAR,confident,22106,27506,24648.0,6:50:51,Badenliya Jameesh,94.0
1487,ADITYA NARAYAN SHRIVASTAVA,possible,21961,27361,22502.0,6:15:05,Aditya Pratap Singh,89.0
1488,PRIYANSHI SINGH,possible,22106,27506,24427.0,6:47:10,Priyanchu Kumar Singh,100.0
1489,THARUN P M R,possible,21961,27361,25255.0,7:00:58,Harun PMR,76.0
1490,SUJAL KOTHARI,confident,21961,27361,19461.0,5:24:24,Kothari Sujal Maloj,100.0
1491,RIDDHI RAI,possible,,,19852.0,5:30:55,Rishies Ra,85.0
1492,MANU NIGAM,possible,,,28234.0,7:50:37,Mandar Nitan,81.0
1493,YASHASVI MANOJ DWIVEDI,possible,,,17499.0,4:51:42,Manas Dhuvedi,82.0
1494,AKSHAT SONI,possible,,,25739.0,7:09:02,Akshhat Sony,93.0
1495,PINNEPALLI RAKESH,possible,,,25313.0,7:01:56,pineapple rakes,91.0
1496,KANNCHI MAITHIL,possible,,,13544.0,3:45:47,Adit Kajoshi,75.0
1497,SATHEESH K,possible,,,18488.0,5:08:11,Sahesh Preet Kaur,80.0
1498,SARTHAK MISHRA,confident,,,24976.0,6:56:19,Sarthak Mishra,100.0
1499,KAVYANJALI VIJI,possible,,,20357.0,5:39:20,Aryan Abhiji Desh Pande,74.0
1500,JATIN KUSHWAHA,confident,,,24912.0,6:55:15,Jatin Kushwaha,100.0
1501,SOORAJ S,none,,,,,,
1502,S R SRI NITHSH,possible,,,25436.0,7:03:59,SR Nitish,89.0
1503,RUDRAANSH GUPTA,confident,,,25200.0,7:00:03,Rudan Gupta,95.0
1504,PRINCE CHOUDHURY,possible,,,27907.0,7:45:10,Priyanshu Nilesh Chaudhry,85.0
1505,ALPANA KUMARI,possible,,,25679.0,7:08:02,Alna Kumari,92.0
1506,SUJAL PORWAL,none,,,,,,
1507,KSHITIJ KUMAR SHRIVASTAVA,confident,,,24966.0,6:56:09,Chidej Kumar Shivas,99.0
1508,ROHIT DUBEY,possible,,,29045.0,8:04:08,Rashi Dube,91.0
1509,PRANSHU SACHAN,confident,22430,27830,25040.0,6:57:23,Pranchu Sachan,100.0
1510,BINCY BIJU,possible,22420,27820,26651.0,7:24:14,A little bit more patience,77.0
1511,HIMANSHU SHARMA,confident,22430,27830,25004.0,6:56:47,Himanshu Sharva,100.0
1512,KHUSHI AHERWAR,confident,22430,27830,25117.0,6:58:40,Khushi Aherwar,100.0
1513,ESHA SAXENA,possible,22425,27825,26223.0,7:17:06,Shria Sharma,78.0
1514,KUKADIYA DHRUV HASMUKHBHAI,confident,22430,27830,24794.0,6:53:17,Adhruv Kokadia,96.0
1515,ANSUMAN PUJARI,confident,22420,27820,25168.0,6:59:31,Anshuman Pujari,100.0
1516,KAKUMANU ANNIE SIRI,confident,22420,27820,25128.0,6:58:51,Miss Annie Shiri,100.0
1517,JAYESH GANESH ZOPE,confident,22420,27820,25187.0,6:59:50,Rajesh Ganesh Rukh,96.0
1518,KASIREDDY VARA LAKSHMI PRIYANKA,possible,22425,27825,23620.0,6:33:43,Lakshmi Amrita,92.0
1519,RUPIN MITESH GORE,confident,22430,27830,25094.0,6:58:17,Rupin Metej Gore,100.0
1520,DESAI PRAJEET GAURANGBHAI,possible,22425,27825,25101.0,6:58:24,Desai Parazhi,86.0
1521,HERAMB ALIAS HRITHIK SANTOSH PRABHU DHARWADKAR,confident,22430,27830,25051.0,6:57:34,Hiram Santosh,97.0
1522,APARAJITA SHARMA,confident,22420,27820,25145.0,6:59:08,Miss April Sharma,95.0
1523,P BHARATH KUMAR,confident,22420,27820,25179.0,6:59:42,Bharat Kumar,100.0
1524,SOURABH JANGID,confident,22425,27825,24809.0,6:53:32,Sorav Jang,93.0
1525,SUDESHNA PAN,confident,22425,27825,25110.0,6:58:33,Miss Sudesh Napan,90.0
1526,ELNA SAJI,confident,22430,27830,24738.0,6:52:21,Alina Saji,94.0
1527,BHUMIKA SAHU,confident,22420,27820,25136.0,6:58:59,Bhumika Sahu,100.0
1528,SIDDHANT VERMA,confident,22430,27830,24721.0,6:52:04,Sathant Varma,89.0
1529,KANISHK CHOUHAN,confident,22425,27825,24985.0,6:56:28,Kanish Chohan,100.0
1530,K V R L KRISHNA AJAY,possible,22425,27825,22743.0,6:19:06,Anjali Yash Krishnani,87.0
1531,TANVEER NOWAJ MAJUMDER,possible,22425,27825,25085.0,6:58:08,Tani Noaz Mazund,82.0
1532,ARPIT,possible,22425,27825,24958.0,6:56:01,Arpit,80.0
1533,PRANSHUL AGRAWAL,confident,22420,27820,25161.0,6:59:24,Pranchul Agraal,100.0
1534,SAGINA VIJAYENDRA PADAL,possible,22425,27825,24462.0,6:47:45,Shrut Prada Singh,87.0
1535,ANUGRAH ALLEN SCOTT,confident,22420,27820,25154.0,6:59:17,Anugra Allen,100.0
1536,YASH KUMAR SINGH,possible,22425,27825,24805.0,6:53:28,Yesh Kumar Singh,92.0
1537,PARAB PARAG PRADEEP,confident,22430,27830,24710.0,6:51:53,Parabh Parabh Pravi,98.0
1538,HIMANSHU SRIVASTAVA,possible,22425,27825,25004.0,6:56:47,Himanshu Sharva,87.0
1539,SASIKANTH T,none,22229,27629,,,,
1540,PRANAVEE G P,possible,22229,27629,22841.0,6:20:44,Prane Mahajan,79.0
1541,ALLEN SIMEON FLETCHER,possible,22229,27629,26659.0,7:24:22,Everyone all the students please take your seats,82.0
1542,PARI S,possible,22229,27629,25168.0,6:59:31,Anuman Pjari,80.0
1543,PULIPAKALA HARSHITHA,possible,22229,27629,25582.0,7:06:25,Harita Pulipala,93.0
1544,ANAND LAHOTI,possible,22229,27629,25473.0,7:04:36,An Loti,87.0
1545,KESHAV KUMAR JHA,confident,22213,27613,25024.0,6:57:07,Kesha Kumar Cha,100.0
1546,HARSH GUPTA,confident,22220,27620,24926.0,6:55:29,Harsh Gautam,97.0
1547,PINNINTI RAGHUVEER CHOWDARY,possible,22229,27629,26588.0,7:23:11,please don't crowd in the ais,82.0
1548,SHAIKH MOHAMMAD ATIULLAH,confident,22236,27636,24894.0,6:54:57,Muhammad Atiola Shik,97.0
1549,CHIRAG GOYAL,possible,22229,27629,25485.0,7:04:48,Chi Goyel,90.0
1550,SHERYL THUSSU,possible,22229,27629,25781.0,7:09:44,Cheryl Tusul,86.0
1551,AMRO ROBIN JOSEPH,confident,22213,27613,25399.0,7:03:22,Amro Robin Joseph,100.0
1552,PRANAV GUPTA,confident,22213,27613,25015.0,6:56:58,Pranaw Gupta,100.0
1553,KHARABE AKASH SHIVSHANKAR,confident,22229,27629,24873.0,6:54:36,Akash Shiv Shankar,100.0
1554,NANDAKISHORE B,possible,22229,27629,25532.0,7:05:35,Nanishori,72.0
1555,SAKTHI SUNDHARAM K,possible,22229,27629,26104.0,7:15:07,Sakshi Sharma,92.0
1556,VIRAT SRIVASTAVA,confident,22229,27629,23377.0,6:29:40,Virat Shivasta,94.0
1557,MUHAMMED ASHARUDHEEN.A,possible,22229,27629,25462.0,7:04:25,Muhammad Ashi,81.0
1558,VANSH DUGAR,possible,22229,27629,26146.0,7:15:49,Devansh Daga,90.0
1559,DEVA NANDAN J S,possible,22229,27629,23300.0,6:28:23,Mopi Devi Naga Saradwani,89.0
1560,VISHU KALIER,confident,22229,27629,25595.0,7:06:38,Vishu Kalar,94.0
1561,SIDDHARTH PALIWAL,possible,22229,27629,22850.0,6:20:53,Anima Vishwanath Pal,83.0
1562,SRIKANTH MINISETTI,possible,22229,27629,24436.0,6:47:19,Mavalla Krishna Kiriti,83.0
1563,AKSHAAY K G,possible,22229,27629,26757.0,7:26:00,Akshay J,78.0
1564,HARSH KUMAR MITTAL,possible,22229,27629,26066.0,7:14:29,Hardik Mithilesh Kumar Singh,95.0
1565,VARANASI HEMA SAI REDDY,possible,22229,27629,22445.0,6:14:08,Teja Kumar Reddy,83.0
1566,DEVANSH MITTAL,possible,22229,27629,27398.0,7:36:41,Hemanshu Mishra,72.0
1567,ABHINAV TIROLE,possible,22229,27629,27580.0,7:39:43,Vaishnavi Tyre,78.0
1568,VARSHINI N,possible,22229,27629,24222.0,6:43:45,Shivani Thakur,74.0
1569,BAWANE KRISHNA GIRDHARI,confident,22236,27636,24884.0,6:54:47,Krishna Girdhari Bhawan,100.0
1570,MIKKILI VEERA VENKATA VIKAS,possible,22229,27629,25646.0,7:07:29,Vikas Tmer,82.0
1571,DURGESH KUMAR SINGH,confident,22236,27636,24865.0,6:54:28,Duresh Kumar Singh,100.0
1572,SHUBHAM RATHOD,possible,22229,27629,25810.0,7:10:13,Shubhham Ratar,88.0
1573,AKSHIT SONI,possible,22229,27629,25817.0,7:10:20,Akit Sony,90.0
1574,MOHD KAIF,possible,22229,27629,25968.0,7:12:51,Modi Aika,77.0
1575,SHEIKH SAMEER,confident,22236,27636,24698.0,6:51:41,Shik Samir,94.0
1576,ROHIT KUMAR,confident,22213,27613,24941.0,6:55:44,Rohit Kumar,100.0
1577,ANURAG YADAV,possible,24771,30171,28621.0,7:57:04,Anipra Pandia,81.0
1578,ADITYA DASHPUTRA,confident,23586,28986,28663.0,7:57:46,Aditya Dashputra,100.0
1579,UJJAWAL SHARMA,possible,24771,30171,27158.0,7:32:41,Ujual Sharma,92.0
1580,ANSHUL SHARMA,confident,25956,31356,26283.0,7:18:06,Anshul Sharma,100.0
1581,DIVYAM SRIVASTAVA,possible,24771,30171,26655.0,7:24:18,This is your day of celebration please sit down,73.0
1582,VISTARAKULA VIJAY,possible,24771,30171,27112.0,7:31:55,Vijay,80.0
1583,DHAGE ADITYA SURESH,possible,24771,30171,29406.0,8:10:09,Abhirami Suresh,81.0
1584,MEDA SANJEEV HARSHITH,confident,25956,31356,26249.0,7:17:32,Meda Sanjeev Harshev,100.0
1585,PRIYANSHU RAJ,possible,25956,31356,26053.0,7:14:16,Rakshet Raj Khroli,89.0
1586,DIVYANSHU PRATAP SINGH,possible,24771,30171,24848.0,6:54:11,Shoubh Pratab Singh,100.0
1587,PRERNA KUMARI,confident,24771,30171,28976.0,8:02:59,Prerna Kumari,100.0
1588,YUVRAJ SINGH POSHWAL,possible,24771,30171,26119.0,7:15:22,Yura Singh,100.0
1589,SATYA PRAKASH,confident,24771,30171,27256.0,7:34:19,Saty Prakash,98.0
1590,ANTRIKA KASHYAP,confident,23586,28986,28986.0,8:03:09,Andrika Kashyap,100.0
1591,DEVANSI MAHATAR,possible,23586,28986,28858.0,8:01:01,Diva Matur,84.0
1592,AISHWARYA TRIPATHI,confident,23586,28986,28653.0,7:57:36,Aishwarya Tripathi,100.0
1593,KHUSHI TRIPATHI,confident,25956,31356,26206.0,7:16:49,Kushi Tripathi,100.0
1594,VINEET CHANDRA SRIVASTAVA,possible,24189,29589,27925.0,7:45:28,Vive Ch Johan,85.0
1595,AMAN PRATAP,confident,23892,29292,27216.0,7:33:39,Aman Pratap,100.0
1596,VEDHULA BALA GAYATRI,confident,24354,29754,26200.0,7:16:43,Bedula Bala Gayatri,100.0
1597,ISHAAN RAKHECHA,confident,23892,29292,31548.0,8:45:51,Ishaan Rakhecha,100.0
1598,SACHIN CHANDRA,confident,24354,29754,26074.0,7:14:37,Sachin Chandra,100.0
1599,BHOMBE KUMAL GAJANAN,possible,24189,29589,27970.0,7:46:13,Aman Kumar Singh,87.0
1600,ASHUTOSH MISHRA,confident,24189,29589,26084.0,7:14:47,Ashutosh Mischra,98.0
1601,VINEET SINGH,possible,24189,29589,25925.0,7:12:08,We need sing,86.0
1602,KUNDAN MANDAL,confident,24057,29457,26886.0,7:28:09,Kundan Mandal,100.0
1603,RAUNAK GYAN,possible,24189,29589,27234.0,7:33:57,Rona Gyan,87.0
1604,ADITYA SINGH,confident,24189,29589,28927.0,8:02:10,Aditya Raj Singh,100.0
1605,ANSHIKA TANK,confident,23892,29292,29810.0,8:16:53,Anika Tak,98.0
1606,SUMIT KUMAWAT,possible,24189,29589,27345.0,7:35:48,Sumit Kumar,99.0
1607,ABHISHEK KUMAR JHA,confident,23892,29292,27248.0,7:34:11,Abhishek Kumar Ja,100.0
1608,AKSHAT AWADHIYA,confident,24354,29754,26134.0,7:15:37,Ashkat Aadia,97.0
1609,UNNITHAN VAISHAK AJIT,confident,24354,29754,26262.0,7:17:45,Vaish Ajit Unan,100.0
1610,ARYAN SINGH RAJPUT,confident,24189,29589,24214.0,6:43:37,Jyoti Singh Rajput,100.0
1611,DRAVIN GOSWAMI,confident,24189,29589,27224.0,7:33:47,Draven Goswami,100.0
1612,KARTHIK NAIR,possible,24189,29589,27663.0,7:41:06,Nari Sarah Chandra Narayana Rao,85.0
1613,M KARUNA SHREE,possible,24189,29589,26276.0,7:17:59,M Karuna Shri,92.0
1614,TANVI PATHAK,confident,24189,29589,26023.0,7:13:46,Tanvi Patthag,100.0
1615,AYUSH MISHRA,possible,24189,29589,27398.0,7:36:41,Hemanshu Mishra,88.0
1616,ISHITA BAIRAGI,confident,24189,29589,25994.0,7:13:17,Nishita Baragi,96.0
1617,RAJEEV RANJAN,confident,23892,29292,27240.0,7:34:03,Rajiv Branjan,96.0
1618,AAYUSHMAN JAMWAL,confident,24354,29754,26238.0,7:17:21,Aayushman Jambal,100.0
1619,RAGINI KUMARI,confident,23892,29292,27631.0,7:40:34,Ragini Kumari,100.0
1620,DANISH MAHAJAN,confident,24183,29583,25920.0,7:12:03,Dhanish Mahajan,98.0
1621,ADRIKA PANDEY,confident,24183,29583,27176.0,7:32:59,Adria Pande,97.0
1622,AKSHAT AGARWAL,confident,24189,29589,26043.0,7:14:06,Akshhat Agarwal,100.0
1623,HIMANSHU.RAO PEDDIBHOTLA,possible,24183,29583,26986.0,7:29:49,Anmeisha Rathor,79.0
1624,ARIJIT DAS,possible,24183,29583,28125.0,7:48:48,Vas Arjun G,82.0
1625,YUVRAJ SINGH,confident,24183,29583,26128.0,7:15:31,Yura Singh,100.0
1626,AARTH SHRIVASTAVA,possible,24183,29583,27480.0,7:38:03,Rishika Ratesh Shavasti,82.0
1627,SAKSHI CHANDRA,possible,24183,29583,26074.0,7:14:37,Sachin Chandra,96.0
1628,NITANK DASONDI,possible,24183,29583,26424.0,7:20:27,Nanil Das,87.0
1629,NEHAL VYAS,possible,24183,29583,27466.0,7:37:49,Nehloh Das Gupta,80.0
1630,SHUBHI AGNIHOTRI,possible,24183,29583,24848.0,6:54:11,Shoubh Pratab Singh,84.0
1631,ANSHIT KUMAR,confident,24183,29583,26229.0,7:17:12,Anshit Kumar,100.0
1632,THAKUR ARYAN PRASHAS,possible,24183,29583,25945.0,7:12:28,Arian Tapur,87.0
1633,DUBEY ANSHU DINESH,possible,24183,29583,29045.0,8:04:08,Rashi Dube,90.0
1634,PRATAP SINGH THAKUR,possible,24183,29583,24848.0,6:54:11,Shoubh Pratab Singh,100.0
1635,BADE GAURAV ASHOK,possible,24183,29583,29440.0,8:10:43,Gautam Singh Koshik,84.0
1636,BIJODE RUSHIKA SHAMBHUSING,possible,24183,29583,27480.0,7:38:03,Rishika Ratesh Shavasti,85.0
1637,PAWAR CHAKSHIKA GHANSHYAM,possible,24183,29583,26330.0,7:18:53,Tanish Chauhan,82.0
1638,RAJIT SHAILESH SRIVASTAVA,confident,24189,29589,26880.0,7:28:03,Rajid Chailesh Shivastra,97.0
1639,SHREYA SHARMA,confident,24183,29583,26221.0,7:17:04,Shreya Sharma,100.0
1640,PRINCE SAHU,possible,24183,29583,26838.0,7:27:21,Krishna Ram Kumar Sahu,82.0
1641,PATIL RAJDEEP,possible,24183,29583,28095.0,7:48:18,Aditya Rajiv Patil,89.0
1642,TAPASYA SINGH PARIHAR,confident,24183,29583,26009.0,7:13:32,Tapastia Singh,96.0
1643,VATSAL SONI,possible,24183,29583,26791.0,7:26:34,Students on the right side please take your seats,77.0
1644,SOURABH KUMAR RAJDEV,possible,24183,29583,25222.0,7:00:25,Utam Raj Kuman,90.0
1645,MODI AKSHIKA SUNIL,possible,24183,29583,25968.0,7:12:51,Modi Aika,86.0
1646,AMAN AGARWAL,confident,24354,29754,26292.0,7:18:15,Aman Agarwal,100.0
1647,NANDINI MODI,confident,24189,29589,25987.0,7:13:10,Nandani Modi,95.0
1648,ANURAG SAHU,confident,24189,29589,25979.0,7:13:02,Anuras Sahu,97.0
1649,MOKSHITA JAIN,possible,24189,29589,24912.0,6:55:15,Jatin Kushwaha,86.0
1650,PINGALE PRERANA SUNIL,confident,24354,29754,26270.0,7:17:53,Prenna Pingle,96.0
1651,GUDADHE JANHVI GAJENDRA,possible,24189,29589,27419.0,7:37:02,Bavera Jan,80.0
1652,VINEET YADAV,possible,24189,29589,20246.0,5:37:29,meet Adula,74.0
1653,SRIPADA LAXMI SHARANYA,confident,23892,29292,29016.0,8:03:39,Shri Padi Lakshmi Sharanya,97.0
1654,PINAKI PRIYA,confident,24022,29422,26716.0,7:25:19,Pinataki Priya,100.0
1655,TANISHA PRIYA,possible,24022,29422,27907.0,7:45:10,Priyanshu Nilesh Chaudhry,83.0
1656,LUXMIKANT,possible,24022,29422,27887.0,7:44:50,Rudhin Luxman Praveen,80.0
1657,BHOOMIKA BAJAJ,possible,24022,29422,28043.0,7:47:26,Ashish Balav Gowami,76.0
1658,ISHITA BHATT,possible,24022,29422,24362.0,6:46:05,Shriya Bhattacharya,83.0
1659,MANDEKAR ANUSHKA SACHIN,possible,24022,29422,26074.0,7:14:37,Sachin Chandra,91.0
1660,SHUBHANGINI,possible,24022,29422,28478.0,7:54:41,Shubhadi Paldar,72.0
1661,SAHIL SINGH,possible,24022,29422,26385.0,7:19:48,Jasper Singh Sandhu,93.0
1662,NIDHI KANWAR,confident,24022,29422,26116.0,7:15:19,Nidi Kamar,96.0
1663,KUSH SINGH,possible,24044,29444,24873.0,6:54:36,Akash Shibham Pratab Singh,94.0
1664,BHOITE RUTURAJ SATISH,possible,24022,29422,25442.0,7:04:05,Satish K,80.0
1665,ANANYA HALDER,possible,24000,29400,27438.0,7:37:21,Ananya Sharma,88.0
1666,DEVIKA NAIR JAYAKUMAR,confident,24022,29422,26690.0,7:24:53,Perika Nail Jaya Kumar,94.0
1667,ARYAN KUMAR,possible,24022,29422,28219.0,7:50:22,Aman Kumar Raai,95.0
1668,VARTIKA SINGH,possible,24022,29422,27546.0,7:39:09,Karthikh Singh,94.0
1669,AKSHAYA J,possible,24022,29422,26757.0,7:26:00,Akshay J,78.0
1670,CHIRIKI JENITH,possible,24022,29422,29097.0,8:05:00,Nishika Jen and,76.0
1671,JIGISHA DHARSKAR,confident,24000,29400,26741.0,7:25:44,Jigisha Dharaskar,100.0
1672,NEHA KOHLI,possible,24022,29422,25857.0,7:11:00,Niha Kohi,90.0
1673,SUKRITI DEB,possible,24022,29422,29940.0,8:19:03,Sakriti Dev,87.0
1674,PANCHOLI AASTHA CHETANBHAI,confident,24000,29400,29075.0,8:04:38,Aasta pancholi,100.0
1675,DIYA VALSAN,possible,24022,29422,28452.0,7:54:15,Aditya Sajjan,83.0
1676,SHREYA MALLICK,confident,24044,29444,26511.0,7:21:54,Shreya Malik,100.0
1677,HARSH GARG,possible,24022,29422,26801.0,7:26:44,Harsh girl,83.0
1678,NUPOOR SAGAR,confident,24022,29422,26774.0,7:26:17,Nupur Sagar,94.0
1679,NEKA S,none,24022,29422,,,,
1680,SOUNDARYA DUBE,confident,24022,29422,26491.0,7:21:34,Tandariya Dube,94.0
1681,PRIYANSHU SHARMA,possible,24022,29422,27977.0,7:46:20,Pratush Sharma,95.0
1682,K LAKSHMI SRAVYA,confident,24000,29400,27041.0,7:30:44,Lakshmi Shraia,95.0
1683,PRANAY SHAURYA,possible,24022,29422,27439.0,7:37:22,Ana Sharma,91.0
1684,BABAR ADITI BADRINATH,confident,24044,29444,26449.0,7:20:52,Babar Addi Badrinath,100.0
1685,KARAN KHATRI,possible,24000,29400,24948.0,6:55:51,Arun Khatri,94.0
1686,SANIKA DHAGE,confident,24044,29444,26698.0,7:25:01,Shanika Dhag,100.0
1687,SHUBHAM VERMA,possible,24022,29422,24094.0,6:41:37,Ashita Verma,82.0
1688,VATSAL ARORA,confident,24044,29444,26316.0,7:18:39,Watsal Arora,99.0
1689,APOORVA SINGH,possible,24022,29422,26385.0,7:19:48,Jasper Singh Sandhu,82.0
1690,RYAN SANTOSH JOSEPH,confident,24000,29400,28349.0,7:52:32,Ryan Santosh Joseph,100.0
1691,ADITYA NARAYAN JHA,possible,24022,29422,28452.0,7:54:15,Aditya Sajjan,87.0
1692,PALLAVI MOHAN,confident,24000,29400,29376.0,8:09:39,Palavi Mohan,100.0
1693,ADITI SINGH,possible,24022,29422,28927.0,8:02:10,Aditya Raj Singh,100.0
1694,AMULYA BHARTI .J,possible,24022,29422,24307.0,6:45:10,Karthik Am,78.0
1695,VAIBHAV BHARGAV,possible,24022,29422,26091.0,7:14:54,Diksha Bharat,78.0
1696,SAMAR SAJAD,possible,24022,29422,28064.0,7:47:47,Arja Sharma,89.0
1697,NITYA SANTHOSH,possible,24000,29400,28815.0,8:00:18,Aditya Kumar Sahu,84.0
1698,ANSHITA SINGH,possible,24022,29422,29027.0,8:03:50,Rakshita Krithi Singh,98.0
1699,LOKAESSHWAR. S,possible,24022,29422,26768.0,7:26:11,Lokeshwarya,71.0
1700,SARTHAK TIWARI,possible,24022,29422,26949.0,7:29:12,Swati suchita samra,77.0
1701,AISHWARYA SENAPATI,possible,24022,29422,25869.0,7:11:12,Asharia sayati,85.0
1702,KUNAL KUMAR,possible,24022,29422,28884.0,8:01:27,Shweta Anil Kumar Nayar,87.0
1703,PANKH BANSAL,possible,24022,29422,29074.0,8:04:37,Astha Pancholi,82.0
1704,PALAK SONI,confident,24022,29422,27071.0,7:31:14,Palak Sony,94.0
1705,TANUSHREE MISHRA,possible,24022,29422,24054.0,6:40:57,Miss Tanisha Yadav,88.0
1706,SHRUTI GIRI,confident,24022,29422,26710.0,7:25:13,Sruti Giri,100.0
1707,NAVEEN PRAVEEN,confident,24044,29444,26576.0,7:22:59,Naven Pervin,92.0
1708,LIPAKSHI GIJWANI,possible,24022,29422,25895.0,7:11:38,The Pakshi Gwani,92.0
1709,SARVAGYA SHIVA,possible,24022,29422,27562.0,7:39:25,Shivaj Sharma,91.0
1710,MRINALI SAHU,confident,24022,29422,26731.0,7:25:34,Vinali Shahu,92.0
1711,CHINMAY BHOYAR,possible,24022,29422,27420.0,7:37:03,Bhavira Chan,79.0
1712,ISHA CHOUDHARY,confident,24022,29422,26631.0,7:23:54,Tisha Chaudhri,94.0
1713,RIDHI BHATIA,confident,24022,29422,26465.0,7:21:08,Ridi Bhattia,96.0
1714,APARNA SAJEEVAN,possible,24022,29422,26624.0,7:23:47,Aperna Sajiv,87.0
1715,ADITYA RAJESH,possible,24044,29444,28927.0,8:02:10,Aditya Raj Singh,99.0
1716,DINESH TYAGI,possible,24022,29422,26146.0,7:15:49,Devansh Daga,72.0
1717,ASISH BALLAV GOSWAMI,confident,24000,29400,28042.0,7:47:25,Ashish Bhallav Goswami,100.0
1718,HARLIN MARTIN,confident,24044,29444,26361.0,7:19:24,Harlin Martin,100.0
1719,NAVANIL DAS,confident,24044,29444,26423.0,7:20:26,Navanil Das,100.0
1720,BHUVIKA AGGARWAL,possible,24022,29422,26293.0,7:18:16,Agarwal,77.0
1721,SHREYA RAJ GUPTA,possible,24022,29422,28736.0,7:58:59,Shubham Raj Sharma,96.0
1722,HRUSHIKA BHASKAR GOPALE,possible,24022,29422,24361.0,6:46:04,Miss Shria Bhachara,88.0
1723,MANAS SHARMA,possible,24022,29422,27439.0,7:37:22,Ana Sharma,98.0
1724,BUSAM JAHNAVI JYOTSNA,possible,23946,29346,27439.0,7:37:22,Ana Sharma,75.0
1725,SAYANTIKA LASKAR,possible,23946,29346,26687.0,7:24:50,Shayanthika Lester,86.0
1726,ISHA NAIK,possible,23946,29346,26512.0,7:21:55,Shrea Malik,83.0
1727,AMBALDHAGE UJWAL,none,23946,29346,,,,
1728,CLIFFORD JESTIN,possible,23946,29346,29311.0,8:08:34,Jesia,70.0
1729,DEVANSHEE SHUKLA,confident,23946,29346,26819.0,7:27:02,Devanshi Shukla,100.0
1730,PREETHI S,possible,23946,29346,26753.0,7:25:56,Prithi S,70.0
1731,RAKSHIT RAJPUROHIT,confident,23946,29346,26060.0,7:14:23,Rakshit Rajohhit,100.0
1732,JAVED AHMAD,confident,24009,29409,26541.0,7:22:24,Javeed Ahmed,99.0
1733,KHUSHI BADANI,confident,23883,29283,26736.0,7:25:39,Kushi Badani,100.0
1734,ANNIE PAUL,confident,23883,29283,26964.0,7:29:27,Annie Paul,100.0
1735,MRUNMAYEE NAVNATH PHADTARE,possible,23946,29346,28381.0,7:53:04,Rudra Nayat Raindra,74.0
1736,ARPITA SRIVASTAVA,possible,23946,29346,28703.0,7:58:26,Axit Shvastav,82.0
1737,DEEP NEMA,possible,23946,29346,28917.0,8:02:00,Aman Deep Singh,83.0
1738,ROSHAN ROY CHERIAN,confident,24009,29409,26372.0,7:19:35,Roshan Roy Cheri,100.0
1739,ANANYA JENA,confident,23883,29283,26706.0,7:25:09,Ananya Jaina,95.0
1740,IDRA CHAUDHARY,confident,24009,29409,26500.0,7:21:43,Idra Chaudhri,100.0
1741,ARITRI MANGAL,confident,23883,29283,26750.0,7:25:53,Aritri Mangal,100.0
1742,NISHTHA RANA,possible,23946,29346,28270.0,7:51:13,Ana Mishra,88.0
1743,DEEKSHA BHARDWAJ,possible,23946,29346,26091.0,7:14:54,Diksha Bharat,88.0
1744,KEVIN EBY DAVID,confident,23883,29283,26919.0,7:28:42,Kevin Ebby-Devitt,100.0
1745,NEHAL NISHA,possible,23946,29346,28270.0,7:51:13,Ana Mishra,76.0
1746,MAYUKH MUKHERJEE,confident,23946,29346,26807.0,7:26:50,Mayuk Mukharji,98.0
1747,PRASANNAJEET OJHA,confident,23883,29283,26827.0,7:27:10,Prasanna Ji Oja,98.0
1748,MOHIT KUMAR SAW,confident,23946,29346,27145.0,7:32:28,Mohit Kumar Sa,100.0
1749,DEVIKA P K,confident,23946,29346,29176.0,8:06:19,Devika T,85.0
1750,KUSUM SINHA,possible,23946,29346,28783.0,7:59:46,Ayushman Kumar Singh,83.0
1751,APRAJITA,possible,23946,29346,25145.0,6:59:08,Aprajika Sharva,76.0
1752,DIPANKIT SARKAR,possible,23946,29346,24033.0,6:40:36,Miss Divyani Sharma,86.0
1753,SAKSHI SHARMA,confident,24009,29409,26104.0,7:15:07,Sakshi Sharma,100.0
1754,KARTAVYA CHAUDHARY,possible,23946,29346,26469.0,7:21:12,Tartafia Chaudhri,81.0
1755,ANVAYA ARSHA,confident,24009,29409,26548.0,7:22:31,Anway Arsha,98.0
1756,SINGH HARDIK KUMAR MITHILESH,confident,24009,29409,26066.0,7:14:29,Hardik Mithilesh Kumar Singh,100.0
1757,K JANARTHANAN,none,23946,29346,,,,
1758,SHALU KUMARI,possible,23946,29346,28815.0,8:00:18,Aditya Kumar Sahu,97.0
1759,RIDDHIMA RAI,possible,23946,29346,29027.0,8:03:50,Rakshita Krithi Singh,78.0
1760,SEEMA NIKHIL,possible,23946,29346,28884.0,8:01:27,Shweta Anil Kumar Nayar,74.0
1761,KANJUL VERMA,confident,23946,29346,26439.0,7:20:42,Kanjul Verma,100.0
1762,R.NIDHARSHANA,possible,23946,29346,26676.0,7:24:39,And our Nidhashana,84.0
1763,MEHNAZ SHAFEEK,possible,23946,29346,26249.0,7:17:32,Meda Sanjeev Harshev,77.0
1764,RINAL SHANKAR,confident,25809,31209,28848.0,8:00:51,Rinal Shankar,100.0
1765,MITHUN KARTHICK,confident,25936,31336,31403.0,8:43:26,Mitun Kartik,96.0
1766,SHIVRAM MALIK,possible,25936,31336,26512.0,7:21:55,Shrea Malik,97.0
1767,NAVYA PILLAI,confident,25809,31209,29634.0,8:13:57,Navya Pillai,100.0
1768,PRATHAM BAFNA,confident,25809,31209,31312.0,8:41:55,Pratam Bhakna,96.0
1769,NAMAN SHARMA,possible,25936,31336,27439.0,7:37:22,Ana Sharma,93.0
1770,JASSWANT SINGH SANDHU,confident,25992,31392,26385.0,7:19:48,Jasper Singh Sandhu,100.0
1771,NAIK RUDRA RAVINDRA,confident,25992,31392,28381.0,7:53:04,Rudra Nayat Raindra,100.0
1772,SAMRIDDHI KHASTAGIR,confident,25992,31392,28251.0,7:50:54,Samridhi Khasthagir,100.0
1773,FANISH KUMAR DIWAN,possible,25936,31336,28773.0,7:59:36,Manish Kumar Bhivan,99.0
1774,PRIYANSHU TIWARI,possible,25936,31336,28573.0,7:56:16,Jiya Tiwari,85.0
1775,PATIL ADITYA RAJEEV,possible,25936,31336,29650.0,8:14:13,Aditya Patil,100.0
1776,SIMRAN GUPTA,confident,25992,31392,27591.0,7:39:54,Siman Gupta Now,100.0
1777,VIKASH KUMAR,possible,25992,31392,29236.0,8:07:19,Vikas Kumar Singh,100.0
1778,ASWIN M NAIR,possible,25936,31336,28085.0,7:48:08,Ashwin M,81.0
1779,SINGH ARYAN OMPRAKASH,possible,25936,31336,28195.0,7:49:58,Aryan Singh Omrakash,99.0
1780,ANMOL SHARMA,possible,25936,31336,26284.0,7:18:07,Anul Sharma,96.0
1781,ANSHUL,confident,25809,31209,29296.0,8:08:19,Anshul Jive Shwai,85.0
1782,VIKASH KUMAR SINGH,confident,25809,31209,29236.0,8:07:19,Vikas Kumar Singh,100.0
1783,SUVADIP PRAMANIK,possible,25936,31336,28977.0,8:03:00,Praa Kumari,76.0
1784,SAMRIDDHI TRIPATHI,confident,25992,31392,27445.0,7:37:28,Samre Deetrapathi,87.0
1785,RISHIKA RITESH AWASTHI,confident,25992,31392,27480.0,7:38:03,Rishika Ratesh Shavasti,100.0
1786,AARJAV JAIN,confident,25936,31336,28005.0,7:46:48,Arja Jain,96.0
1787,EDWIN JOSE,possible,25936,31336,9533.0,2:38:56,Adita Din Josie,90.0
1788,ATHARV BHAVSAR,confident,25936,31336,27749.0,7:42:32,Athar Papsar,91.0
1789,KUNAL GOYAL,confident,25992,31392,27284.0,7:34:47,Kunal Goyal,100.0
1790,TSANGCHUP GYATSO BHUTIA,possible,25936,31336,30854.0,8:34:17,Sanchuk Gastto,84.0
1791,ASHIT MALLICK,possible,25936,31336,28177.0,7:49:40,Shitej Mandal,78.0
1792,MANAV NATHANI,possible,25809,31209,28233.0,7:50:36,Mand Athars Nithin,88.0
1793,DEEPAM GOYAL,possible,25936,31336,30528.0,8:28:51,Goyel,73.0
1794,MANISH KUMAR SHUKLA,confident,25809,31209,28773.0,7:59:36,Manish Kumar Bhivan,100.0
1795,SANA YASMINE,confident,25809,31209,29482.0,8:11:25,Sana Yasmin,100.0
1796,RIYA BEHL,possible,25936,31336,28426.0,7:53:49,Ria Rahul Gaar,78.0
1797,SUPRIYA MISHRA,confident,25809,31209,30259.0,8:24:22,Supriya Mishram,100.0
1798,JIVESH RAI,possible,25936,31336,26880.0,7:28:03,Rajid Chailesh Shivastra,86.0
1799,BHUVANYU GEEL,possible,25936,31336,21698.0,6:01:41,Bhwano Gil,76.0
1800,POWAR YASH DHANAJI,possible,25936,31336,27429.0,7:37:12,Yash Porwal,100.0
1801,SHAARAV AGARWAL,possible,25936,31336,28114.0,7:48:37,Shre Agrawal,92.0
1802,AARJAV SHARMA,confident,25936,31336,28065.0,7:47:48,Arjav Sharma,100.0
1803,VAYUNA SINGH,confident,25865,31265,28633.0,7:57:16,Vayun Singh,100.0
1804,PUSHKAR SINGH,confident,25936,31336,28502.0,7:55:05,Pushkar Singh,100.0
1805,REKHANSH RAJE DESHMUKH,confident,25809,31209,30178.0,8:23:01,Rekans Raje Deshbok,100.0
1806,RANHVIJAY SINGH BERWAL,possible,25936,31336,29746.0,8:15:49,Anubha Kumar Singh,90.0
1807,ANIRUDH GUPTA,possible,25936,31336,28445.0,7:54:08,Tanisha Gupta,91.0
1808,LOKESH PURI,confident,25936,31336,30676.0,8:31:19,Lesh Puri,95.0
1809,KASHINATH R,confident,25936,31336,28072.0,7:47:55,Kashinath Ar,85.0
1810,KUSHAGRA,possible,25936,31336,26431.0,7:20:34,Kushagra,85.0
1811,VISHAL PANDA,possible,25936,31336,27797.0,7:43:20,Tisha Chandwani,84.0
1812,GAURI PANDEY,possible,25936,31336,28792.0,7:59:55,Sri Gauri Pandey,100.0
1813,AYUSH PATEL,possible,25936,31336,29909.0,8:18:32,Kushell Patel,89.0
1814,ADITHYA S,possible,25936,31336,31034.0,8:37:17,Aditya Krish,78.0
1815,RUDRA KANISHK SINGH,possible,25809,31209,27545.0,7:39:08,Kartikesh Singh,96.0
1816,ABHIVYAKTI RATHOD,possible,25936,31336,30010.0,8:20:13,Aditya Rao,78.0
1817,DIYEWAR ANSHUL AVINASH,confident,25936,31336,29256.0,8:07:39,Anshul Devar,96.0
1818,KIRANKUMAR CH.,possible,25936,31336,26475.0,7:21:18,Kaf Chi,82.0
1819,ABHISHEK SINGHVI,confident,25992,31392,28148.0,7:49:11,Abhishek Singhvi,100.0
1820,VARUN VERMA,confident,25809,31209,28745.0,7:59:08,Varun Verma,100.0
1821,TISHAA CHANDWANI,confident,25992,31392,27797.0,7:43:20,Tisha Chandwani,100.0
1822,JINNALA HEMANTH KUMAR,possible,25936,31336,28773.0,7:59:36,Manish Kumar Bhivan,92.0
1823,JALAJ SHARMA,confident,25936,31336,31295.0,8:41:38,Jalash Sharma,95.0
1824,PRATYUSH SHARMA,confident,25936,31336,27977.0,7:46:20,Pratush Sharma,100.0
1825,AYUSHMAN KUMAR SINGH,confident,25809,31209,28783.0,7:59:46,Ayushman Kumar Singh,100.0
1826,ANAND PANDEY,confident,25992,31392,27640.0,7:40:43,Anand Pandey,100.0
1827,ADITI PANDEY,confident,25809,31209,30234.0,8:23:57,Aditya Pandey,100.0
1828,ANJALI DUBEY,confident,25936,31336,30250.0,8:24:13,Anjali Dube,98.0
1829,SWAPNIL VADLAMANI,confident,25992,31392,27507.0,7:38:30,Swapnel Wadlamani,98.0
1830,ABHASH BHADORIA,confident,25992,31392,27572.0,7:39:35,Abhas Badoria,100.0
1831,AKASH SHARMA,possible,25992,31392,29492.0,8:11:35,Lakshita Sharma,93.0
1832,REETI CHOPRA,confident,25992,31392,28259.0,7:51:02,Riti Chopra,95.0
1833,TRIPURARI SINGH,confident,25936,31336,27319.0,7:35:22,Tripurari Singh,100.0
1834,SOHAM DAS,confident,25809,31209,29265.0,8:07:48,Sham Das,100.0
1835,AASHISH RAJ,confident,25936,31336,30512.0,8:28:35,Ashish Vaj,92.0
1836,MANSI SINGH,possible,25936,31336,27553.0,7:39:16,Manisha Singh,99.0
1837,HIMANI SHARAD ZAMBARE,confident,25992,31392,27599.0,7:40:02,Himmani Zombre,97.0
1838,MOHD FAIZ,confident,25936,31336,28018.0,7:47:01,Mohammad Faz,91.0
1839,KSHITIJ PARAG UKEY,possible,25936,31336,27683.0,7:41:26,Paga Shetej,84.0
1840,SHAIK RIYAZ,confident,25992,31392,27772.0,7:42:55,Sheikh Riyaz,98.0
1841,PRIYANSHU GAUTAM,possible,25936,31336,27608.0,7:40:11,Rianju Gautam,90.0
1842,JOSHUA M VARUGHESE,possible,25936,31336,29139.0,8:05:42,Joshua M,80.0
1843,MAHI JAIN,possible,25936,31336,30577.0,8:29:40,Mahi Jin Dal,100.0
1844,PARTH SINHA,possible,25936,31336,30983.0,8:36:26,part singh raat,93.0
1845,ANIRUDDHA GUPTA,possible,25936,31336,28445.0,7:54:08,Tanisha Gupta,93.0
1846,ACHUTH B,none,25809,31209,,,,
1847,VANSH VYAS,possible,25936,31336,27516.0,7:38:39,Yash Vishal Rajkotiya,78.0
1848,SUMANT SAGAR,confident,25809,31209,31468.0,8:44:31,Suman Sagar,100.0
1849,AKSHAT VANJANI,confident,25936,31336,30211.0,8:23:34,Akshad Vanjani,97.0
1850,ARYAN PANDEY,possible,25936,31336,27640.0,7:40:43,Anand Pandey,93.0
1851,JOY MONDAL,possible,25936,31336,30497.0,8:28:20,Joy,80.0
1852,NIKHIL KUMAR,confident,25936,31336,30303.0,8:25:06,Nikil Kumar,98.0
1853,TANVI RANDHIR BADGHARE,possible,25936,31336,29286.0,8:08:09,Tanvi Patkare,85.0
1854,ABHEET SETH,possible,25920,31320,29413.0,8:10:16,Abhi Rami Suresh,80.0
1855,ADHIL ALI,confident,25920,31320,30062.0,8:21:05,Adi Ali,95.0
1856,PARAM YADAV,possible,25920,31320,28065.0,7:47:48,Arjav Sharma,79.0
1857,SHREYA SINGH,possible,25920,31320,28243.0,7:50:46,Ashwarya Singh Baghel,93.0
1858,RAGHVENDRA SINGH,confident,25924,31324,28132.0,7:48:55,Raghavendra Singh,100.0
1859,YASH ARYA,confident,25920,31320,27955.0,7:45:58,Yash Arya,100.0
1860,PURIGILLA AKHILA,possible,25920,31320,28645.0,7:57:28,Ashi Paderia,77.0
1861,ANIPRA PANDYA,confident,25917,31317,28623.0,7:57:06,Anipra Pandya,100.0
1862,ROHAN MISHRA,confident,25917,31317,30470.0,8:27:53,Rohan Mishra,100.0
1863,BIPRAJEET SEN,possible,25920,31320,28927.0,8:02:10,Aditya Raj Singh,78.0
1864,ARYAN GUPTA,possible,25920,31320,27271.0,7:34:34,Aryan Gupta,100.0
1865,ANSH GARG,possible,25920,31320,30628.0,8:30:31,Gaurav Ashok,80.0
1866,MARENENI MADHAN MOHAN NAIDU,confident,25920,31320,27101.0,7:31:44,Marini Madan Moan Naidu,98.0
1867,KALERI LAKSHMI VENKATA VANI VARAPRASAD,confident,25920,31320,28033.0,7:47:16,Lakshmi Venkata,100.0
1868,SHUBHAM SINGH,confident,25920,31320,30294.0,8:24:57,Shubam Singh,99.0
1869,SANIDHYA SONI,possible,25920,31320,29342.0,8:09:05,Sania Shoria,90.0
1870,YATHARTH VERMA,possible,25920,31320,30768.0,8:32:51,Athar Veda,85.0
1871,AMAN JAISWAL,confident,25920,31320,30275.0,8:24:38,Aman Jasal,96.0
1872,ARK JAIN,possible,25920,31320,28005.0,7:46:48,Arja Jain,89.0
1873,SHUBHAM RAJ SHARMA,confident,25920,31320,28736.0,7:58:59,Shubham Raj Sharma,100.0
1874,DIVIZ PANDEY,possible,25920,31320,30538.0,8:29:01,Vivid Prahep,70.0
1875,TAUR ABHISHEK VISHAL,possible,25920,31320,27248.0,7:34:11,Abhishek Kumar Ja,87.0
1876,ROSHNI SHARMA,confident,25924,31324,28614.0,7:56:57,Roshni Sharma,100.0
1877,KOCHAR DARSHAN PRAVIN,confident,25917,31317,29247.0,8:07:30,Daran Pravin Coacher,100.0
1878,SARTHAK GUPTA,confident,25920,31320,27524.0,7:38:47,Sarthag Gupta,100.0
1879,MUKESH T,confident,25924,31324,27200.0,7:33:23,Mukesh Di,85.0
1880,AMRITANGSHU DEY,possible,25920,31320,28917.0,8:02:00,Aman Deep Singh,80.0
1881,VAISHNAVI TAYDE,confident,25924,31324,27580.0,7:39:43,Vaishnavi Tyre,95.0
1882,TANMYA SRIVASTAVA,possible,25920,31320,28792.0,7:59:55,Sri Gauri Pandey,75.0
1883,NIKHIL SAJINDRNATH NAMBIAR,confident,25920,31320,29670.0,8:14:33,Nikhil Nambiya,97.0
1884,ADITYA PATIL,confident,25920,31320,29650.0,8:14:13,Aditya Patil,100.0
1885,SHASHI CHATURVEDI,possible,25920,31320,26631.0,7:23:54,Tisha Chaudhri,78.0
1886,MEHANK SAHOO,possible,25920,31320,28161.0,7:49:24,Rohan Sahu,82.0
1887,BORSE RAJ DEVENDRA,confident,25917,31317,29836.0,8:17:19,Raj Devendra Borse,100.0
1888,SUBHRAJIT CHAKRABARTI,possible,25920,31320,29007.0,8:03:30,Disha Chakraarti,86.0
1889,RAHUL TEOTIA,confident,25917,31317,29840.0,8:17:23,Rahul Teotia,100.0
1890,ANKIT KUMAR,possible,25920,31320,26230.0,7:17:13,Anit Kumar,100.0
1891,LUCKY SAMANT,none,25920,31320,,,,
1892,AVIRAL YADAV,possible,25920,31320,28621.0,7:57:04,Anipra Pandia,80.0
1893,VISMAYA VINOD NAIR,confident,25920,31320,29126.0,8:05:29,Vismaya Vinod Nayam,100.0
1894,AMARAVADI ADITHYA,possible,25920,31320,28322.0,7:52:05,Amita Agarwal,79.0
1895,TUSHAR CHAHAR,confident,25924,31324,27761.0,7:42:44,Tashar Chahar,100.0
1896,RAKSHITA SHARMA,confident,25917,31317,29493.0,8:11:36,Rakshittita Sharma,100.0
1897,SAMMAN SAHA,possible,25920,31320,27332.0,7:35:35,Sarthag Sambhav,90.0
1898,GAURAV GARG,possible,25920,31320,28840.0,8:00:43,Argya Chakravati,74.0
1899,AASHI PATERIA,confident,25917,31317,28645.0,7:57:28,Ashi Paderia,98.0
1900,NIVEDITA VIJAY WAGHMARE,possible,25920,31320,28527.0,7:55:30,Vijay Vinod Mani,89.0
1901,JOSHI VANSHIKA VIVEK,possible,25920,31320,28385.0,7:53:08,Vivek Shahi,89.0
1902,GAURANG KAPIL,possible,25920,31320,29472.0,8:11:15,Karan Khatri,81.0
1903,PRIYANSH RATHORE,possible,25920,31320,26036.0,7:13:59,Priyansus Singh Thomas,79.0
1904,DIVYA MATHUR,confident,25917,31317,28858.0,8:01:01,Divya Mathur,100.0
1905,MAKKA SOHAIL ABBAS,confident,25924,31324,27868.0,7:44:31,Makka Sohil Abbas,100.0
1906,BANDI JAYA SREE,possible,25920,31320,29869.0,8:17:52,pandi jas,82.0
1907,PIYUSH KATIAL,confident,25924,31324,27498.0,7:38:21,Piyush Kakyal,96.0
1908,SYED MOHAMMAD SHAHID ALI,possible,25920,31320,30218.0,8:23:41,Mohammad Amidh Hussain,92.0
1909,AMAN KUMAR SINGH,possible,25920,31320,28917.0,8:02:00,Aman Deep Singh,100.0
1910,SINGH HARSH,possible,25920,31320,26066.0,7:14:29,Hardik Mithilesh Kumar Singh,94.0
1911,MISHRA DIVYANSH PRADEEP,possible,25920,31320,27398.0,7:36:41,Hemanshu Mishra,83.0
1912,MAHEEP GHANSHANI,possible,25920,31320,26948.0,7:29:11,Ma Karya Niddhas Chandraipai,75.0
1913,PRANJALI TRIPATHI,confident,25917,31317,28875.0,8:01:18,Ranjali Tripathi,100.0
1914,ABHAY PRATAP SINGH,possible,25920,31320,29746.0,8:15:49,Anubha Kumar Singh,97.0
1915,ABHIRUCHI SWAMI,possible,25920,31320,29413.0,8:10:16,Abhi Rami Suresh,84.0
1916,AYUSH MONGA,possible,25920,31320,28026.0,7:47:09,Manav Naresh Patil,73.0
1917,KUSHAGRA CHAUDHARY,possible,25924,31324,27761.0,7:42:44,Tashar Chahar,85.0
1918,MAYANK KUNIYAL,possible,25920,31320,26886.0,7:28:09,Kundan Mandal,76.0
1919,DHRUV KUMAR,possible,25920,31320,28815.0,8:00:18,Aditya Kumar Sahu,87.0
1920,VEDANT SHARMA,possible,25920,31320,27151.0,7:32:34,Man Sharma,83.0
1921,MANSI GUPTA,confident,25920,31320,29500.0,8:11:43,Mansi Gutta,100.0
1922,MANAS BHATT,confident,25924,31324,27390.0,7:36:33,Manas Bhatt,100.0
1923,KHUSHI KUMARI,confident,25917,31317,29107.0,8:05:10,Kushi Kumari,100.0
1924,ATHARVA DNYANESHWAR SHASTRAKAR,confident,25917,31317,29820.0,8:17:03,Atharva Shastrakar,100.0
1925,SOMIL TUWANI,possible,25920,31320,29342.0,8:09:05,Sania Shoria,72.0
1926,UTKARSH PATEL,possible,25920,31320,28026.0,7:47:09,Manav Naresh Patil,88.0
1927,PRANAV CHATURVEDI,confident,25920,31320,30154.0,8:22:37,Pranav Chaturvedi,100.0
1928,RIYA DADLANI,possible,25920,31320,27022.0,7:30:25,Ria Walsan,84.0
1929,PRAGY JHA,possible,25920,31320,26359.0,7:19:22,Pran Shia,79.0
1930,V A AASWIN,possible,25920,31320,29204.0,8:06:47,Ashwin Abedasan,77.0
1931,TANISHKA SOLANKI,possible,25920,31320,29530.0,8:12:13,Anika Kotana,76.0
1932,NAVEEN PARMAR,possible,25920,31320,29246.0,8:07:29,Darshan Praveen Bocher,75.0
1933,YASH VISHAL RAJKOTIA,confident,25924,31324,27516.0,7:38:39,Yash Vishal Rajkotiya,100.0
1934,ANUSHKA BAJPAI,confident,25924,31324,28371.0,7:52:54,Anushka Bajpay,100.0
1935,AYUSHMAAN TIWARI,confident,25924,31324,27488.0,7:38:11,Ayushman Tavari,94.0
1936,SANJANA LANKA,confident,25917,31317,28866.0,8:01:09,Sanjana Lanka,100.0
1937,AMAN,possible,26141,31541,28219.0,7:50:22,Aman Kumar Raai,85.0
1938,TIWARI ABHISHEK ARVIND,possible,26141,31541,27572.0,7:39:35,Abhas Badoria,79.0
1939,VEDIKA VIVEK GANGIL,confident,25830,31230,31356.0,8:42:39,Vedika Vive Gangil,100.0
1940,AMAN KUMAR RAI,confident,26141,31541,28219.0,7:50:22,Aman Kumar Raai,100.0
1941,HASEEB ZAKI,possible,26141,31541,26664.0,7:24:27,coordinators please have the students to take their seats,73.0
1942,ARUSH SINGH,possible,26141,31541,30421.0,8:27:04,Anushta Singh,96.0
1943,VIVEK CHOUHAN,confident,26453,31853,27923.0,7:45:26,Vivek Chohan,100.0
1944,SAKHARE ASMITA MANISH,possible,26141,31541,28692.0,7:58:15,Asmita Sarkar,99.0
1945,KRISHNA CHANDRA,confident,26141,31541,27409.0,7:36:52,Krishna Chandra,100.0
1946,ANANYA MISHRA,confident,26453,31853,28268.0,7:51:11,Ananya Mishra,100.0
1947,HIMANSHU MISHRA,confident,26453,31853,27398.0,7:36:41,Hemanshu Mishra,100.0
1948,AMAN DEEP SINGH,confident,26141,31541,28917.0,8:02:00,Aman Deep Singh,100.0
1949,ABHIGYAN SINGH,confident,26141,31541,27384.0,7:36:27,Aryan Singh,94.0
1950,ARNISH BARUAH,possible,26141,31541,28211.0,7:50:14,Risha Barua,94.0
1951,ASMITA AGARWAL,confident,26453,31853,28321.0,7:52:04,Asmita Agarwal,100.0
1952,ARCHITA DEY,possible,26141,31541,29940.0,8:19:03,Sakriti Dev,77.0
1953,DHEERAJ KUMAR,possible,26141,31541,28470.0,7:54:33,Deepak Kumar,94.0
1954,AYUSH VISHWAKARMA,possible,26141,31541,27516.0,7:38:39,Yash Vishal Rajkotiya,90.0
1955,ANUBHAV KUMAR SINGH,confident,25830,31230,29746.0,8:15:49,Anubha Kumar Singh,100.0
1956,AMAN KUMAR,confident,26141,31541,28219.0,7:50:22,Aman Kumar Raai,100.0
1957,SUMIT KUMAR,confident,26141,31541,27345.0,7:35:48,Sumit Kumar,100.0
1958,TANISHA GUPTA,confident,26141,31541,28445.0,7:54:08,Tanisha Gupta,100.0
1959,ISHITA MISHRA,confident,25830,31230,29577.0,8:13:00,Ishita Mishra,100.0
1960,NIRMAL ANAND,possible,25830,31230,29722.0,8:15:25,Anand Bunal,90.0
1961,NIHALIKA KUMARI,confident,26141,31541,30569.0,8:29:32,Nihalik Kumari,99.0
1962,VASTANI AASTHA ATUL,possible,26141,31541,29386.0,8:09:49,Astha Mastani,93.0
1963,JYOTI KUMARI,confident,26141,31541,30815.0,8:33:38,Joti Kumari,97.0
1964,KUMAR VANSHAJ,confident,26141,31541,28109.0,7:48:32,Kumar Vashnav,99.0
1965,VISHNU PRATAP CHOPRA,confident,26141,31541,31375.0,8:42:58,Vishnu Prattab Chopra,100.0
1966,KHUSHI SHIVHARE,confident,25830,31230,30167.0,8:22:50,Kushi Shivhare,100.0
1967,AADESH KUMAR,possible,26141,31541,26381.0,7:19:44,Adash Kumar Bharma,100.0
1968,DIVYAM SHARMA,possible,26141,31541,27562.0,7:39:25,Shivaj Sharma,88.0
1969,SHREESH DWIVEDI,possible,26141,31541,27303.0,7:35:06,Shish Dvd,74.0
1970,MARUT PRISHAT,confident,26141,31541,28894.0,8:01:37,Maruth Prishan,100.0
1971,VIJAY VINOD MANE,confident,26453,31853,28527.0,7:55:30,Vijay Vinod Mani,100.0
1972,SHASHANK ANAND,confident,26453,31853,28079.0,7:48:02,Shashank Anand,100.0
1973,THAKARE AYUSH DEEPAK,confident,26141,31541,31168.0,8:39:31,Tak Aush Deepak,97.0
1974,MAYANK RAJ SINGH,possible,26141,31541,30910.0,8:35:13,Mayang Singh,97.0
1975,ASWATI RAJEEV NAIR,confident,25830,31230,29150.0,8:05:53,Ashwati Rajiv Nayar,97.0
1976,JAYESH DUBEY,possible,26141,31541,31228.0,8:40:31,Jes Dubet,88.0
1977,DISHA JADHAV,possible,26141,31541,27797.0,7:43:20,Tisha Chandwani,79.0
1978,ANKUSH SIL,confident,26141,31541,30937.0,8:35:40,Ankush silva,95.0
1979,RAJNISH KUMAR SINGH,confident,26141,31541,30266.0,8:24:29,Rajnis Kumar Singh,99.0
1980,AKSHAT BARVE,possible,26141,31541,29454.0,8:10:57,Akshit Bharma,83.0
1981,RADHIN LAXMAN PRAVEEN,confident,26453,31853,27887.0,7:44:50,Rudhin Luxman Praveen,100.0
1982,SUNAY NAGPURE,confident,25830,31230,29211.0,8:06:54,Sun Nagpur,99.0
1983,AAFIYA CHOUDHARY,possible,26141,31541,28357.0,7:52:40,Afiya Chaudhry,93.0
1984,NAMAN JAIN,possible,26045,31445,26706.0,7:25:09,Ananya Jaina,90.0
1985,PRAKHAR JAISWAL,confident,26045,31445,31243.0,8:40:46,Prahar Jasal,95.0
1986,RISHAV RAJ,possible,26045,31445,28736.0,7:58:59,Shubham Raj Sharma,88.0
1987,MEHUL SINGH,confident,25995,31395,29898.0,8:18:21,Mehul Singh,100.0
1988,ARGHYA CHAKRABARTY,confident,25995,31395,28840.0,8:00:43,Argya Chakravati,98.0
1989,ANANYA SINGH,confident,25995,31395,31266.0,8:41:09,Ananya Singh,100.0
1990,SUPRAGYA SAINI,possible,26045,31445,29036.0,8:03:59,Amriita Surana,77.0
1991,SUBHADEEP HALDAR,confident,26045,31445,28479.0,7:54:42,Shuhodep Halar,92.0
1992,AMIT GUNJAN JHA,confident,25995,31395,29424.0,8:10:27,Amit Gunjan Jha,100.0
1993,MOHAN CHATURVEDI,confident,26095,31495,28510.0,7:55:13,Mohan Chaturvedi,100.0
1994,NAMAN MUKESH,confident,26045,31445,29584.0,8:13:07,Naman Mukesh,100.0
1995,YASH JAIN,possible,26045,31445,29358.0,8:09:21,Adash Jain,89.0
1996,CHINMAYA.M,possible,26045,31445,30873.0,8:34:36,Chin Hope,72.0
1997,RAJAN KUMAR SINGH,confident,26045,31445,31393.0,8:43:16,Rajan Kumar Singh,100.0
1998,DEEPAK KUMAR,confident,26095,31495,28470.0,7:54:33,Deepak Kumar,100.0
1999,ASMITA SARKAR,confident,26095,31495,28692.0,7:58:15,Asmita Sarkar,100.0
2000,AYUSHI GUPTA,confident,26095,31495,28277.0,7:51:20,Ayushi Gupta,100.0
2001,ASHWIN ABEY DASAN,confident,25995,31395,29204.0,8:06:47,Ashwin Abedasan,95.0
2002,HIMANSHI WADHWANI,possible,26045,31445,27101.0,7:31:44,Marini Madan Moan Naidu,76.0
2003,FARAZ AHMAD KHAN,confident,25995,31395,29228.0,8:07:11,Faraz Ahmad Khan,100.0
2004,ANKITA SINGH,possible,26045,31445,28927.0,8:02:10,Aditya Raj Singh,95.0
2005,SOURABH KUMRAWAT,possible,26045,31445,29746.0,8:15:49,Anubha Kumar Singh,81.0
2006,SAMEEP SINGH,confident,25995,31395,30549.0,8:29:12,Sam Singh,99.0
2007,PUJARI HARSHAL VIVEKANAND,possible,26045,31445,31058.0,8:37:41,Harsh Jan,80.0
2008,PRIYANSHU SINGH TOMAR,possible,26045,31445,28195.0,7:49:58,Aryan Singh Omrakash,92.0
2009,TANISHK CHAUHAN,confident,26095,31495,26330.0,7:18:53,Tanish Chauhan,100.0
2010,HARJAS PARTAP SINGH ROMANA,possible,26045,31445,30983.0,8:36:26,part singh raat,97.0
2011,LOUIS JOSEPH KAVALAM,confident,25995,31395,29189.0,8:06:32,Le Joseph Kavalam,100.0
2012,KESHAV SHREE,possible,26045,31445,30742.0,8:32:25,Shree Khan Patnaayar,89.0
2013,AHIRE VAISHNAV PRAMOD,possible,26045,31445,27580.0,7:39:43,Vaishnavi Tyre,86.0
2014,VIBHUSHIT BHATT,possible,26045,31445,31375.0,8:42:58,Vishnu Prattab Chopra,73.0
2015,SUHANI SINHA,confident,25995,31395,30190.0,8:23:13,Suhanish Sinha,100.0
2016,ABHINAV GUPTA,confident,25995,31395,29560.0,8:12:43,Abinav Gupta,100.0
2017,SHASHANK KUMAR SINGH,possible,26045,31445,30430.0,8:27:13,Ashish Kumar,93.0
2018,KIRTAN KEDAR AGRAWAL,confident,25995,31395,29967.0,8:19:30,Kiran Agraal,100.0
2019,HARSH SAXENA,confident,26095,31495,28286.0,7:51:29,Harsh Saxena,100.0
2020,GAUTAM SINGH KAUSHIK,confident,25995,31395,29440.0,8:10:43,Gautam Singh Koshik,100.0
2021,ARYAN GUPTA,confident,26045,31445,27271.0,7:34:34,Aryan Gupta,100.0
2022,ARCHIT PRASAD,confident,26045,31445,30825.0,8:33:48,Archet Prasad,97.0
2023,AKSHAT RAJ,possible,26095,31495,29150.0,8:05:53,Ashwati Rajiv Nayar,94.0
2024,VAISHNAVI SINGH PARIHAR,possible,26045,31445,30983.0,8:36:26,part singh raat,90.0
2025,YASH VAISHNAV,possible,26045,31445,27516.0,7:38:39,Yash Vishal Rajkotiya,86.0
2026,SHRESTH DHAMA,possible,26045,31445,26221.0,7:17:04,Shreya Sharma,88.0
2027,KAVERI SINGH,possible,26045,31445,27545.0,7:39:08,Kartikesh Singh,94.0
2028,MAYANK MISHRA,possible,26045,31445,28268.0,7:51:11,Ananya Mishra,90.0
2029,UMANG SHARMA,confident,26095,31495,27284.0,7:34:47,Umang Sharma,100.0
2030,ANSH TRIPATHI,possible,26045,31445,28653.0,7:57:36,Aishwarya Tripathi,90.0
2031,BABAR OMKAR BADRINATH,confident,26095,31495,26449.0,7:20:52,Babar Addi Badrinath,100.0
2032,ANIMESH KUMAR,confident,26045,31445,30896.0,8:34:59,Animesh Kumar,100.0
2033,RISHIT MISHRA,confident,26095,31495,27651.0,7:40:54,Rishit Mishra,100.0
2034,HARDIK MISHRA,confident,26045,31445,30479.0,8:28:02,Hardik Mishra up,100.0
2035,SPANDAN RAJ,confident,26045,31445,27712.0,7:41:55,Pandan Raj,98.0
2036,SARTHAK SAMBHAV,confident,26095,31495,27332.0,7:35:35,Sarthag Sambhav,100.0
2037,PANDEY KHUSHI RAMESH,confident,26095,31495,26213.0,7:16:56,Kushi Ramesh Pandey,100.0
2038,SAKSHAM GUPTA,confident,26045,31445,30622.0,8:30:25,Saksham Gupta,100.0
2039,SHIVAM KUMAR SINGH,possible,26045,31445,30294.0,8:24:57,Shubam Singh,91.0
2040,YADUBIR JHA,none,26045,31445,,,,
2041,VANSHPREET KAUR KHANUJA,confident,26045,31445,28810.0,8:00:13,Vansprith Kaur Khannuja,99.0
2042,ALOK KUMAR MISHRA,confident,26045,31445,30964.0,8:36:07,Alo Kumar Mishra,97.0
2043,GOURANG AGARWAL,possible,26045,31445,29960.0,8:19:23,Kirdan Agrawal,85.0
2044,FABIO SEBASTIAN,confident,26045,31445,29699.0,8:15:02,Fabio Sebastian,100.0
2045,SHAUNAK SHUKLA,confident,26045,31445,28736.0,7:58:59,Shubham Raj Sharma,87.0
2046,ARNAV SINHA,confident,26095,31495,27929.0,7:45:32,Arnaf Sinha,100.0
2047,JYOTIRADITYA SINGH,possible,26045,31445,26119.0,7:15:22,Yura Singh,83.0
2048,JEREMY ZAC JACOB,confident,26095,31495,27697.0,7:41:40,Jeremy Zach Jacob,100.0
2049,AMIT GUPTA,confident,26095,31495,28311.0,7:51:54,Amit Gupta,100.0
2050,ARFAM AIJAZ,confident,26045,31445,28049.0,7:47:32,Arfaam Azaz,94.0
2051,PRIYANSHU PATEL,possible,26045,31445,26715.0,7:25:18,Pina Pee Priya,85.0
2052,MOHAMMAD ASIF RAZA,possible,26045,31445,28018.0,7:47:01,Mohammad Faz,91.0
2053,HARDIK OBEROI,possible,26045,31445,28793.0,7:59:56,Shri Gori Pande,75.0
2054,TANISHQ MIGLANI,possible,26045,31445,31347.0,8:42:30,Amita Manish Sakre,76.0
2055,KARANAM CHARAN TEJA,possible,26045,31445,27362.0,7:36:05,Ara Katlana,89.0
2056,BHAVYA N JAIN,possible,26045,31445,27419.0,7:37:02,Bavera Jan,92.0
2057,ADITYA KRISH,confident,25995,31395,31034.0,8:37:17,Aditya Krish,100.0
2058,NAVIKA MEHROTRA,possible,26045,31445,29530.0,8:12:13,Anika Kothara,81.0
2059,KAUSHIKA,possible,26045,31445,30167.0,8:22:50,Kushi Shivhare,76.0
2060,SHIKHAR GUPTA,possible,26045,31445,28437.0,7:54:00,Shubham Gupta,94.0
2061,HARSH CHATURVEDI,possible,26045,31445,26249.0,7:17:32,Harsh,80.0
2062,KISLAY TIWARI,possible,26045,31445,29464.0,8:11:07,Kishle Devari,76.0
2063,SRI GAURI PANDEY,confident,25995,31395,28792.0,7:59:55,Sri Gauri Pandey,100.0
2064,MOHD AMEEN HUSAIN,confident,26045,31445,30218.0,8:23:41,Mohammad Amidh Hussain,93.0
2065,VIVEK SHAHI,confident,26095,31495,28385.0,7:53:08,Vivek Shahi,100.0
2066,MANINI CHHABRA,possible,25995,31395,30394.0,8:26:37,Manthib Singh Chabra,94.0
2067,ANJALI KUMARI,possible,26045,31445,28884.0,8:01:27,Shweta Anil Kumar Nayar,88.0
2068,RUHANI MAHESHWARI,confident,25995,31395,28797.0,8:00:00,Ruhani Maheshwari,100.0
2069,AKSHADHA RATHORE,possible,26045,31445,27915.0,7:45:18,Akshant Rastogi,87.0
2070,ANUJ RAGHUWANSHI,possible,26045,31445,26140.0,7:15:43,Anul Madan,80.0
2071,SHIVANSH SHARMA,confident,26095,31495,27563.0,7:39:26,Shivanch Sharma,100.0
2072,SAMRIDDHI AGRAWAL,confident,25995,31395,29950.0,8:19:13,Samriti Agrawal,100.0
2073,SARAH JOBY DAVID,confident,26045,31445,29990.0,8:19:53,Sara Joby David,100.0
2074,NAREDDI SARATH CHANDRANARAYANA RAO,confident,26095,31495,27663.0,7:41:06,Nari Sarah Chandra Narayana Rao,100.0
2075,MAIND ATHARVA NITIN,confident,26095,31495,28233.0,7:50:36,Mand Athars Nithin,100.0
2076,ANSU M GEORGE,possible,26045,31445,28948.0,8:02:31,Arjun Anup Nay here,81.0
2077,ARYAMAN SARANGI,possible,26045,31445,27663.0,7:41:06,Nari Sarah Chandra Narayana Rao,89.0
2078,VATS PRATAP SINGH,possible,26045,31445,30983.0,8:36:26,part singh raat,91.0
2079,SACHIN KUMAR,possible,26045,31445,28815.0,8:00:18,Aditya Kumar Sahu,95.0
2080,JIYAA TIWARI,confident,26045,31445,28573.0,7:56:16,Jiya Tiwari,98.0
2081,ARCHANA PRASAD NAIR,confident,26045,31445,29976.0,8:19:39,Archa Prashad Nayer,96.0
2082,KOLLA HARISH,possible,26045,31445,30805.0,8:33:28,Colola Harish,91.0
2083,KRISHNA AGRAWAL,possible,26045,31445,29960.0,8:19:23,Kirdan Agrawal,92.0
2084,JUAN JOE EDATTUKARAN,possible,26045,31445,26847.0,7:27:30,Tamaku Jan,78.0
2085,SHARDUL RANA,confident,26095,31495,28496.0,7:54:59,Shardul Rana,100.0
2086,SHOBHIT KUMAR CHAUDHARY,possible,26045,31445,27826.0,7:43:49,Somit Kumar,91.0
2087,KOLLI JYOTHI SWARUPH,confident,26045,31445,27937.0,7:45:40,Koli Jyoti Swaru,100.0
2088,NITISHA GAURH,possible,26045,31445,26330.0,7:18:53,Tanish Chauhan,73.0
2089,RIYA SINGH,possible,26045,31445,27535.0,7:38:58,Ria Singh,97.0
2090,SWAYAM VINOD,possible,26045,31445,29126.0,8:05:29,Vismaya Vinod Nayam,91.0
2091,SAURAV KANTH,possible,26045,31445,28226.0,7:50:29,Saurav Kunt,90.0
2092,RAHUL KUMAR JHA,possible,26095,31495,29776.0,8:16:19,Rahul Kumar Jha,100.0
2093,SAANVI ANAND,confident,25995,31395,28906.0,8:01:49,Sanvi Anand,100.0
2094,WAGH YASH ATMARAM,confident,26045,31445,27945.0,7:45:48,Wak Yash Adwaram,96.0
2095,PRAKHAR SAXENA,confident,25995,31395,29219.0,8:07:02,Prahard Saka,92.0
2096,SARVESH KUMAR,confident,25995,31395,29566.0,8:12:49,Sarveesh Kumar,100.0
2097,RITI SINHA,possible,26045,31445,29028.0,8:03:51,Rakshittita Kriti Singh,97.0
2098,SOUROJEET GANGULY,none,26045,31445,,,,
2099,ALAN K BIJU,possible,26045,31445,27101.0,7:31:44,Marini Madan Moan Naidu,71.0
2100,RAJAT BANSAL,confident,25995,31395,30890.0,8:34:53,Rajat Bansan,100.0
2101,ADARSH JAIN,confident,26045,31445,29358.0,8:09:21,Adash Jain,98.0
2102,AARAV KATLANA,confident,26095,31495,27361.0,7:36:04,Arav Katlana,99.0
2103,BHAVYARAJ JAIN,possible,26045,31445,27419.0,7:37:02,Bavera Jan,90.0
2104,ANANT BANSAL,confident,25995,31395,29722.0,8:15:25,Anand Bansal,100.0
2105,SHREYA KUMARI,confident,26095,31495,28486.0,7:54:49,Shreya Kumari,100.0
2106,GUPTA ARYAN ARUNKUMAR,possible,26045,31445,31160.0,8:39:23,Gupta Arian Arun Kumar,94.0
2107,UTKARSH DEEP SRIVASTAVA,possible,26045,31445,28470.0,7:54:33,Deepak Kumar,87.0
2108,AMRITA PALIYA,possible,26045,31445,28096.0,7:48:19,Adita Rajiv Patel,85.0
2109,ABHIRAMI SURESH,confident,25995,31395,29406.0,8:10:09,Abhirami Suresh,100.0
2110,VANSHIKA AWASTHI,possible,26045,31445,27481.0,7:38:04,Rishika Ret Shawasti,84.0
2111,MANSI PATWARDHAN,confident,25995,31395,29352.0,8:09:15,Mansi Patvardhan,100.0
2112,KANAN SHUKLA,possible,26045,31445,28270.0,7:51:13,Ana Mishra,82.0
2113,ABHINAV KUMAR,confident,26095,31495,27375.0,7:36:18,Abhinav Kumar,100.0
2114,KRISHNA RAMKUMAR SAHU,confident,25321,30721,26838.0,7:27:21,Krishna Ram Kumar Sahu,100.0
2115,MARMI CHETAN JOSHI,confident,25321,30721,28340.0,7:52:23,Marmi Chetan Joshi,100.0
2116,ANSHUMAN SINGH,possible,25321,30721,28783.0,7:59:46,Ayushman Kumar Singh,99.0
2117,VIRAG JAIN,confident,25136,30536,29878.0,8:18:01,Virat Jan,98.0
2118,SATVIK SAXENA,possible,25321,30721,26624.0,7:23:47,Aperna Sajiv,83.0
2119,PIYUSH PAL,possible,25321,30721,26015.0,7:13:38,Ich will bis zum nächsten Mal,72.0
2120,MEHUL KUMAR,confident,25506,30906,27833.0,7:43:56,Mehul Kumar,100.0
2121,JAYASHREE SHARMA,possible,25321,30721,26381.0,7:19:44,Adash Kumar Bharma,82.0
2122,KARTIKESH SINGH,confident,25506,30906,27545.0,7:39:08,Kartikesh Singh,100.0
2123,ANUSHREE KAUSHIK,possible,25321,30721,30166.0,8:22:49,Kushi Shivare,85.0
2124,HIMANSU SEKHAR BEHURA,possible,25321,30721,26795.0,7:26:38,This is not a time to be impatient,82.0
2125,DIYA SHARMA,possible,25321,30721,27000.0,7:30:03,Via Sharma,86.0
2126,DEBARPITA DUTTA,possible,25321,30721,28663.0,7:57:46,Aditya Dashputra,78.0
2127,AYUSH KAKKAR,possible,25321,30721,28168.0,7:49:31,Ayush Kumar,92.0
2128,RISHABH BARUAH,confident,25136,30536,28211.0,7:50:14,Risha Barua,100.0
2129,NIRMALNATH.K.C,possible,26127,31527,26636.0,7:23:59,niran haripasha,76.0
2130,AADITYA ARORA,possible,26127,31527,26316.0,7:18:39,Watsal Arora,87.0
2131,AISHWARY SINGH BAGHEL,confident,26218,31618,28243.0,7:50:46,Ashwarya Singh Baghel,100.0
2132,AMISHA GUPTA,confident,26056,31456,29084.0,8:04:47,Amisha Gupta,100.0
2133,SHREY PANDEY,confident,26127,31527,28295.0,7:51:38,Shre Pande,100.0
2134,CHINMAY GOKHALE,possible,26127,31527,27925.0,7:45:28,Vive Ch Johan,74.0
2135,CHELSI PATEL,confident,26056,31456,29985.0,8:19:48,Chelsea Patel,100.0
2136,YUVARAJ JAIN,possible,26127,31527,27247.0,7:34:10,Abhishe Kumar Ja,82.0
2137,MRIDUL KRISHAN CHAWLA,possible,26056,31456,27409.0,7:36:52,Krishna Chandra,95.0
2138,DISHA CHAKRABORTY,confident,26056,31456,29007.0,8:03:30,Disha Chakraarti,100.0
2139,SIDDHANT SHASHIKANT MAHAJAN,confident,26056,31456,30438.0,8:27:21,Sadhan Mahajan,97.0
2140,NAVEEN KRISHNA K,confident,26147,31547,28824.0,8:00:27,Naveen Krishna,100.0
2141,VERMA AMANKUMAR ANIL,possible,26127,31527,29614.0,8:13:37,Anjila Varma,95.0
2142,ARPIT GOYAL,confident,26127,31527,30528.0,8:28:51,Arpit Goyal,100.0
2143,SHATESH SONI,possible,26127,31527,29342.0,8:09:05,Sonia Shya,87.0
2144,PUNYATA GUPTA,confident,26056,31456,29510.0,8:11:53,Puna Gupta,100.0
2145,HARDIK NAGPAL,confident,26127,31527,31463.0,8:44:26,Hardik Nagpal,100.0
2146,BODDETI GUNA VARDHAN KUMAR,possible,26127,31527,28109.0,7:48:32,Kumar Vashnav,95.0
2147,DHRUV SAINI,possible,26127,31527,26976.0,7:29:39,Shallini,71.0
2148,SANJAY JITHESH MADATHIL POYIL,confident,26056,31456,31867.0,8:51:10,Sanjay Jiish,93.0
2149,SHASHANK ASTHANA,confident,26218,31618,28188.0,7:49:51,Shashank Asthana,100.0
2150,ADARSH KUMAR VERMA,confident,26218,31618,26380.0,7:19:43,Adarish Kumar Verma,100.0
2151,SPARSH TIWARI,possible,26127,31527,26664.0,7:24:27,coordinators please have the students to take their seats,78.0
2152,ADITYA ROUTH,possible,26127,31527,30010.0,8:20:13,Aditya Rao,84.0
2153,AKSHAT RASTOGI,confident,26218,31618,27915.0,7:45:18,Akshant Rastogi,100.0
2154,SHREYA TRIPATHI,possible,26127,31527,27975.0,7:46:18,Prattin Sharma,84.0
2155,JERIN JISS GEORGE,possible,26127,31527,26655.0,7:24:18,go smoothly this is your day of,87.0
2156,AMITESH MISHRA,confident,26127,31527,30606.0,8:30:09,Amitesh Mishra,100.0
2157,SWATI SUCHARITA SAMANTARAY,confident,26218,31618,26949.0,7:29:12,Swati suchita samra,100.0
2158,ARIN BALYAN,confident,26127,31527,31429.0,8:43:52,Arin Balyan,100.0
2159,NAMIT RUSTAGI,possible,26127,31527,28252.0,7:50:55,Samriti Kustagir,88.0
2160,SHREYANSH JAIN,confident,26127,31527,26341.0,7:19:04,Shreas Jen,89.0
2161,TANAY SEMWAL,possible,26127,31527,31485.0,8:44:48,Tan Simbal,85.0
2162,PARTH MITTAL,possible,26056,31456,29659.0,8:14:22,as it's a partial,88.0
2163,NIMISH RAO,possible,26127,31527,26986.0,7:29:49,Anmeisha Rathor,81.0
2164,ADITH JOSE,possible,26127,31527,28349.0,7:52:32,Ryan Santosh Joseph,85.0
2165,RAHUL GEHLOT,possible,26127,31527,29840.0,8:17:23,Rahul Teotia,83.0
2166,RIYA HARESH RAUL GAONKAR,confident,26218,31618,28402.0,7:53:25,Ria Raul Galka,100.0
2167,ASHWIN J R,possible,26127,31527,29204.0,8:06:47,Ashwin Abedasan,85.0
2168,NISCHAL GUPTA,possible,26127,31527,28445.0,7:54:08,Tanisha Gupta,95.0
2169,AKSHIT VERMA,possible,26127,31527,29450.0,8:10:53,Akshet Varma,91.0
2170,MIHIR NAIK,confident,26127,31527,28545.0,7:55:48,Mahin Nain,87.0
2171,SHREYA ASTHANA,confident,26218,31618,28427.0,7:53:50,Shreya Asthana,100.0
2172,ADITYA SAJJAN,confident,26218,31618,28452.0,7:54:15,Aditya Sajjan,100.0
2173,SUNNAM MEHTA,confident,26218,31618,27619.0,7:40:22,Sunam Mehta,100.0
2174,PRABHATI BHATT,possible,26127,31527,31312.0,8:41:55,Pratam Bhakna,86.0
2175,ABHISHEK CHOUDHARY,possible,26127,31527,27248.0,7:34:11,Abhishek Kumar Ja,87.0
2176,KRUNAL RAKESHBHAI MODI,possible,26127,31527,27145.0,7:32:28,Mohit Kumar Sa,78.0
2177,GURNOOR SINGH JABBARA,possible,26127,31527,28243.0,7:50:46,Ashwarya Singh Baghel,90.0
2178,SUHANI AJAY THAKUR,possible,26127,31527,26697.0,7:25:00,Shanika Thage,88.0
2179,YASHASHVI SRIVASTAVA,possible,26127,31527,29150.0,8:05:53,Ashwati Rajiv Nayar,75.0
2180,HARSH SINGH PARIHAR,possible,26056,31456,29332.0,8:08:55,Aishwarya Singh,93.0
2181,SHUBH GUPTA,possible,26218,31618,28437.0,7:54:00,Shubham Gupta,100.0
2182,MAHI JINDAL,confident,26056,31456,30570.0,8:29:33,Mahi Jindal,100.0
2183,AVISHKA SRIVASTAVA,possible,26127,31527,28702.0,7:58:25,Akshed Srivasta,80.0
2184,PATURU DEV CHARAN SAI,possible,26127,31527,29940.0,8:19:03,Sakriti Dev,92.0
2185,ISHANT MISHRA,possible,26127,31527,27651.0,7:40:54,Rishit Mishra,94.0
2186,NITIN CHATURVEDI,confident,26056,31456,31817.0,8:50:20,Nithin Chaturvedi,100.0
2187,ANIKA KOTHANA,confident,26056,31456,29530.0,8:12:13,Anika Kotana,100.0
2188,ARYAN ABHIJIT DESHPANDE,possible,26127,31527,31068.0,8:37:51,Muhammad Ayan Khan,82.0
2189,ABINASHA DASH,confident,26218,31618,28184.0,7:49:47,Abinasha Dash,100.0
2190,SAMRAGEE CHOPRA,confident,26218,31618,28393.0,7:53:16,Samragi Chopra,100.0
2191,AYUSH KUMAR,confident,26127,31527,28168.0,7:49:31,Ayush Kumar,100.0
2192,PRIYANSHI DADHICH,possible,26127,31527,31006.0,8:36:49,Dear pita da,75.0
2193,MAJID SAMEER VALIYAT,possible,26127,31527,27859.0,7:44:22,Shama Ma,78.0
2194,MOHAMMAD AYAN KHAN,confident,26127,31527,31068.0,8:37:51,Muhammad Ayan Khan,100.0
2195,APOORV YADAV,possible,26127,31527,26854.0,7:27:37,Appar Shiyadav,82.0
2196,KHUSHI PANDIT,confident,26218,31618,28579.0,7:56:22,Kushi Pandit,100.0
2197,BHAVYA JAIN,confident,26127,31527,27419.0,7:37:02,Bavera Jan,92.0
2198,SREEKANT PATNAIK,possible,26127,31527,30742.0,8:32:25,Shree Khan Patnaayar,82.0
2199,VANSH KHATTAR,possible,26127,31527,27390.0,7:36:33,Manas Bhatt,81.0
2200,AVIRADITYA SINGH,possible,26056,31456,29936.0,8:18:59,Aditya Singh,94.0
2201,SHREENITA SAHA,possible,26127,31527,26221.0,7:17:04,Shreya Sharma,90.0
2202,ADITI SINHAROY,possible,26127,31527,29937.0,8:19:00,Aditi Singh,97.0
2203,VIPUL GUPTA,possible,26056,31456,27964.0,7:46:07,Gupta,80.0
2204,ANSARI SARFARAJ MDSAKIR,confident,26218,31618,28682.0,7:58:05,Sarfaraj Ansari,100.0
2205,GUNDLA YOGESWAR REDDY,possible,26127,31527,27284.0,7:34:47,Kunal Goyal,76.0
2206,SIDDHARTH MOHRIL,possible,26127,31527,26223.0,7:17:06,Shria Sharma,72.0
2207,PRIYA SAH,possible,26127,31527,28815.0,8:00:18,Aditya Kumar Sahu,87.0
2208,SAMBHAVI KANSAL,possible,26127,31527,30725.0,8:32:08,Shambhabi Kans,88.0
2209,VAIBHAV PAREKH,possible,26127,31527,28026.0,7:47:09,Manav Naresh Patil,73.0
2210,LALIT,none,26127,31527,,,,
2211,VISHAL MALWAL,confident,26218,31618,26163.0,7:16:06,Vishal Malwal,100.0
2212,ANUKUL TRIPATHI,possible,26127,31527,28875.0,8:01:18,Ranjali Tripathi,82.0
2213,PAUSHALI MONDAL,possible,26127,31527,29383.0,8:09:46,Palavi Moan,86.0
2214,SHRESTHA JAISWAL,possible,26127,31527,30646.0,8:30:49,Sreshtha Dazeshwal,84.0
2215,ISHA,possible,26127,31527,28562.0,7:56:05,Isha,80.0
2216,ARYAN VIMAL EJANTKAR,possible,26127,31527,30796.0,8:33:19,Arian Vimmel Eankar,91.0
2217,ALANKRIT SAXENA,possible,26127,31527,26874.0,7:27:57,Alanchid Shakkehna,83.0
2218,SNEHA AGARWAL,possible,26218,31618,28114.0,7:48:37,Shre Agrawal,85.0
2219,ADITYA KUMAR,possible,26127,31527,28815.0,8:00:18,Aditya Kumar Sahu,100.0
2220,KAMMARA BHASKAR CHARI,possible,26127,31527,27761.0,7:42:44,Tashar Chahar,88.0
2221,SAMRIDHI JAISWAL,confident,26056,31456,29055.0,8:04:18,Samriti Jaswal,99.0
2222,DEVANSHU JENA,confident,26218,31618,27456.0,7:37:39,Devanshu Jena,100.0
2223,UDAY KUKREJA,confident,26127,31527,28710.0,7:58:33,Pude Kukreja,88.0
2224,SHRUTI SINGH,possible,26056,31456,29028.0,8:03:51,Rakshittita Kriti Singh,90.0
2225,ROHAN SAHU,confident,26218,31618,28161.0,7:49:24,Rohan Sahu,100.0
2226,DHAYANIDHI.S,possible,26127,31527,26904.0,7:28:27,Nikil Dhand,71.0
2227,SHIV PRAKASH MANDHANI,possible,26056,31456,28177.0,7:49:40,Shitej Mandal,91.0
2228,NITIN KUMAR MISHRA,confident,26127,31527,31439.0,8:44:02,Nitan Kumar Mishra,95.0
2229,AYAN SINGH RATHORE,possible,26127,31527,28195.0,7:49:58,Aryan Singh Omrakash,100.0
2230,ASHRITA VINOD,confident,26056,31456,31887.0,8:51:30,Ashweta Vinod,98.0
2231,ADITYA,possible,26127,31527,31034.0,8:37:17,Aditya Krish,80.0
2232,ANUSHKA SINGH,confident,26127,31527,30420.0,8:27:03,Anushka Singh,100.0
2233,PRITAM AGRAWAL,confident,26218,31618,27807.0,7:43:30,Britam Agraal,98.0
2234,ASHES KUMAR NANDA,possible,26127,31527,30430.0,8:27:13,Ashish Kumar,99.0
2235,ADITYA KUMAR SAHOO,possible,26127,31527,28815.0,8:00:18,Aditya Kumar Sahu,97.0
2236,TANISHQ TREHAN,possible,26127,31527,26333.0,7:18:56,Tanish Chawan,87.0
2237,MUKHERJEE ANAND,confident,26056,31456,30092.0,8:21:35,Ananda Mukherjee,100.0
2238,TORAWANE PIYUSH SAYAJI,possible,26127,31527,27498.0,7:38:21,Piyush Kakyal,83.0
2239,SHUBHAM GUPTA,confident,26218,31618,28437.0,7:54:00,Shubham Gupta,100.0
2240,ARYAN MANDLIK,confident,26218,31618,28589.0,7:56:32,Aryan Mandlik,100.0
2241,AMREETA SURANA,confident,26056,31456,29036.0,8:03:59,Amriita Surana,98.0
2242,SAILLA RAGHURAJ,confident,26056,31456,30312.0,8:25:15,Raghuraj,85.0
2243,MANSA SAXENA,possible,26127,31527,30589.0,8:29:52,man sandal,86.0
2244,YUVRAJ SINGH,possible,26261,31661,28927.0,8:02:10,Aditya Raj Singh,88.0
2245,NEMADE DARPAN DEEPAK,confident,26250,31650,29539.0,8:12:22,Daran Neymar,94.0
2246,DEVENDRA SINGH,confident,26261,31661,28303.0,7:51:46,Devendra Singh,100.0
2247,SUJAL BUNIYA,possible,26255,31655,30971.0,8:36:14,Sojal buna,90.0
2248,PATEL VEDANT NILESHBHAI,confident,26255,31655,29924.0,8:18:47,Vitan Patel,92.0
2249,ARPIT SENGAR,possible,26255,31655,26750.0,7:25:53,Aritri Mangal,81.0
2250,YASH AGGARWAL,possible,26255,31655,28461.0,7:54:24,Akshed Agarwal,91.0
2251,HARSH DHANKHAR,confident,26255,31655,28597.0,7:56:40,Harsh Dhankar,100.0
2252,ANUSHKA RAJ,confident,26255,31655,31633.0,8:47:16,Anushka Raj,100.0
2253,SHASHANK PRADEEPKUMAR RAMAN,possible,26250,31650,28079.0,7:48:02,Shashank Anand,92.0
2254,HARSHIT JAIN,possible,26255,31655,31058.0,8:37:41,Harsh Jan,94.0
2255,PARV DAGA,possible,26255,31655,29247.0,8:07:30,Daran Pravin Coacher,88.0
2256,VEDANT WADEHRA,possible,26255,31655,30768.0,8:32:51,Athar Veda,80.0
2257,ARJUN ANOOP NAIR,confident,26261,31661,28947.0,8:02:30,Arjun Anoop Nayar,100.0
2258,MANAS PATHAK,confident,26261,31661,28553.0,7:55:56,Manas Patak,100.0
2259,VANSH SHARMA,possible,26255,31655,26283.0,7:18:06,Anshul Sharma,91.0
2260,ANMOL SHROTRIYA,possible,26255,31655,26284.0,7:18:07,Anul Sharma,84.0
2261,JESIN SAJI,possible,26255,31655,30108.0,8:21:51,Jansin Saji,88.0
2262,RASHI DUBEY,confident,26250,31650,29045.0,8:04:08,Rashi Dube,100.0
2263,WRISHITA PAUL,possible,26255,31655,28203.0,7:50:06,Risha Badua,80.0
2264,ANIRUDDHA SHIL,possible,26255,31655,28987.0,8:03:10,Andria Kash Ship,88.0
2265,SANSKAR VERMA,confident,26255,31655,28672.0,7:57:55,Sankar Verma,98.0
2266,KONDURU HEMANTH VARMA,confident,26255,31655,30378.0,8:26:21,Heman Twarma,93.0
2267,DEVANSH AGARWAL,possible,26255,31655,26293.0,7:18:16,Agarwal,80.0
2268,SRIRAJ PILLAI,possible,26255,31655,26715.0,7:25:18,Pina Pee Priya,80.0
2269,SANIDHYA SAHU,possible,26255,31655,28815.0,8:00:18,Aditya Kumar Sahu,93.0
2270,AKHAND PRATAP SINGH,possible,26255,31655,27970.0,7:46:13,Aman Kumar Singh,94.0
2271,MANDAL KSHITIJ KAILASH,confident,26255,31655,28177.0,7:49:40,Shitej Mandal,97.0
2272,SAURABH SARKAR,possible,26255,31655,27332.0,7:35:35,Sarthag Sambhav,81.0
2273,SANYA SHOURYA,possible,26255,31655,29342.0,8:09:05,Sania Shoria,90.0
2274,SURYANSH PARASHAR,possible,26255,31655,28554.0,7:55:57,Manas Parak,76.0
2275,ASHUTOSH KUMAR YADAV,possible,26255,31655,30430.0,8:27:13,Ashish Kumar,99.0
2276,B PRANAY GOUD,possible,26255,31655,26651.0,7:24:14,even can go smoothly,77.0
2277,STEVE SOJAN,possible,26255,31655,26644.0,7:24:07,I we will call you upon the stage when,71.0
2278,RAVNEET KAUR,confident,26255,31655,31448.0,8:44:11,Ravni Kaur,99.0
2279,MAULIC GOLA,possible,26255,31655,28402.0,7:53:25,Ria Raul Galka,78.0
2280,HARSHIT BIHANI,confident,26250,31650,29396.0,8:09:59,Harshad Bihani,99.0
2281,GARVIT GUPTA,possible,26255,31655,28311.0,7:51:54,Amit Gupta,92.0
2282,MEGHA SONAWAT,confident,26250,31650,28968.0,8:02:51,Mega Sonawat,100.0
2283,CHOUDHARY PRIYANSHU NILESH,confident,26255,31655,27907.0,7:45:10,Priyanshu Nilesh Chaudhry,100.0
2284,KUNCHE SREEMUKHI,none,26255,31655,,,,
2285,VANSH DUDEJA,possible,26255,31655,29045.0,8:04:08,Rashi Dube,82.0
2286,ADITI SHRIVASTAVA,possible,26255,31655,28703.0,7:58:26,Axit Shvastav,87.0
2287,DEVIKA T NAIR,confident,26255,31655,29177.0,8:06:20,Dika T Ner,88.0
2288,SAMRIDH RASTOGI,possible,26255,31655,28251.0,7:50:54,Samridhi Khasthagir,91.0
2289,NEELAKSHI CHOUDHARY,confident,26250,31650,31522.0,8:45:25,Nilakshi Chaudhary,97.0
2290,RAHUL KUMAR,confident,26250,31650,29776.0,8:16:19,Rahul Kumar Jha,100.0
2291,MEENAKSHI S MENON,confident,26250,31650,29168.0,8:06:11,Menon,85.0
2292,SAMAKSH JAIN,possible,26255,31655,29358.0,8:09:21,Adash Jain,90.0
2293,JAGTAP ATHARV VIKAS,possible,26255,31655,30768.0,8:32:51,Athar Veda,80.0
2294,SAMAY JAIN,possible,26255,31655,29482.0,8:11:25,Sana Yasmin,84.0
2295,NIKHIL DHANDA,confident,26255,31655,26904.0,7:28:27,Nikil Dhand,96.0
2296,MANISHA SINGH,confident,26261,31661,27553.0,7:39:16,Manisha Singh,100.0
2297,ARYAN SINGH,confident,26261,31661,28195.0,7:49:58,Aryan Singh Omrakash,100.0
2298,AKSHUN MEHROTRA,confident,26261,31661,28101.0,7:48:24,Akshun Mehotra,100.0
2299,VAIDIK MANE,possible,26255,31655,28528.0,7:55:31,Vijay Vinod Man,89.0
2300,SAHIB BASSI,possible,26255,31655,29016.0,8:03:39,Shri Padi Lakshmi Sharanya,79.0
2301,MANISH,possible,26261,31661,28753.0,7:59:16,Manish Kumar Shukla,85.0
2302,DALVI KSHITIJ MAYAJI,confident,26255,31655,29366.0,8:09:29,Shetej Dalvi,92.0
2303,PARTH SINGH RAWAT,confident,26255,31655,30983.0,8:36:26,part singh raat,98.0
2304,AROMAL S K,possible,26250,31650,30054.0,8:20:57,aroma eske Okay,82.0
2305,ROHITH SUNIL,confident,26250,31650,30082.0,8:21:25,Rohit Sunil,100.0
2306,SHREY AGGRAWAL,confident,26261,31661,28114.0,7:48:37,Shre Agrawal,100.0
2307,ADWAITH SHYJU M,possible,26255,31655,28815.0,8:00:18,Aditya Kumar Sahu,87.0
2308,ANSHUL MADAN,confident,26261,31661,26140.0,7:15:43,Anshul Madhan,100.0
2309,RAGHAV SHARMA,possible,26255,31655,28065.0,7:47:48,Arjav Sharma,92.0
2310,SUSHIL SHETTY,possible,26255,31655,29016.0,8:03:39,Shri Padi Lakshmi Sharanya,70.0
2311,VYAS ARJUN GUDLAVALLETI,confident,26261,31661,28125.0,7:48:48,Vas Arjun G,100.0
2312,SWAYAM MISHRA,possible,26255,31655,30260.0,8:24:23,Sopriya Mishra,87.0
2313,KUSHAL HITESHBHAI PATEL,confident,26250,31650,29909.0,8:18:32,Kushell Patel,100.0
2314,RHYTHM JAIN,confident,26255,31655,31259.0,8:41:02,Rhythm Jan,97.0
2315,PUSHKAR SINGH,confident,26255,31655,28502.0,7:55:05,Pushkar Singh,100.0
2316,AKSHAD AGRAWAL,confident,26261,31661,28459.0,7:54:22,Akshad Agraal,100.0
2317,ATHARV VED RAI,confident,26255,31655,30768.0,8:32:51,Athar Veda,95.0
2318,MAKADIA NIDAT CHANDRESHBHAI,confident,26261,31661,26961.0,7:29:24,makaria nid chandesh by,98.0
2319,PRAKHAR MISHRA,possible,26255,31655,31494.0,8:44:57,Shri Prakash Mandhani,87.0
2320,SUMIT MEWADA,confident,26261,31661,27816.0,7:43:39,Sumit me,96.0
2321,SIDDHARTHA SINGH MALAN,confident,26255,31655,27848.0,7:44:11,Siddharth Singh Malan,100.0
2322,SALONI CHAURASIA,possible,26255,31655,30694.0,8:31:37,Saloni Choresya,83.0
2323,KSHITIZ SRIVASTAVA,possible,26255,31655,28702.0,7:58:25,Akshed Srivasta,80.0
2324,AAKANSH YADAV,possible,26255,31655,26855.0,7:27:38,Akan Shadav,81.0
2325,ISHIKA GOYAL,confident,26261,31661,26187.0,7:16:30,Ishika Goyal,100.0
2326,ADITYA RAJ SINGH,confident,26255,31655,29936.0,8:18:59,Aditya Singh,100.0
2327,SONI AMAN SHIVKUMAR,confident,26255,31655,30741.0,8:32:24,Aman Sony,94.0
2328,SOUTRIK DANA,confident,26250,31650,29549.0,8:12:32,Sautri Dhana,95.0
2329,SHAYAN SINGHA,possible,26255,31655,28195.0,7:49:58,Aryan Singh Omrakash,94.0
2330,ASTITVA SHARMA,possible,26255,31655,29492.0,8:11:35,Lakshita Sharma,94.0
2331,MANANSINH K SANDHALIYA,possible,26255,31655,30589.0,8:29:52,man sandal,88.0
2332,AMNA EQBAL,possible,26255,31655,28848.0,8:00:51,Real shankar,75.0
2333,KUMARVAISHNAV,possible,26255,31655,29106.0,8:05:09,Pushi Kumari,76.0
2334,ANCHAL KUMAR,possible,26255,31655,29746.0,8:15:49,Anubha Kumar Singh,96.0
2335,VIJETA SHRIVASTAVA,possible,26255,31655,31584.0,8:46:27,Vijetta Shivas,93.0
2336,SHREYA DAYAL,possible,26255,31655,28115.0,7:48:38,Shre Agraal,87.0
2337,ANUSHKA DAS,confident,26250,31650,30137.0,8:22:20,Anushka Das,100.0
2338,ANSH NAYAN GUPTA,possible,26255,31655,28536.0,7:55:39,Anshnayan Gupta,94.0
2339,AMISH NAIR,confident,26261,31661,27675.0,7:41:18,Amish Nair,100.0
2340,RAJEEV RANJAN PRATAP SINGH,possible,26250,31650,28927.0,8:02:10,Aditya Raj Singh,99.0
2341,ABHISHEK VERMA,possible,26255,31655,26380.0,7:19:43,Adarish Kumar Verma,85.0
2342,SWETHA ANILKUMAR NAIR,possible,26255,31655,28884.0,8:01:27,Shweta Anil Kumar Nayar,89.0
2343,KARMANYA BATRA,possible,26255,31655,29474.0,8:11:17,Karan Khatri,86.0
2344,SNEHA SARKAR,confident,26261,31661,28331.0,7:52:14,Sneha Sarkar,100.0
2345,RACHIT SINGH CHAUHAN,possible,26255,31655,29027.0,8:03:50,Rakshita Krithi Singh,98.0
2346,ANANTH R NAMBISSAN,possible,26255,31655,28270.0,7:51:13,Ana Mishra,84.0
2347,ANSHIKA BHATT,possible,26255,31655,27390.0,7:36:33,Manas Bhatt,89.0
2348,MIDHUN NATH K R,possible,26255,31655,31877.0,8:51:20,Madhu Nath Kya,92.0
2349,RONITH DHANESH,confident,26250,31650,29158.0,8:06:01,Roneth Thanesh,96.0
2350,NAIK HARSH SHANKAR,possible,26255,31655,28597.0,7:56:40,Harsh Dhankar,95.0
2351,ADITYA BHARDWAJ,possible,26255,31655,28322.0,7:52:05,Amita Agarwal,82.0
2352,ASHUTOSH TRIPATHI,possible,26255,31655,28876.0,8:01:19,Tripati,78.0
2353,SHRUTI MAURYA,possible,26255,31655,26276.0,7:17:59,M Karuna Shri,81.0
2354,RAJEEVA LOCHANA M E,confident,26250,31650,29421.0,8:10:24,Rajiva Loa,92.0
2355,RAKSHITA KRITI SINGH,confident,26250,31650,29027.0,8:03:50,Rakshita Krithi Singh,100.0
2356,AKSHIT SRIVASTAVA,confident,26255,31655,28702.0,7:58:25,Akshed Srivasta,96.0
2357,SHAKTHI M,possible,26255,31655,28385.0,7:53:08,Vivek Shahi,80.0
2358,PRABHAT JHA,possible,26255,31655,26324.0,7:18:47,Prabhad Cha,86.0
2359,KUSH NAIK,possible,26255,31655,31338.0,8:42:21,Kush Nayak,91.0
2360,NISHIKA JAIN,confident,26250,31650,29096.0,8:04:59,Nishika Jain,100.0
2361,AGRAHARI ROUNAK MANOJ KUMAR,possible,26261,31661,31085.0,8:38:08,Ronak Agrahari,98.0
2362,HARSH GARG,possible,26250,31650,26801.0,7:26:44,Harsh girl,83.0
2363,POORVA VERMA,possible,26255,31655,26416.0,7:20:19,Ribhuvat Verma,81.0
2364,NANCY SINGH,confident,26250,31650,28958.0,8:02:41,Nancy Singh,100.0
2365,DEVANS DAGA,possible,26255,31655,31006.0,8:36:49,Dear pita da,83.0
2366,ARMAAN AKHTER CHOWDHARY,possible,26255,31655,29450.0,8:10:53,Akshet Varma,89.0
2367,MANAN AGRAWAL,confident,26261,31661,27721.0,7:42:04,Manan Agrawal,100.0
2368,ABHINAV CHAUHAN,confident,26255,31655,26184.0,7:16:27,Abhinav Chauhan,100.0
2369,SAWARI MAYUR JAMGAONKAR,possible,26255,31655,26806.0,7:26:49,Mayuk Mukarki,83.0
2370,NEELLOHIT DASGUPTA,confident,26261,31661,27466.0,7:37:49,Nehloh Das Gupta,90.0
2371,VINAY KUMAR,possible,26255,31655,27876.0,7:44:39,Vikas Kumar,94.0
2372,SANSKAR USRETAY,possible,26255,31655,28331.0,7:52:14,Sneha Sarkar,83.0
2373,PAGAR KSHITIJ PANKAJ,confident,26255,31655,27683.0,7:41:26,Paga Shetej,90.0
2374,ADITYA KUMAR,confident,25264,30664,28815.0,8:00:18,Aditya Kumar Sahu,100.0
2375,CHOPADE ANUP PANDURANG,confident,26118,31518,28621.0,7:57:04,Anipra Pandia,89.0
2376,C VIJAYA KRISHNA,confident,26118,31518,30844.0,8:34:07,S Vijaya Krishna,100.0
2377,PRATYUSH KASHYAP MISHRA,possible,26118,31518,27977.0,7:46:20,Pratush Sharma,88.0
2378,SUJAL PATEL,possible,26118,31518,29908.0,8:18:31,Kushal Patil,82.0
2379,ANJEELA VERMA,confident,24864,30264,29614.0,8:13:37,Anjila Varma,94.0
2380,RITAM GOSWAMI,possible,26118,31518,27225.0,7:33:48,Gowami,77.0
2381,SHAMANTHULA THARUNYASRI,possible,26118,31518,28064.0,7:47:47,Arja Sharma,80.0
2382,RIDDHI BHISIKAR,possible,26118,31518,26465.0,7:21:08,Ridi Bhattia,81.0
2383,SHIVANGI PANDEY,possible,26118,31518,28793.0,7:59:56,Shri Gori Pande,92.0
2384,ADITYA NAYAK,possible,26118,31518,31432.0,8:43:55,Anjila Prashad Nayar,79.0
2385,MANDEEP SINGH CHHABRA,possible,24864,30264,28918.0,8:02:01,Amandep Singh,98.0
2386,YAMINI MASAND,possible,26517,31917,29482.0,8:11:25,Sana Yasmin,87.0
2387,DWEEPAYAN KAR,possible,26118,31518,28470.0,7:54:33,Deepak Kumar,83.0
2388,MITALI RAWAT,confident,26517,31917,26309.0,7:18:32,Mitali Raat,100.0
